text,label
Congratulations on your promotion! Well deserved.,0
Your UPI PIN will expire today. Verify by sending Rs 1 to payment@okaxis,1
You are selected for KBC prize of Rs 500. Call 8877665544 now,1
Sister's wedding urgent expense. Send Rs 1000: verify@paytm,1
Congratulations! Rs 1000 prize money. Processing fee Rs 50: urgent@oksbi,1
The package you ordered was delivered to your doorstep.,0
You have won Rs 25000 in Indian Idol lottery! Call 7766554433 to claim your prize.,1
Your internet bill for this month is Rs 25000.,0
Did you see the new update on the company portal about holidays?,0
"Gold investment scheme. Pay Rs 10000, get 25000 returns: http://tinyurl.com/xyz",1
MLM opportunity! Earn Rs 50000 monthly. Registration Rs 10000: urgent@oksbi,1
"I'll be late for the meeting, stuck in traffic near HSR Layout.",0
Your laptop repair is complete. You can pick it up anytime.,0
Your transaction of Rs 25000 at restaurant was successful.,0
Maa ko emergency hai. Jaldi 10000 bhejo: payment@okaxis,1
The meeting has been rescheduled to 8 PM. Please confirm.,0
"Bhai bike accident, hospital bill Rs 1000. Help: collect@okicici",1
Your transaction of Rs 25000 at grocery store was successful.,0
Your transaction of Rs 10000 at Amazon was successful.,0
Please review the attached document and share feedback.,0
Can you pick up groceries on your way home? Need milk and bread.,0
"Congratulations! You won Rs 50,000 cash in lucky draw. Claim at http://tinyurl.com/xyz",1
Traffic Police: Challan of Rs 25000 pending. Pay now: http://bit.ly/verify,1
Your Google Pay account verification code is 5834.,0
"Papa hospital mein hain, urgent 10000 chahiye. Send to urgent@oksbi",1
Reminder: Doctor's appointment on Friday at 3 PM.,0
PhonePe offer: Get Rs 5000 cashback. Send Re 1 to payment@okaxis to claim,1
Your UPI payment of Rs 10000 to restaurant is successful.,0
Your subscription has been renewed successfully. Thank you!,0
The weather looks good for the picnic on Sunday.,0
Your phone number won Laptop in Google draw. Contact 9123456789,1
"Beta, bahut emergency hai. 50000 bhej do is number pe: 9123456789",1
KBC Lottery winner! Rs 10000 credited. Verify at 9988776655,1
"Your Axis Bank debit card has been used for Rs 50000. If not you, call 7766554433",1
Reminder: Doctor's appointment on next week at 10 AM.,0
"Share market secret tips. Invest Rs 25000, profit guaranteed: 9876543210",1
Don't forget about the presentation tomorrow at 10 AM.,0
Your SBI account will be closed in 24 hours. Update KYC: http://tinyurl.com/xyz,1
Delivery on hold. Pay Rs 2000 re-delivery charges: 8877665544,1
Can you share the meeting notes from yesterday's call?,0
Thanks for attending the webinar. Here's the recording link.,0
MLM opportunity! Earn Rs 50000 monthly. Registration Rs 2000: collect@okicici,1
Reminder: Doctor's appointment on Monday at 6 PM.,0
Paytm mein 25000 rupay credited hain. Claim karo: help@ybl,1
Payment of Rs 2000 received. Thank you for your purchase.,0
RBI Notice: Your PAN card is not linked. Share OTP 8484 to avoid penalty,1
Forex trading signals. Earn Rs 50000 daily. Fee Rs 2000: help@ybl,1
Your ATM card is expired. Update details at http://bit.ly/verify to avoid account freeze,1
Your electricity connection will be cut in 2 hours. Pay pending bill now: http://sbi-verify.com,1
Income Tax Notice: Pay pending Rs 25000 tax immediately. Visit http://v.ht/pay,1
Kotak Alert: Unusual transaction detected. Verify OTP 8999 within 1 hour,1
See you at the gym tomorrow morning at 6 PM.,0
"Gold investment scheme. Pay Rs 5000, get 25000 returns: http://tinyurl.com/xyz",1
The match starts at 10 AM. Are you watching?,0
Urgent hiring for Customer Support at Flipkart. Registration fee Rs 25000. Contact 9988776655,1
Your application has been received. We'll get back to you soon.,0
Income Tax Notice: Pay pending Rs 1000 tax immediately. Visit http://sbi-verify.com,1
Thanks for your help yesterday. Really appreciate it!,0
Your mobile number will be blocked. Clear pending Rs 50000: 8877665544,1
KBC Lottery winner! Rs 1000 credited. Verify at 9123456789,1
Flipkart COD order. Pay Rs 50000 advance for delivery: verify@paytm,1
Your exam results have been published. Check the portal.,0
The team outing is planned for next Friday. Mark your calendar.,0
You have won Rs 500 in Kaun Banega Crorepati lottery! Call 9988776655 to claim your prize.,1
Congratulations! Rs 2000 added to your account. Withdraw at urgent@oksbi,1
Your order has been shipped and will arrive by Tuesday.,0
You are selected for Software Engineer role. Pay Rs 5000 training fee: collect@okicici,1
The event starts at 10 AM. Don't be late!,0
Thanks for attending the webinar. Here's the recording link.,0
Delivery on hold. Pay Rs 50000 re-delivery charges: 9876543210,1
The match starts at 5:30 PM. Are you watching?,0
MLM opportunity! Earn Rs 10000 monthly. Registration Rs 50000: verify@paytm,1
Paytm KYC pending. Send Rs 1 to collect@okicici to activate full wallet,1
Your phone number won iPhone 15 in Wipro draw. Contact 9123456789,1
International courier delivery. Customs fee Rs 25000: 9988776655,1
Did you see the new update on the company portal about holidays?,0
Traffic Police: Challan of Rs 1000 pending. Pay now: http://v.ht/pay,1
Google Pay: Your one-time password is 4648. Do not share.,0
Your exam results have been published. Check the portal.,0
RBI Alert: Your account will be suspended. Share OTP to reactivate: 7819,1
Did you finish watching that series? No spoilers please!,0
Remote job at Infosys. Send Rs 50000 for offer letter: verify@paytm,1
The client liked our proposal. Great work team!,0
Part-time job opportunity! Earn Rs 50000 per week. Send resume to 8877665544,1
Lunch at the usual place? I'll be there by 5:30 PM.,0
"Dear customer, your debit card is blocked. Click http://sbi-verify.com to unlock.",1
Congratulations! Rs 25000 prize money. Processing fee Rs 50: collect@okicici,1
Your friend had an accident. Send Rs 500 for treatment: urgent@oksbi,1
Did you see the new update on the company portal about holidays?,0
The package you ordered was delivered to your doorstep.,0
Please send the project report by Monday morning. Thanks!,0
Your train ticket from Bangalore to Chennai is confirmed.,0
The party is at Rahul's place at 8 PM. See you there!,0
Send 1 rupee to verify your UPI: help@ybl,1
Salary nahi aayi? HR se contact karo 9876543210 pe,1
Part-time job opportunity! Earn Rs 500 per week. Send resume to 9123456789,1
Your exam results have been published. Check the portal.,0
The package you ordered was delivered to your doorstep.,0
The party is at Anjali's place at 7 PM. See you there!,0
Flipkart: Your one-time password is 1683. Do not share.,0
"Dear customer, your credit card limit is reduced. Call 7766554433 to restore",1
Did you finish watching that series? No spoilers please!,0
Account update karo warna band ho jayega: http://sbi-verify.com,1
The team outing is planned for next Friday. Mark your calendar.,0
Please review the attached document and share feedback.,0
"Congratulations! You won Rs 50,000 cash in lucky draw. Claim at http://sbi-verify.com",1
Police Notice: Your Aadhaar is used in illegal activity. Pay Rs 25000 penalty: 9988776655,1
Your cab will arrive in 5 minutes. Driver: Ravi,0
Your laptop repair is complete. You can pick it up anytime.,0
"Hi, I'm the Manager. You are shortlisted for Data Entry Operator. Pay Rs 1000 for docs: payment@okaxis",1
Happy birthday! Hope you have a great year ahead.,0
Your order has been shipped and will arrive by Friday.,0
Your Axis Bank mobile banking is locked. Reset PIN by calling 9988776655,1
Income Tax Notice: Pay pending Rs 10000 tax immediately. Visit http://bit.ly/verify,1
Your flight booking for Pune is confirmed. Check your email.,0
"Dear customer, your credit card limit is reduced. Call 7766554433 to restore",1
The team outing is planned for next Friday. Mark your calendar.,0
Paytm mein 1000 rupay credited hain. Claim karo: payment@okaxis,1
Congratulations! You are hired by Google. Send Rs 1000 for laptop delivery to: payment@okaxis,1
Your gas connection will be terminated. Clear dues Rs 5000: payment@okaxis,1
See you at the gym tomorrow morning at 3 PM.,0
Your Amazon order requires Re-verification. Update payment: http://bit.ly/verify,1
Rs 5000 credited to your account. Balance: Rs 21689.,0
Lunch at the usual place? I'll be there by 10 AM.,0
You have won Rs 25000 in Big Boss lottery! Call 9876543210 to claim your prize.,1
You won Gold Coin in lucky draw. Courier charges Rs 200: http://tinyurl.com/xyz,1
"Dear customer, your credit card limit is reduced. Call 9876543210 to restore",1
Lucky winner! You won Rs 1000. Claim fee Rs 100: urgent@oksbi,1
See you at the gym tomorrow morning at 6 PM.,0
"Dear customer, your credit card limit is reduced. Call 9988776655 to restore",1
Mom: I paid the electricity bill online. Receipt is on your WhatsApp.,0
This is CBI. A case has been filed against your Aadhaar. Pay fine of Rs 10000 or face arrest.,1
"Dear customer, your account has been debited Rs 1000. Call 9876543210 if unauthorized",1
Your UPI payment of Rs 2000 to grocery store is successful.,0
Your subscription has been renewed successfully. Thank you!,0
Congratulations on your promotion! Well deserved.,0
"Bhai bike accident, hospital bill Rs 500. Help: payment@okaxis",1
Can you pick up groceries on your way home? Need milk and bread.,0
International courier delivery. Customs fee Rs 5000: 7766554433,1
The meeting has been rescheduled to 6 PM. Please confirm.,0
You are selected for Indian Idol prize of Rs 2000. Call 7766554433 now,1
4168 is your verification code for Flipkart. Valid for 10 minutes.,0
Can you pick up groceries on your way home? Need milk and bread.,0
Bhai free iPhone jeetne ka mauka. Rs 500 bhejo: collect@okicici,1
Your OTP for Flipkart login is 7254. Do not share this with anyone.,0
Your train ticket from Mumbai to Bangalore is confirmed.,0
Can you pick up groceries on your way home? Need milk and bread.,0
Papa ko heart attack hua. ICU fee Rs 50000 urgent: 9988776655,1
Congratulations! You are hired by Google. Send Rs 500 for laptop delivery to: collect@okicici,1
Real estate investment. Rs 25000 becomes Rs 50000. Book now: 9876543210,1
Your exam results have been published. Check the portal.,0
Can you pick up groceries on your way home? Need milk and bread.,0
International courier delivery. Customs fee Rs 10000: 9123456789,1
Your assignment has been graded. Good work!,0
Your subscription has been renewed successfully. Thank you!,0
Your application has been received. We'll get back to you soon.,0
Your gym membership has been renewed for another year.,0
"Dear customer, your credit card limit is reduced. Call 9988776655 to restore",1
Your UPI payment of Rs 10000 to Amazon is successful.,0
Sister's wedding urgent expense. Send Rs 500: payment@okaxis,1
Sister's wedding urgent expense. Send Rs 1000: verify@paytm,1
Stock market tips! Earn Rs 25000 daily. Join now: 9988776655,1
Use 7314 to complete your transaction on Amazon.,0
Amazon lucky draw jeeta hai. 2000 delivery charges bhejo: verify@paytm,1
Urgent hiring for Software Engineer at Flipkart. Registration fee Rs 1000. Contact 7766554433,1
Real estate investment. Rs 10000 becomes Rs 50000. Book now: 9988776655,1
The weather looks good for the picnic on Sunday.,0
The party is at Amit's place at 5:30 PM. See you there!,0
Please review the attached document and share feedback.,0
Your Kotak mobile banking is locked. Reset PIN by calling 9988776655,1
Receive your OLX payment of Rs 2000. Scan QR and enter UPI PIN: http://bit.ly/verify,1
Please send the project report by Monday morning. Thanks!,0
The weather looks good for the picnic on Sunday.,0
Your cab will arrive in 5 minutes. Driver: Ravi,0
Work from home job! Earn 5000 daily. No experience needed. WhatsApp 9876543210,1
KBC Lottery winner! Rs 10000 credited. Verify at 8877665544,1
"Dear customer, your credit card limit is reduced. Call 7766554433 to restore",1
Lunch at the usual place? I'll be there by 10 AM.,0
Paytm KYC pending. Send Rs 1 to verify@paytm to activate full wallet,1
Your cab will arrive in 5 minutes. Driver: Sneha,0
The client liked our proposal. Great work team!,0
Salary nahi aayi? HR se contact karo 7766554433 pe,1
Your exam results have been published. Check the portal.,0
Aapka Bank of India account block ho gaya hai. Turant call karein 8877665544,1
Your laptop repair is complete. You can pick it up anytime.,0
Rs 1000 credited to your account. Balance: Rs 35289.,0
Congratulations! Rs 500 added to your account. Withdraw at urgent@oksbi,1
Your subscription has been renewed successfully. Thank you!,0
Your Kotak account will be closed in 24 hours. Update KYC: http://bit.ly/verify,1
"Guaranteed returns! Invest Rs 10000, earn Rs 50000. WhatsApp 9123456789",1
Your flight booking for Chennai is confirmed. Check your email.,0
Your gas connection will be terminated. Clear dues Rs 25000: payment@okaxis,1
"Dear customer, your credit card limit is reduced. Call 7766554433 to restore",1
TCS is recruiting. Apply now by paying Rs 25000 document fee: urgent@oksbi,1
Your train ticket from Hyderabad to Delhi is confirmed.,0
"Papa hospital mein hain, urgent 10000 chahiye. Send to help@ybl",1
"Gold investment scheme. Pay Rs 1000, get 25000 returns: http://v.ht/pay",1
You have won Rs 25000 in Big Boss lottery! Call 7766554433 to claim your prize.,1
Maa ko emergency hai. Jaldi 25000 bhejo: collect@okicici,1
Your HDFC mobile banking is locked. Reset PIN by calling 7766554433,1
Your application has been received. We'll get back to you soon.,0
Please send the project report by Monday morning. Thanks!,0
This is ED. A case has been filed against your Aadhaar. Pay fine of Rs 1000 or face arrest.,1
"Hi, I'm the Team Lead. You are shortlisted for Customer Support. Pay Rs 25000 for docs: payment@okaxis",1
The weather looks good for the picnic on Sunday.,0
Police case hai tumhare Aadhaar pe. Fine bharo 10000: 7766554433,1
Don't forget about the presentation tomorrow at 10 AM.,0
Your Amazon order requires Re-verification. Update payment: http://v.ht/pay,1
Let's catch up this weekend. Are you free on Saturday?,0
Send 1 rupee to verify your UPI: urgent@oksbi,1
"Gold investment scheme. Pay Rs 2000, get 100000 returns: http://bit.ly/verify",1
Can you share the meeting notes from yesterday's call?,0
"Hey, are we still meeting for dinner at 5:30 PM tonight?",0
"Hey, are we still meeting for dinner at 8 PM tonight?",0
Reminder: Doctor's appointment on Monday at 3 PM.,0
2694 is your verification code for Google Pay. Valid for 10 minutes.,0
The party is at Ravi's place at 10 AM. See you there!,0
The client liked our proposal. Great work team!,0
Can you share the meeting notes from yesterday's call?,0
Aapka HDFC account block ho gaya hai. Turant call karein 7766554433,1
The match starts at 5:30 PM. Are you watching?,0
Your order has been shipped and will arrive by Monday.,0
Thanks for attending the webinar. Here's the recording link.,0
International courier delivery. Customs fee Rs 1000: 8877665544,1
Your transaction of Rs 500 at petrol pump was successful.,0
Your package is ready. Pay Rs 2000 shipping: http://tinyurl.com/xyz,1
The team outing is planned for next Friday. Mark your calendar.,0
The party is at Ravi's place at 10 AM. See you there!,0
Your gas connection will be terminated. Clear dues Rs 10000: verify@paytm,1
Your Google Pay account verification code is 5047.,0
"Beta, bahut emergency hai. 10000 bhej do is number pe: 7766554433",1
RBI Notice: Your PAN card is not linked. Share OTP 3790 to avoid penalty,1
Your internet bill for this month is Rs 10000.,0
Your OTP for Amazon login is 2986. Do not share this with anyone.,0
"Bhai bike accident, hospital bill Rs 10000. Help: urgent@oksbi",1
Your gym membership has been renewed for another year.,0
Traffic Police: Challan of Rs 50000 pending. Pay now: http://bit.ly/verify,1
RBI Alert: Your account will be suspended. Share OTP to reactivate: 6401,1
"Mom says the food is ready, come home soon from the office.",0
The weather looks good for the picnic on Sunday.,0
Can you share the meeting notes from yesterday's call?,0
TCS is recruiting. Apply now by paying Rs 5000 document fee: help@ybl,1
Amazon is recruiting. Apply now by paying Rs 500 document fee: help@ybl,1
"Dear customer, your account has been debited Rs 2000. Call 9988776655 if unauthorized",1
Traffic Police: Challan of Rs 1000 pending. Pay now: http://v.ht/pay,1
Google Pay reward Rs 5000 credited. Verify UPI at urgent@oksbi,1
Your UPI payment of Rs 500 to grocery store is successful.,0
Security Alert: Someone logged into your Axis Bank account from Pune. Call 9876543210,1
Police Notice: Your Aadhaar is used in illegal activity. Pay Rs 1000 penalty: 9988776655,1
RBI Alert: Your account will be suspended. Share OTP to reactivate: 7026,1
Your internet bill for this month is Rs 25000.,0
Your Axis Bank account is blocked. Call 9988776655 to verify your KYC immediately.,1
Congratulations on your promotion! Well deserved.,0
Lunch at the usual place? I'll be there by 5:30 PM.,0
Work from home job! Earn 2000 daily. No experience needed. WhatsApp 8877665544,1
Reminder: Doctor's appointment on next week at 5:30 PM.,0
"Mummy phone chori ho gaya hai, naye number pe 500 bhej do: verify@paytm",1
Did you see the new update on the company portal about holidays?,0
You are selected for Data Entry Operator role. Pay Rs 10000 training fee: urgent@oksbi,1
Police Alert: Arrest warrant issued. Pay Rs 10000 fine to cancel: http://sbi-verify.com,1
Genuine work from home. Earn 1000 monthly. Registration: 8877665544,1
Your cab will arrive in 5 minutes. Driver: Priya,0
Your gym membership has been renewed for another year.,0
Bhai free iPhone jeetne ka mauka. Rs 25000 bhejo: urgent@oksbi,1
"Papa hospital mein hain, urgent 1000 chahiye. Send to payment@okaxis",1
Use 2498 to complete your transaction on Google Pay.,0
Don't forget about the presentation tomorrow at 7 PM.,0
You have unclaimed refund of Rs 2000. Collect at help@ybl,1
Your UPI PIN will expire today. Verify by sending Rs 1 to collect@okicici,1
Freshers wanted for HR Executive. One-time fee Rs 1000. Apply: payment@okaxis,1
Lucky winner! You won Rs 500. Claim fee Rs 10: payment@okaxis,1
Congratulations on your promotion! Well deserved.,0
Did you finish watching that series? No spoilers please!,0
Your application has been received. We'll get back to you soon.,0
Your account will be deactivated. Click http://sbi-verify.com to submit KYC documents now,1
Congratulations on your promotion! Well deserved.,0
Your flight booking for Hyderabad is confirmed. Check your email.,0
RBI Alert: Your account will be suspended. Share OTP to reactivate: 9435,1
Your Amazon account verification code is 7482.,0
Happy anniversary! Wishing you many more years of happiness.,0
Your Paytm account verification code is 9757.,0
Paytm KYC pending. Send Rs 1 to payment@okaxis to activate full wallet,1
Can you share the meeting notes from yesterday's call?,0
Don't forget about the presentation tomorrow at 3 PM.,0
Reminder: Doctor's appointment on next week at 8 PM.,0
"I'll be late for the meeting, stuck in traffic near HSR Layout.",0
Lucky winner! You won Rs 25000. Claim fee Rs 500: payment@okaxis,1
"Papa hospital mein hain, urgent 500 chahiye. Send to help@ybl",1
Paytm KYC pending. Send Rs 1 to help@ybl to activate full wallet,1
Cyber Crime Alert: Arrest warrant issued. Pay Rs 25000 fine to cancel: http://tinyurl.com/xyz,1
4082 is your verification code for Paytm. Valid for 10 minutes.,0
Your transaction of Rs 50000 at restaurant was successful.,0
Payment of Rs 25000 received. Thank you for your purchase.,0
Genuine work from home. Earn 2000 monthly. Registration: 7766554433,1
Your subscription has been renewed successfully. Thank you!,0
5223 is your verification code for Bank. Valid for 10 minutes.,0
Your UPI payment of Rs 1000 to pharmacy is successful.,0
Your laptop repair is complete. You can pick it up anytime.,0
Your account will be deactivated. Click http://sbi-verify.com to submit KYC documents now,1
Your subscription has been renewed successfully. Thank you!,0
Thanks for attending the webinar. Here's the recording link.,0
"Hi, I'm the Manager. You are shortlisted for Data Entry Operator. Pay Rs 1000 for docs: urgent@oksbi",1
Reminder: Doctor's appointment on Monday at 5:30 PM.,0
Stock market tips! Earn Rs 10000 daily. Join now: 7766554433,1
Congratulations! You are hired by HCL. Send Rs 10000 for laptop delivery to: collect@okicici,1
Let's catch up this weekend. Are you free on Saturday?,0
"I'll be late for the meeting, stuck in traffic near Indiranagar.",0
Amazon: Your one-time password is 8926. Do not share.,0
PhonePe offer: Get Rs 10000 cashback. Send Re 1 to verify@paytm to claim,1
The weather looks good for the picnic on Sunday.,0
Dinner was amazing! Thanks for the recommendation.,0
Your Google Pay account verification code is 1717.,0
Mom: I paid the electricity bill online. Receipt is on your WhatsApp.,0
"Hey, are we still meeting for dinner at 7 PM tonight?",0
Your mobile number will be blocked. Clear pending Rs 50000: 9876543210,1
The event starts at 8 PM. Don't be late!,0
Freshers wanted for HR Executive. One-time fee Rs 50000. Apply: urgent@oksbi,1
Your order has been shipped and will arrive by Monday.,0
6726 is your verification code for Flipkart. Valid for 10 minutes.,0
Reminder: Doctor's appointment on Friday at 3 PM.,0
Your laptop repair is complete. You can pick it up anytime.,0
Receive your OLX payment of Rs 1000. Scan QR and enter UPI PIN: http://bit.ly/verify,1
"Mom says the food is ready, come home soon from the office.",0
The party is at Sneha's place at 6 PM. See you there!,0
The event starts at 6 PM. Don't be late!,0
Happy anniversary! Wishing you many more years of happiness.,0
Bitcoin trading opportunity. Rs 1000 investment = Rs 10000 profit. Join: http://tinyurl.com/xyz,1
Your internet bill for this month is Rs 2000.,0
Can you share the meeting notes from yesterday's call?,0
Your account will be deactivated. Click http://bit.ly/verify to submit KYC documents now,1
Account verification pending. Submit Aadhaar OTP 6083 to activate services,1
This is Income Tax. A case has been filed against your Aadhaar. Pay fine of Rs 25000 or face arrest.,1
Congratulations! Rs 500 prize money. Processing fee Rs 200: payment@okaxis,1
"Mummy phone chori ho gaya hai, naye number pe 500 bhej do: urgent@oksbi",1
Can you share the meeting notes from yesterday's call?,0
Paytm mein 2000 rupay credited hain. Claim karo: collect@okicici,1
Your friend had an accident. Send Rs 5000 for treatment: payment@okaxis,1
Your gym membership has been renewed for another year.,0
The party is at Ravi's place at 7 PM. See you there!,0
You have unclaimed refund of Rs 2000. Collect at payment@okaxis,1
Did you see the new update on the company portal about holidays?,0
Thanks for attending the webinar. Here's the recording link.,0
Stock market tips! Earn Rs 25000 daily. Join now: 9876543210,1
Mom: I paid the electricity bill online. Receipt is on your WhatsApp.,0
Thanks for attending the webinar. Here's the recording link.,0
Police Notice: Your Aadhaar is used in illegal activity. Pay Rs 1000 penalty: 8877665544,1
Flipkart delivery failed. Confirm address and pay Rs 5000: http://sbi-verify.com,1
Please send the project report by Monday morning. Thanks!,0
The party is at Ravi's place at 6 PM. See you there!,0
Lunch at the usual place? I'll be there by 6 PM.,0
Payment of Rs 2000 received. Thank you for your purchase.,0
"Share market secret tips. Invest Rs 2000, profit guaranteed: 9876543210",1
Receive your OLX payment of Rs 10000. Scan QR and enter UPI PIN: http://tinyurl.com/xyz,1
Flipkart delivery failed. Confirm address and pay Rs 10000: http://tinyurl.com/xyz,1
3392 is your verification code for Google Pay. Valid for 10 minutes.,0
Amazon lucky draw jeeta hai. 50000 delivery charges bhejo: payment@okaxis,1
Use 3101 to complete your transaction on Bank.,0
Remote job at TCS. Send Rs 50000 for offer letter: urgent@oksbi,1
Can you share the meeting notes from yesterday's call?,0
Parcel from Germany held at customs. Clear Rs 25000 duty: 9876543210,1
Congratulations! You are hired by Flipkart. Send Rs 500 for laptop delivery to: help@ybl,1
Your exam results have been published. Check the portal.,0
"Hi, I'm the Manager. You are shortlisted for Software Engineer. Pay Rs 500 for docs: help@ybl",1
Rs 5000 debited from your account for Flipkart subscription.,0
Lunch at the usual place? I'll be there by 5:30 PM.,0
Your flight booking for Mumbai is confirmed. Check your email.,0
Happy birthday! Hope you have a great year ahead.,0
Congratulations on your promotion! Well deserved.,0
You are selected for Indian Idol prize of Rs 500. Call 9123456789 now,1
Your Kotak mobile banking is locked. Reset PIN by calling 9123456789,1
International courier delivery. Customs fee Rs 5000: 9876543210,1
"I'll be late for the meeting, stuck in traffic near HSR Layout.",0
Your friend had an accident. Send Rs 2000 for treatment: payment@okaxis,1
Bhai free iPhone jeetne ka mauka. Rs 50000 bhejo: payment@okaxis,1
Your ATM card is expired. Update details at http://tinyurl.com/xyz to avoid account freeze,1
See you at the gym tomorrow morning at 3 PM.,0
The event starts at 7 PM. Don't be late!,0
Court summons issued. Settle case by paying Rs 1000: http://sbi-verify.com,1
"Dear customer, your credit card limit is reduced. Call 8877665544 to restore",1
Your package is ready. Pay Rs 500 shipping: http://tinyurl.com/xyz,1
The event starts at 3 PM. Don't be late!,0
Congratulations on your promotion! Well deserved.,0
Tumhara UPI verify karna hai. Rs 1 bhejo help@ybl pe,1
Traffic Police: Challan of Rs 1000 pending. Pay now: http://v.ht/pay,1
Congratulations! Rs 5000 prize money. Processing fee Rs 10: collect@okicici,1
Your UPI payment of Rs 50000 to pharmacy is successful.,0
Your cab will arrive in 5 minutes. Driver: Ravi,0
COD order confirmation needed. Advance Rs 2000: collect@okicici,1
Your HDFC account will be closed in 24 hours. Update KYC: http://bit.ly/verify,1
"Dear customer, your credit card limit is reduced. Call 9123456789 to restore",1
Dinner was amazing! Thanks for the recommendation.,0
"I'll be late for the meeting, stuck in traffic near HSR Layout.",0
Genuine work from home. Earn 2000 monthly. Registration: 9876543210,1
"Your SBI debit card has been used for Rs 25000. If not you, call 9988776655",1
Your laptop repair is complete. You can pick it up anytime.,0
Happy birthday! Hope you have a great year ahead.,0
Please review the attached document and share feedback.,0
"You won Rs 50,000 cash in lucky draw. Courier charges Rs 10: http://bit.ly/verify",1
Congratulations! Rs 500 prize money. Processing fee Rs 50: collect@okicici,1
Your ICICI account will be closed in 24 hours. Update KYC: http://sbi-verify.com,1
Police Notice: Your Aadhaar is used in illegal activity. Pay Rs 25000 penalty: 9876543210,1
Payment of Rs 10000 received. Thank you for your purchase.,0
Please send the project report by Monday morning. Thanks!,0
Dinner was amazing! Thanks for the recommendation.,0
"Bhai urgent accident ho gaya hai, help chahiye. Is UPI pe bhej do: help@ybl",1
"OTP share karo jaldi, account band ho jayega: 4419",1
Your Amazon order requires Re-verification. Update payment: http://sbi-verify.com,1
The client liked our proposal. Great work team!,0
Your Amazon order requires Re-verification. Update payment: http://bit.ly/verify,1
You won cashback of Rs 5000! Claim now by sending Rs 10 to urgent@oksbi,1
Your cab will arrive in 5 minutes. Driver: Sneha,0
Your electricity connection will be cut in 2 hours. Pay pending bill now: http://sbi-verify.com,1
Account verification pending. Submit Aadhaar OTP 9996 to activate services,1
Can you pick up groceries on your way home? Need milk and bread.,0
Happy birthday! Hope you have a great year ahead.,0
Your gym membership has been renewed for another year.,0
Freshers wanted for Customer Support. One-time fee Rs 2000. Apply: urgent@oksbi,1
Your gas connection will be terminated. Clear dues Rs 25000: verify@paytm,1
Please send the project report by Monday morning. Thanks!,0
Did you finish watching that series? No spoilers please!,0
The match starts at 8 PM. Are you watching?,0
MLM opportunity! Earn Rs 50000 monthly. Registration Rs 1000: payment@okaxis,1
"Your phone number won Rs 50,000 cash in TCS draw. Contact 8877665544",1
Your Amazon account verification code is 9246.,0
Congratulations on your promotion! Well deserved.,0
"I'll be late for the meeting, stuck in traffic near MG Road.",0
Congratulations on your promotion! Well deserved.,0
Parcel from USA held at customs. Clear Rs 10000 duty: 9988776655,1
Your exam results have been published. Check the portal.,0
Mom: I paid the electricity bill online. Receipt is on your WhatsApp.,0
Your friend had an accident. Send Rs 25000 for treatment: verify@paytm,1
Salary nahi aayi? HR se contact karo 8877665544 pe,1
Your bag delivery is pending. Pay Rs 10000 customs fee: http://v.ht/pay,1
URGENT: Your account shows suspicious activity. Verify at http://bit.ly/verify or call 7766554433,1
Your OTP for Flipkart login is 9400. Do not share this with anyone.,0
"Government scheme: Invest Rs 25000, get Rs 100000 return. Apply: payment@okaxis",1
Your subscription has been renewed successfully. Thank you!,0
Papa ko heart attack hua. ICU fee Rs 1000 urgent: 9988776655,1
Cyber Crime Notice: Your number is linked to fraud. Pay Rs 5000: 9123456789,1
Reminder: Doctor's appointment on Monday at 3 PM.,0
Dinner was amazing! Thanks for the recommendation.,0
See you at the gym tomorrow morning at 10 AM.,0
Please send the project report by Monday morning. Thanks!,0
"Government scheme: Invest Rs 1000, get Rs 100000 return. Apply: help@ybl",1
Google Pay reward Rs 1000 credited. Verify UPI at urgent@oksbi,1
Please review the attached document and share feedback.,0
Your OTP for Google Pay login is 9064. Do not share this with anyone.,0
Your cab will arrive in 5 minutes. Driver: Rahul,0
Speed Post parcel pending. Pay Rs 500 charges: payment@okaxis,1
"Gold investment scheme. Pay Rs 25000, get 10000 returns: http://tinyurl.com/xyz",1
MLM opportunity! Earn Rs 50000 monthly. Registration Rs 10000: payment@okaxis,1
Rs 1000 credited to your account. Balance: Rs 22933.,0
You are selected for HR Executive role. Pay Rs 2000 training fee: payment@okaxis,1
Can you share the meeting notes from yesterday's call?,0
You are selected for Data Entry Operator role. Pay Rs 1000 training fee: urgent@oksbi,1
URGENT: Your account shows suspicious activity. Verify at http://bit.ly/verify or call 9123456789,1
Your Amazon order requires Re-verification. Update payment: http://bit.ly/verify,1
Your exam results have been published. Check the portal.,0
Your mobile number will be blocked. Clear pending Rs 1000: 9123456789,1
"Share market secret tips. Invest Rs 500, profit guaranteed: 9123456789",1
"Hey, are we still meeting for dinner at 7 PM tonight?",0
Your application has been received. We'll get back to you soon.,0
Flipkart delivery failed. Confirm address and pay Rs 500: http://bit.ly/verify,1
Your laptop repair is complete. You can pick it up anytime.,0
1344 is your verification code for Flipkart. Valid for 10 minutes.,0
Your exam results have been published. Check the portal.,0
Congratulations on your promotion! Well deserved.,0
"Bhai bike accident, hospital bill Rs 1000. Help: urgent@oksbi",1
"Bhai bike accident, hospital bill Rs 10000. Help: verify@paytm",1
Maa ko emergency hai. Jaldi 2000 bhejo: help@ybl,1
"Papa hospital mein hain, urgent 500 chahiye. Send to collect@okicici",1
Parcel from Germany held at customs. Clear Rs 50000 duty: 9123456789,1
Did you see the new update on the company portal about holidays?,0
Let's catch up this weekend. Are you free on Saturday?,0
Your Amazon order requires Re-verification. Update payment: http://bit.ly/verify,1
Your gym membership has been renewed for another year.,0
Don't forget about the presentation tomorrow at 3 PM.,0
Your internet bill for this month is Rs 50000.,0
Account verification pending. Submit Aadhaar OTP 8644 to activate services,1
Did you see the new update on the company portal about holidays?,0
Your friend had an accident. Send Rs 10000 for treatment: collect@okicici,1
Bhai free iPhone jeetne ka mauka. Rs 50000 bhejo: verify@paytm,1
Beta kidnapped. Don't call police. Send Rs 25000 to payment@okaxis,1
Bitcoin trading opportunity. Rs 2000 investment = Rs 100000 profit. Join: http://sbi-verify.com,1
Paytm KYC pending. Send Rs 1 to payment@okaxis to activate full wallet,1
"Hey, are we still meeting for dinner at 5:30 PM tonight?",0
Your Amazon account verification code is 8307.,0
Receive your OLX payment of Rs 2000. Scan QR and enter UPI PIN: http://bit.ly/verify,1
Send 1 rupee to verify your UPI: help@ybl,1
This is Cyber Crime. A case has been filed against your Aadhaar. Pay fine of Rs 10000 or face arrest.,1
Your electricity connection will be cut in 2 hours. Pay pending bill now: http://bit.ly/verify,1
Did you finish watching that series? No spoilers please!,0
Your transaction of Rs 10000 at grocery store was successful.,0
See you at the gym tomorrow morning at 8 PM.,0
CBI Alert: Arrest warrant issued. Pay Rs 1000 fine to cancel: http://sbi-verify.com,1
Please review the attached document and share feedback.,0
Your application has been received. We'll get back to you soon.,0
Your Amazon order requires Re-verification. Update payment: http://bit.ly/verify,1
Cyber Crime Notice: Your number is linked to fraud. Pay Rs 5000: 9123456789,1
Your subscription has been renewed successfully. Thank you!,0
Reminder: Doctor's appointment on Monday at 8 PM.,0
Your Amazon account verification code is 9375.,0
Your subscription has been renewed successfully. Thank you!,0
Your cab will arrive in 5 minutes. Driver: Priya,0
Bhai free iPhone jeetne ka mauka. Rs 500 bhejo: collect@okicici,1
"Government scheme: Invest Rs 2000, get Rs 50000 return. Apply: collect@okicici",1
Did you see the new update on the company portal about holidays?,0
See you at the gym tomorrow morning at 8 PM.,0
Work from home job! Earn 1000 daily. No experience needed. WhatsApp 9876543210,1
This is CBI. A case has been filed against your Aadhaar. Pay fine of Rs 500 or face arrest.,1
"Dear customer, your debit card is blocked. Click http://v.ht/pay to unlock.",1
RBI Alert: Your account will be suspended. Share OTP to reactivate: 8006,1
Did you see the new update on the company portal about holidays?,0
The package you ordered was delivered to your doorstep.,0
Rs 5000 credited to your account. Balance: Rs 28995.,0
Security Alert: Someone logged into your Kotak account from Delhi. Call 9123456789,1
Your OTP for Flipkart login is 3760. Do not share this with anyone.,0
"I'll be late for the meeting, stuck in traffic near MG Road.",0
Google Pay reward Rs 10000 credited. Verify UPI at collect@okicici,1
"I'll be late for the meeting, stuck in traffic near HSR Layout.",0
Lunch at the usual place? I'll be there by 3 PM.,0
See you at the gym tomorrow morning at 7 PM.,0
"Guaranteed returns! Invest Rs 50000, earn Rs 25000. WhatsApp 9123456789",1
Flipkart delivery failed. Confirm address and pay Rs 25000: http://v.ht/pay,1
Income Tax Notice: Pay pending Rs 500 tax immediately. Visit http://sbi-verify.com,1
Account update karo warna band ho jayega: http://sbi-verify.com,1
Your gas connection will be terminated. Clear dues Rs 25000: payment@okaxis,1
Amazon: Your one-time password is 3551. Do not share.,0
Congratulations! You won Laptop in lucky draw. Claim at http://bit.ly/verify,1
Urgent hiring for Software Engineer at Wipro. Registration fee Rs 50000. Contact 8877665544,1
Security Alert: Someone logged into your PNB account from Mumbai. Call 9123456789,1
The match starts at 3 PM. Are you watching?,0
"Papa hospital mein hain, urgent 5000 chahiye. Send to help@ybl",1
"I'll be late for the meeting, stuck in traffic near Koramangala.",0
"Bhai bike accident, hospital bill Rs 50000. Help: help@ybl",1
1996 is your verification code for Google Pay. Valid for 10 minutes.,0
Payment of Rs 2000 received. Thank you for your purchase.,0
Bhai free iPhone jeetne ka mauka. Rs 2000 bhejo: collect@okicici,1
Your Paytm wallet is locked. Unlock by paying Rs 10 to urgent@oksbi,1
Did you see the new update on the company portal about holidays?,0
The weather looks good for the picnic on Sunday.,0
Paytm mein 500 rupay credited hain. Claim karo: help@ybl,1
The party is at Sneha's place at 5:30 PM. See you there!,0
Mom: I paid the electricity bill online. Receipt is on your WhatsApp.,0
Happy birthday! Hope you have a great year ahead.,0
The meeting has been rescheduled to 10 AM. Please confirm.,0
Speed Post parcel pending. Pay Rs 1000 charges: help@ybl,1
Your exam results have been published. Check the portal.,0
Your subscription has been renewed successfully. Thank you!,0
Stock market tips! Earn Rs 50000 daily. Join now: 9988776655,1
You won cashback of Rs 5000! Claim now by sending Rs 10 to verify@paytm,1
Your Flipkart account verification code is 9203.,0
Parcel from USA held at customs. Clear Rs 1000 duty: 7766554433,1
"Papa hospital mein hain, urgent 50000 chahiye. Send to collect@okicici",1
The team outing is planned for next Friday. Mark your calendar.,0
"Mom says the food is ready, come home soon from the office.",0
The meeting has been rescheduled to 5:30 PM. Please confirm.,0
Payment of Rs 500 received. Thank you for your purchase.,0
Happy anniversary! Wishing you many more years of happiness.,0
Account update karo warna band ho jayega: http://sbi-verify.com,1
Your exam results have been published. Check the portal.,0
"Hey, are we still meeting for dinner at 5:30 PM tonight?",0
Your UPI PIN will expire today. Verify by sending Rs 1 to verify@paytm,1
See you at the gym tomorrow morning at 3 PM.,0
Congratulations on your promotion! Well deserved.,0
Speed Post parcel pending. Pay Rs 5000 charges: collect@okicici,1
Income Tax Alert: Arrest warrant issued. Pay Rs 2000 fine to cancel: http://v.ht/pay,1
Lunch at the usual place? I'll be there by 10 AM.,0
Aapka Kotak account block ho gaya hai. Turant call karein 9988776655,1
Congratulations! Rs 5000 prize money. Processing fee Rs 100: urgent@oksbi,1
Maa ko emergency hai. Jaldi 2000 bhejo: payment@okaxis,1
Payment of Rs 2000 received. Thank you for your purchase.,0
Your exam results have been published. Check the portal.,0
Tumhara UPI verify karna hai. Rs 1 bhejo collect@okicici pe,1
Your laptop repair is complete. You can pick it up anytime.,0
Mom: I paid the electricity bill online. Receipt is on your WhatsApp.,0
Your internet bill for this month is Rs 2000.,0
Congratulations on your promotion! Well deserved.,0
Congratulations on your promotion! Well deserved.,0
Mom: I paid the electricity bill online. Receipt is on your WhatsApp.,0
Your exam results have been published. Check the portal.,0
International courier delivery. Customs fee Rs 1000: 9123456789,1
3030 is your verification code for Flipkart. Valid for 10 minutes.,0
International courier delivery. Customs fee Rs 500: 9876543210,1
Send 1 rupee to verify your UPI: help@ybl,1
You are selected for KBC prize of Rs 25000. Call 9123456789 now,1
Your exam results have been published. Check the portal.,0
Congratulations on your promotion! Well deserved.,0
Your PNB mobile banking is locked. Reset PIN by calling 7766554433,1
Your Bank of India account will be closed in 24 hours. Update KYC: http://bit.ly/verify,1
Amazon COD order. Pay Rs 1000 advance for delivery: help@ybl,1
See you at the gym tomorrow morning at 6 PM.,0
Congratulations on your promotion! Well deserved.,0
Your UPI payment of Rs 5000 to petrol pump is successful.,0
Lucky winner! You won Rs 500. Claim fee Rs 100: verify@paytm,1
Rs 10000 debited from your account for Amazon subscription.,0
Dinner was amazing! Thanks for the recommendation.,0
International courier delivery. Customs fee Rs 25000: 8877665544,1
Receive your OLX payment of Rs 50000. Scan QR and enter UPI PIN: http://bit.ly/verify,1
You won cashback of Rs 50000! Claim now by sending Rs 10 to verify@paytm,1
"Your Bank of India debit card has been used for Rs 2000. If not you, call 9988776655",1
Dinner was amazing! Thanks for the recommendation.,0
Payment of Rs 2000 received. Thank you for your purchase.,0
Google Pay reward Rs 1000 credited. Verify UPI at collect@okicici,1
Infosys bumper offer! You won Laptop. Pay Rs 50 for delivery: payment@okaxis,1
Maa ko emergency hai. Jaldi 25000 bhejo: verify@paytm,1
Traffic Police: Challan of Rs 50000 pending. Pay now: http://bit.ly/verify,1
Can you share the meeting notes from yesterday's call?,0
Your exam results have been published. Check the portal.,0
Payment of Rs 2000 received. Thank you for your purchase.,0
Your cab will arrive in 5 minutes. Driver: Amit,0
"Dear customer, your credit card limit is reduced. Call 8877665544 to restore",1
Your account will be deactivated. Click http://bit.ly/verify to submit KYC documents now,1
"Your Axis Bank debit card has been used for Rs 1000. If not you, call 9123456789",1
Freshers wanted for Software Engineer. One-time fee Rs 1000. Apply: urgent@oksbi,1
Your UPI payment of Rs 2000 to petrol pump is successful.,0
Receive your OLX payment of Rs 2000. Scan QR and enter UPI PIN: http://bit.ly/verify,1
You have unclaimed refund of Rs 5000. Collect at collect@okicici,1
Your UPI payment of Rs 1000 to restaurant is successful.,0
You won Samsung TV in lucky draw. Courier charges Rs 500: http://v.ht/pay,1
Your HDFC account is blocked. Call 9876543210 to verify your KYC immediately.,1
Congratulations! Rs 500 added to your account. Withdraw at collect@okicici,1
Happy birthday! Hope you have a great year ahead.,0
"Gold investment scheme. Pay Rs 5000, get 100000 returns: http://tinyurl.com/xyz",1
"Beta, bahut emergency hai. 500 bhej do is number pe: 8877665544",1
Thanks for attending the webinar. Here's the recording link.,0
Work from home job! Earn 50000 daily. No experience needed. WhatsApp 7766554433,1
Tumhara UPI verify karna hai. Rs 1 bhejo collect@okicici pe,1
"Guaranteed returns! Invest Rs 25000, earn Rs 50000. WhatsApp 7766554433",1
"I'll be late for the meeting, stuck in traffic near HSR Layout.",0
Congratulations! Rs 50000 added to your account. Withdraw at collect@okicici,1
Your Kotak account is blocked. Call 9876543210 to verify your KYC immediately.,1
Your laptop repair is complete. You can pick it up anytime.,0
"Mummy phone chori ho gaya hai, naye number pe 10000 bhej do: urgent@oksbi",1
Payment of Rs 25000 received. Thank you for your purchase.,0
Rs 5000 credited to your account. Balance: Rs 37263.,0
Your friend had an accident. Send Rs 50000 for treatment: help@ybl,1
Did you finish watching that series? No spoilers please!,0
Please send the project report by Monday morning. Thanks!,0
Amazon lucky draw jeeta hai. 10000 delivery charges bhejo: collect@okicici,1
"Guaranteed returns! Invest Rs 500, earn Rs 10000. WhatsApp 9876543210",1
Please send the project report by Monday morning. Thanks!,0
Reminder: Doctor's appointment on tomorrow at 6 PM.,0
Your gas connection will be terminated. Clear dues Rs 10000: verify@paytm,1
Real estate investment. Rs 25000 becomes Rs 50000. Book now: 8877665544,1
The team outing is planned for next Friday. Mark your calendar.,0
Your application has been received. We'll get back to you soon.,0
RBI Alert: Your account will be suspended. Share OTP to reactivate: 1500,1
Genuine work from home. Earn 500 monthly. Registration: 9876543210,1
"Bhai urgent accident ho gaya hai, help chahiye. Is UPI pe bhej do: payment@okaxis",1
Remote job at Infosys. Send Rs 500 for offer letter: help@ybl,1
Thanks for your help yesterday. Really appreciate it!,0
Congratulations! Rs 2000 added to your account. Withdraw at payment@okaxis,1
COD order confirmation needed. Advance Rs 25000: verify@paytm,1
Your application has been received. We'll get back to you soon.,0
Your flight booking for Chennai is confirmed. Check your email.,0
Flipkart delivery failed. Confirm address and pay Rs 5000: http://v.ht/pay,1
Please review the attached document and share feedback.,0
Did you finish watching that series? No spoilers please!,0
"Dear customer, your account has been debited Rs 10000. Call 7766554433 if unauthorized",1
"Infosys bumper offer! You won Rs 50,000 cash. Pay Rs 50 for delivery: verify@paytm",1
Your internet bill for this month is Rs 25000.,0
Son in police custody. Send Rs 1000 immediately to help@ybl,1
Security Alert: Someone logged into your Axis Bank account from Chennai. Call 9123456789,1
The meeting has been rescheduled to 7 PM. Please confirm.,0
Urgent hiring for Software Engineer at Flipkart. Registration fee Rs 500. Contact 9988776655,1
Lunch at the usual place? I'll be there by 6 PM.,0
Your Axis Bank account is blocked. Call 7766554433 to verify your KYC immediately.,1
"Dear customer, your ATM card is blocked. Click http://tinyurl.com/xyz to unlock.",1
See you at the gym tomorrow morning at 3 PM.,0
Your UPI payment of Rs 2000 to restaurant is successful.,0
Happy anniversary! Wishing you many more years of happiness.,0
"Mom says the food is ready, come home soon from the office.",0
Please send the project report by Monday morning. Thanks!,0
The team outing is planned for next Friday. Mark your calendar.,0
Please send the project report by Monday morning. Thanks!,0
Your Paytm wallet is locked. Unlock by paying Rs 10 to urgent@oksbi,1
Security Alert: Someone logged into your Bank of India account from Pune. Call 9988776655,1
Your ATM card is expired. Update details at http://v.ht/pay to avoid account freeze,1
Police case hai tumhare Aadhaar pe. Fine bharo 5000: 9876543210,1
Your Paytm wallet is locked. Unlock by paying Rs 10 to collect@okicici,1
Congratulations! Rs 5000 added to your account. Withdraw at urgent@oksbi,1
Mom: I paid the electricity bill online. Receipt is on your WhatsApp.,0
"I'll be late for the meeting, stuck in traffic near MG Road.",0
Congratulations! Rs 500 prize money. Processing fee Rs 500: help@ybl,1
Let's catch up this weekend. Are you free on Saturday?,0
Your order has been shipped and will arrive by tomorrow.,0
Your UPI PIN will expire today. Verify by sending Rs 1 to help@ybl,1
Rs 25000 credited to your account. Balance: Rs 11928.,0
You have won Rs 2000 in Big Boss lottery! Call 7766554433 to claim your prize.,1
Lunch at the usual place? I'll be there by 7 PM.,0
Forex trading signals. Earn Rs 10000 daily. Fee Rs 500: urgent@oksbi,1
Cyber Crime Alert: Arrest warrant issued. Pay Rs 2000 fine to cancel: http://bit.ly/verify,1
The match starts at 5:30 PM. Are you watching?,0
"I'll be late for the meeting, stuck in traffic near HSR Layout.",0
Your electricity connection will be cut in 2 hours. Pay pending bill now: http://v.ht/pay,1
Thanks for your help yesterday. Really appreciate it!,0
Invest Rs 25000 in cryptocurrency. Double returns in 7 days. Register: http://tinyurl.com/xyz,1
Your laptop repair is complete. You can pick it up anytime.,0
Salary nahi aayi? HR se contact karo 9988776655 pe,1
Dinner was amazing! Thanks for the recommendation.,0
The match starts at 3 PM. Are you watching?,0
Rs 50000 debited from your account for Bank subscription.,0
Your assignment has been graded. Good work!,0
Your friend had an accident. Send Rs 10000 for treatment: collect@okicici,1
Your laptop repair is complete. You can pick it up anytime.,0
Can you share the meeting notes from yesterday's call?,0
Please send the project report by Monday morning. Thanks!,0
Urgent hiring for Customer Support at TCS. Registration fee Rs 5000. Contact 8877665544,1
Your UPI payment of Rs 25000 to petrol pump is successful.,0
Thanks for your help yesterday. Really appreciate it!,0
Parcel from UK held at customs. Clear Rs 10000 duty: 7766554433,1
Your gym membership has been renewed for another year.,0
Tumhara UPI verify karna hai. Rs 1 bhejo payment@okaxis pe,1
Congratulations on your promotion! Well deserved.,0
Your gym membership has been renewed for another year.,0
"Dear customer, your account has been debited Rs 50000. Call 9123456789 if unauthorized",1
Rs 50000 debited from your account for Google Pay subscription.,0
The package you ordered was delivered to your doorstep.,0
The package you ordered was delivered to your doorstep.,0
Your cab will arrive in 5 minutes. Driver: Priya,0
Mom: I paid the electricity bill online. Receipt is on your WhatsApp.,0
Your assignment has been graded. Good work!,0
Income Tax Notice: Pay pending Rs 25000 tax immediately. Visit http://sbi-verify.com,1
Your OTP for Bank login is 9941. Do not share this with anyone.,0
Paytm mein 5000 rupay credited hain. Claim karo: payment@okaxis,1
Happy anniversary! Wishing you many more years of happiness.,0
"Guaranteed returns! Invest Rs 500, earn Rs 10000. WhatsApp 7766554433",1
Parcel from USA held at customs. Clear Rs 25000 duty: 9988776655,1
"You won Rs 50,000 cash in lucky draw. Courier charges Rs 50: http://bit.ly/verify",1
Reminder: Doctor's appointment on Friday at 8 PM.,0
Happy birthday! Hope you have a great year ahead.,0
Bhai free iPhone jeetne ka mauka. Rs 2000 bhejo: payment@okaxis,1
Payment of Rs 2000 received. Thank you for your purchase.,0
Son in police custody. Send Rs 50000 immediately to help@ybl,1
International courier delivery. Customs fee Rs 500: 8877665544,1
Real estate investment. Rs 50000 becomes Rs 25000. Book now: 9123456789,1
Your phone number won Laptop in TCS draw. Contact 8877665544,1
"Mummy phone chori ho gaya hai, naye number pe 5000 bhej do: help@ybl",1
Your gym membership has been renewed for another year.,0
Happy anniversary! Wishing you many more years of happiness.,0
Your electricity connection will be cut in 2 hours. Pay pending bill now: http://bit.ly/verify,1
COD order confirmation needed. Advance Rs 5000: payment@okaxis,1
Amazon lucky draw jeeta hai. 1000 delivery charges bhejo: help@ybl,1
"Your ICICI debit card has been used for Rs 25000. If not you, call 8877665544",1
Your UPI PIN will expire today. Verify by sending Rs 1 to collect@okicici,1
The package you ordered was delivered to your doorstep.,0
Your account will be deactivated. Click http://tinyurl.com/xyz to submit KYC documents now,1
"You won Rs 50,000 cash in lucky draw. Courier charges Rs 10: http://sbi-verify.com",1
Dinner was amazing! Thanks for the recommendation.,0
The party is at Rahul's place at 8 PM. See you there!,0
"Gold investment scheme. Pay Rs 2000, get 25000 returns: http://bit.ly/verify",1
Dinner was amazing! Thanks for the recommendation.,0
Your exam results have been published. Check the portal.,0
Receive your OLX payment of Rs 50000. Scan QR and enter UPI PIN: http://v.ht/pay,1
Your internet bill for this month is Rs 5000.,0
Flipkart delivery failed. Confirm address and pay Rs 500: http://sbi-verify.com,1
The match starts at 7 PM. Are you watching?,0
MLM opportunity! Earn Rs 50000 monthly. Registration Rs 5000: payment@okaxis,1
Please review the attached document and share feedback.,0
Your SBI account is blocked. Call 7766554433 to verify your KYC immediately.,1
Your PNB account is blocked. Call 9876543210 to verify your KYC immediately.,1
Police Notice: Your Aadhaar is used in illegal activity. Pay Rs 10000 penalty: 8877665544,1
The team outing is planned for next Friday. Mark your calendar.,0
Speed Post parcel pending. Pay Rs 50000 charges: verify@paytm,1
The event starts at 3 PM. Don't be late!,0
This is ED. A case has been filed against your Aadhaar. Pay fine of Rs 10000 or face arrest.,1
Your UPI payment of Rs 500 to petrol pump is successful.,0
Your PNB account is blocked. Call 8877665544 to verify your KYC immediately.,1
"Government scheme: Invest Rs 5000, get Rs 25000 return. Apply: payment@okaxis",1
Dinner was amazing! Thanks for the recommendation.,0
RBI Notice: Your PAN card is not linked. Share OTP 7050 to avoid penalty,1
Dinner was amazing! Thanks for the recommendation.,0
RBI Notice: Your PAN card is not linked. Share OTP 1115 to avoid penalty,1
Google Pay reward Rs 500 credited. Verify UPI at verify@paytm,1
Mom: I paid the electricity bill online. Receipt is on your WhatsApp.,0
Your ICICI account is blocked. Call 9123456789 to verify your KYC immediately.,1
Security Alert: Someone logged into your ICICI account from Bangalore. Call 7766554433,1
The match starts at 6 PM. Are you watching?,0
Mom: I paid the electricity bill online. Receipt is on your WhatsApp.,0
Your bag delivery is pending. Pay Rs 1000 customs fee: http://bit.ly/verify,1
Your assignment has been graded. Good work!,0
Bank: Your one-time password is 2847. Do not share.,0
Did you see the new update on the company portal about holidays?,0
Did you finish watching that series? No spoilers please!,0
Lunch at the usual place? I'll be there by 3 PM.,0
Thanks for attending the webinar. Here's the recording link.,0
Thanks for attending the webinar. Here's the recording link.,0
Maa ko emergency hai. Jaldi 1000 bhejo: help@ybl,1
Thanks for your help yesterday. Really appreciate it!,0
Your exam results have been published. Check the portal.,0
Thanks for attending the webinar. Here's the recording link.,0
Your UPI payment of Rs 50000 to restaurant is successful.,0
Wipro COD order. Pay Rs 25000 advance for delivery: help@ybl,1
Account verification pending. Submit Aadhaar OTP 5309 to activate services,1
Papa ko heart attack hua. ICU fee Rs 50000 urgent: 7766554433,1
Lunch at the usual place? I'll be there by 10 AM.,0
2959 is your verification code for Flipkart. Valid for 10 minutes.,0
Bank of India Alert: Unusual transaction detected. Verify OTP 6215 within 1 hour,1
Income Tax Notice: Pay pending Rs 500 tax immediately. Visit http://tinyurl.com/xyz,1
Amazon: Your one-time password is 8157. Do not share.,0
Did you finish watching that series? No spoilers please!,0
The team outing is planned for next Friday. Mark your calendar.,0
Congratulations! Rs 50000 added to your account. Withdraw at collect@okicici,1
Tumhara UPI verify karna hai. Rs 1 bhejo urgent@oksbi pe,1
Your Kotak mobile banking is locked. Reset PIN by calling 7766554433,1
"Government scheme: Invest Rs 2000, get Rs 50000 return. Apply: payment@okaxis",1
Rs 50000 credited to your account. Balance: Rs 32398.,0
The party is at Amit's place at 8 PM. See you there!,0
Bitcoin trading opportunity. Rs 1000 investment = Rs 25000 profit. Join: http://bit.ly/verify,1
You won cashback of Rs 1000! Claim now by sending Rs 10 to payment@okaxis,1
Maa ko emergency hai. Jaldi 50000 bhejo: help@ybl,1
Your friend had an accident. Send Rs 5000 for treatment: help@ybl,1
Thanks for your help yesterday. Really appreciate it!,0
Thanks for attending the webinar. Here's the recording link.,0
Security Alert: Someone logged into your Bank of India account from Mumbai. Call 9123456789,1
"Hey, are we still meeting for dinner at 6 PM tonight?",0
The meeting has been rescheduled to 6 PM. Please confirm.,0
Your assignment has been graded. Good work!,0
"Your Kotak debit card has been used for Rs 10000. If not you, call 9123456789",1
Your phone number won Laptop in Flipkart draw. Contact 9988776655,1
"Mom says the food is ready, come home soon from the office.",0
The party is at Rahul's place at 6 PM. See you there!,0
Your Paytm wallet is locked. Unlock by paying Rs 10 to collect@okicici,1
Please review the attached document and share feedback.,0
Use 2774 to complete your transaction on Google Pay.,0
Your Flipkart account verification code is 2094.,0
The meeting has been rescheduled to 10 AM. Please confirm.,0
Security Alert: Someone logged into your HDFC account from Hyderabad. Call 8877665544,1
The team outing is planned for next Friday. Mark your calendar.,0
Please send the project report by Monday morning. Thanks!,0
You have won Rs 5000 in Big Boss lottery! Call 9876543210 to claim your prize.,1
Your order has been shipped and will arrive by tomorrow.,0
Can you pick up groceries on your way home? Need milk and bread.,0
PhonePe offer: Get Rs 500 cashback. Send Re 1 to urgent@oksbi to claim,1
Cyber Crime Notice: Your number is linked to fraud. Pay Rs 25000: 8877665544,1
Can you share the meeting notes from yesterday's call?,0
Rs 50000 credited to your account. Balance: Rs 32595.,0
Your cab will arrive in 5 minutes. Driver: Anjali,0
Rs 500 debited from your account for Paytm subscription.,0
Your laptop repair is complete. You can pick it up anytime.,0
Your OTP for Flipkart login is 2828. Do not share this with anyone.,0
The meeting has been rescheduled to 6 PM. Please confirm.,0
Aapka SBI account block ho gaya hai. Turant call karein 9123456789,1
Happy anniversary! Wishing you many more years of happiness.,0
Your gym membership has been renewed for another year.,0
Paytm KYC pending. Send Rs 1 to payment@okaxis to activate full wallet,1
8041 is your verification code for Bank. Valid for 10 minutes.,0
Dinner was amazing! Thanks for the recommendation.,0
Your exam results have been published. Check the portal.,0
Urgent hiring for Customer Support at Amazon. Registration fee Rs 10000. Contact 7766554433,1
The meeting has been rescheduled to 7 PM. Please confirm.,0
Genuine work from home. Earn 2000 monthly. Registration: 8877665544,1
Paytm mein 500 rupay credited hain. Claim karo: urgent@oksbi,1
The package you ordered was delivered to your doorstep.,0
Send 1 rupee to verify your UPI: help@ybl,1
"Beta, bahut emergency hai. 50000 bhej do is number pe: 7766554433",1
Happy anniversary! Wishing you many more years of happiness.,0
Court summons issued. Settle case by paying Rs 10000: http://tinyurl.com/xyz,1
Let's catch up this weekend. Are you free on Saturday?,0
Your transaction of Rs 1000 at Amazon was successful.,0
Maa ko emergency hai. Jaldi 2000 bhejo: payment@okaxis,1
Your assignment has been graded. Good work!,0
See you at the gym tomorrow morning at 5:30 PM.,0
Sister's wedding urgent expense. Send Rs 1000: verify@paytm,1
Paytm KYC pending. Send Rs 1 to verify@paytm to activate full wallet,1
The weather looks good for the picnic on Sunday.,0
Genuine work from home. Earn 5000 monthly. Registration: 8877665544,1
PNB Alert: Unusual transaction detected. Verify OTP 6092 within 1 hour,1
Paytm KYC pending. Send Rs 1 to help@ybl to activate full wallet,1
Did you see the new update on the company portal about holidays?,0
Police case hai tumhare Aadhaar pe. Fine bharo 2000: 9988776655,1
Your mobile number will be blocked. Clear pending Rs 1000: 8877665544,1
Can you pick up groceries on your way home? Need milk and bread.,0
Your train ticket from Chennai to Pune is confirmed.,0
The event starts at 3 PM. Don't be late!,0
"Dear customer, your credit card limit is reduced. Call 9123456789 to restore",1
The match starts at 7 PM. Are you watching?,0
Can you pick up groceries on your way home? Need milk and bread.,0
Sister's wedding urgent expense. Send Rs 10000: help@ybl,1
The party is at Amit's place at 8 PM. See you there!,0
Did you see the new update on the company portal about holidays?,0
"Bhai bike accident, hospital bill Rs 10000. Help: urgent@oksbi",1
Paytm KYC pending. Send Rs 1 to payment@okaxis to activate full wallet,1
Freshers wanted for Customer Support. One-time fee Rs 1000. Apply: urgent@oksbi,1
The meeting has been rescheduled to 3 PM. Please confirm.,0
Your cab will arrive in 5 minutes. Driver: Priya,0
URGENT: Your account shows suspicious activity. Verify at http://sbi-verify.com or call 9123456789,1
"Hi, I'm the Senior HR. You are shortlisted for Data Entry Operator. Pay Rs 10000 for docs: verify@paytm",1
Police case hai tumhare Aadhaar pe. Fine bharo 50000: 9123456789,1
The match starts at 5:30 PM. Are you watching?,0
You won cashback of Rs 25000! Claim now by sending Rs 10 to collect@okicici,1
The event starts at 3 PM. Don't be late!,0
Remote job at Wipro. Send Rs 2000 for offer letter: urgent@oksbi,1
Let's catch up this weekend. Are you free on Saturday?,0
The package you ordered was delivered to your doorstep.,0
Son in police custody. Send Rs 1000 immediately to payment@okaxis,1
You have won Rs 1000 in Indian Idol lottery! Call 8877665544 to claim your prize.,1
Account update karo warna band ho jayega: http://tinyurl.com/xyz,1
Police case hai tumhare Aadhaar pe. Fine bharo 500: 7766554433,1
"You won Rs 50,000 cash in lucky draw. Courier charges Rs 200: http://v.ht/pay",1
Urgent hiring for Software Engineer at TCS. Registration fee Rs 1000. Contact 9988776655,1
"Beta, bahut emergency hai. 1000 bhej do is number pe: 8877665544",1
URGENT: Your account shows suspicious activity. Verify at http://tinyurl.com/xyz or call 9876543210,1
Your order has been shipped and will arrive by Monday.,0
Work from home job! Earn 500 daily. No experience needed. WhatsApp 8877665544,1
"Mom says the food is ready, come home soon from the office.",0
Cyber Crime Notice: Your number is linked to fraud. Pay Rs 1000: 8877665544,1
Aapka HDFC account block ho gaya hai. Turant call karein 9988776655,1
Parcel from Dubai held at customs. Clear Rs 25000 duty: 9123456789,1
Your assignment has been graded. Good work!,0
Your internet bill for this month is Rs 500.,0
The package you ordered was delivered to your doorstep.,0
Reminder: Doctor's appointment on Friday at 3 PM.,0
Amazon lucky draw jeeta hai. 10000 delivery charges bhejo: collect@okicici,1
Payment of Rs 2000 received. Thank you for your purchase.,0
PhonePe offer: Get Rs 25000 cashback. Send Re 1 to verify@paytm to claim,1
Mom: I paid the electricity bill online. Receipt is on your WhatsApp.,0
Your friend had an accident. Send Rs 1000 for treatment: payment@okaxis,1
Your exam results have been published. Check the portal.,0
Your package is ready. Pay Rs 10000 shipping: http://sbi-verify.com,1
"Bhai bike accident, hospital bill Rs 500. Help: help@ybl",1
Stock market tips! Earn Rs 25000 daily. Join now: 9988776655,1
Your laptop repair is complete. You can pick it up anytime.,0
"I'll be late for the meeting, stuck in traffic near Koramangala.",0
International courier delivery. Customs fee Rs 500: 9123456789,1
Real estate investment. Rs 5000 becomes Rs 100000. Book now: 9123456789,1
Account update karo warna band ho jayega: http://bit.ly/verify,1
Your gym membership has been renewed for another year.,0
Stock market tips! Earn Rs 50000 daily. Join now: 9988776655,1
Lunch at the usual place? I'll be there by 10 AM.,0
The meeting has been rescheduled to 5:30 PM. Please confirm.,0
See you at the gym tomorrow morning at 5:30 PM.,0
You have won Rs 1000 in Kaun Banega Crorepati lottery! Call 9988776655 to claim your prize.,1
Happy birthday! Hope you have a great year ahead.,0
Let's catch up this weekend. Are you free on Saturday?,0
"Hey, are we still meeting for dinner at 6 PM tonight?",0
Your Bank of India account is blocked. Call 9123456789 to verify your KYC immediately.,1
The package you ordered was delivered to your doorstep.,0
"Dear customer, your debit card is blocked. Click http://sbi-verify.com to unlock.",1
Cyber Crime Notice: Your number is linked to fraud. Pay Rs 10000: 8877665544,1
Your account will be deactivated. Click http://bit.ly/verify to submit KYC documents now,1
Your phone number won Laptop in Google draw. Contact 9876543210,1
Your friend had an accident. Send Rs 25000 for treatment: payment@okaxis,1
RBI Notice: Your PAN card is not linked. Share OTP 7274 to avoid penalty,1
Genuine work from home. Earn 50000 monthly. Registration: 9876543210,1
Congratulations! You are hired by Wipro. Send Rs 10000 for laptop delivery to: collect@okicici,1
Use 6231 to complete your transaction on Paytm.,0
The team outing is planned for next Friday. Mark your calendar.,0
Stock market tips! Earn Rs 50000 daily. Join now: 9876543210,1
Your cab will arrive in 5 minutes. Driver: Rahul,0
Congratulations! You are hired by Wipro. Send Rs 5000 for laptop delivery to: verify@paytm,1
Paytm mein 500 rupay credited hain. Claim karo: verify@paytm,1
Don't forget about the presentation tomorrow at 8 PM.,0
Beta kidnapped. Don't call police. Send Rs 50000 to verify@paytm,1
Thanks for attending the webinar. Here's the recording link.,0
Lucky winner! You won Rs 10000. Claim fee Rs 200: collect@okicici,1
"I'll be late for the meeting, stuck in traffic near HSR Layout.",0
"Government scheme: Invest Rs 5000, get Rs 100000 return. Apply: help@ybl",1
COD order confirmation needed. Advance Rs 2000: payment@okaxis,1
Tumhara UPI verify karna hai. Rs 1 bhejo urgent@oksbi pe,1
Sister's wedding urgent expense. Send Rs 500: urgent@oksbi,1
"Dear customer, your ATM card is blocked. Click http://v.ht/pay to unlock.",1
Happy anniversary! Wishing you many more years of happiness.,0
Your laptop repair is complete. You can pick it up anytime.,0
The meeting has been rescheduled to 7 PM. Please confirm.,0
The event starts at 8 PM. Don't be late!,0
Your gym membership has been renewed for another year.,0
Happy birthday! Hope you have a great year ahead.,0
Your order has been shipped and will arrive by tomorrow.,0
Thanks for attending the webinar. Here's the recording link.,0
Reminder: Doctor's appointment on Tuesday at 10 AM.,0
Freshers wanted for Data Entry Operator. One-time fee Rs 5000. Apply: urgent@oksbi,1
Congratulations! Rs 1000 prize money. Processing fee Rs 10: urgent@oksbi,1
Thanks for attending the webinar. Here's the recording link.,0
Speed Post parcel pending. Pay Rs 2000 charges: urgent@oksbi,1
Send 1 rupee to verify your UPI: urgent@oksbi,1
Use 9893 to complete your transaction on Bank.,0
Send 1 rupee to verify your UPI: collect@okicici,1
Delivery on hold. Pay Rs 2000 re-delivery charges: 8877665544,1
Your order has been shipped and will arrive by tomorrow.,0
"Google bumper offer! You won Rs 50,000 cash. Pay Rs 10 for delivery: payment@okaxis",1
See you at the gym tomorrow morning at 3 PM.,0
Your cab will arrive in 5 minutes. Driver: Anjali,0
Can you share the meeting notes from yesterday's call?,0
CBI Alert: Arrest warrant issued. Pay Rs 5000 fine to cancel: http://tinyurl.com/xyz,1
The weather looks good for the picnic on Sunday.,0
PNB Alert: Unusual transaction detected. Verify OTP 2557 within 1 hour,1
"Dear customer, your credit card limit is reduced. Call 8877665544 to restore",1
Your UPI payment of Rs 10000 to restaurant is successful.,0
Your train ticket from Bangalore to Chennai is confirmed.,0
Thanks for your help yesterday. Really appreciate it!,0
Your exam results have been published. Check the portal.,0
Your phone number won iPhone 15 in Flipkart draw. Contact 7766554433,1
"Your ICICI debit card has been used for Rs 1000. If not you, call 7766554433",1
This is CBI. A case has been filed against your Aadhaar. Pay fine of Rs 10000 or face arrest.,1
Congratulations on your promotion! Well deserved.,0
Work from home job! Earn 1000 daily. No experience needed. WhatsApp 9876543210,1
Bhai free iPhone jeetne ka mauka. Rs 50000 bhejo: collect@okicici,1
Reminder: Doctor's appointment on Monday at 3 PM.,0
You have won Rs 25000 in KBC lottery! Call 9876543210 to claim your prize.,1
Your bag delivery is pending. Pay Rs 10000 customs fee: http://bit.ly/verify,1
You are selected for Customer Support role. Pay Rs 10000 training fee: urgent@oksbi,1
Paytm KYC pending. Send Rs 1 to collect@okicici to activate full wallet,1
Please send the project report by Monday morning. Thanks!,0
"Hey, are we still meeting for dinner at 8 PM tonight?",0
Your exam results have been published. Check the portal.,0
Your assignment has been graded. Good work!,0
Invest Rs 25000 in cryptocurrency. Double returns in 15 days. Register: http://bit.ly/verify,1
See you at the gym tomorrow morning at 8 PM.,0
Police Notice: Your Aadhaar is used in illegal activity. Pay Rs 10000 penalty: 7766554433,1
Paytm KYC pending. Send Rs 1 to urgent@oksbi to activate full wallet,1
Axis Bank Alert: Unusual transaction detected. Verify OTP 4532 within 1 hour,1
Speed Post parcel pending. Pay Rs 10000 charges: urgent@oksbi,1
Please review the attached document and share feedback.,0
Did you finish watching that series? No spoilers please!,0
Forex trading signals. Earn Rs 100000 daily. Fee Rs 10000: help@ybl,1
"Papa hospital mein hain, urgent 500 chahiye. Send to verify@paytm",1
The weather looks good for the picnic on Sunday.,0
Your bag delivery is pending. Pay Rs 1000 customs fee: http://sbi-verify.com,1
Reminder: Doctor's appointment on Monday at 8 PM.,0
Thanks for attending the webinar. Here's the recording link.,0
Flipkart delivery failed. Confirm address and pay Rs 25000: http://sbi-verify.com,1
Paytm mein 50000 rupay credited hain. Claim karo: help@ybl,1
Your transaction of Rs 5000 at petrol pump was successful.,0
"Hey, are we still meeting for dinner at 7 PM tonight?",0
6738 is your verification code for Paytm. Valid for 10 minutes.,0
Paytm: Your one-time password is 7394. Do not share.,0
Your mobile number will be blocked. Clear pending Rs 50000: 9123456789,1
Your subscription has been renewed successfully. Thank you!,0
Account verification pending. Submit Aadhaar OTP 2404 to activate services,1
Your package is ready. Pay Rs 10000 shipping: http://tinyurl.com/xyz,1
Your transaction of Rs 1000 at pharmacy was successful.,0
Let's catch up this weekend. Are you free on Saturday?,0
Your Amazon account verification code is 9098.,0
"Gold investment scheme. Pay Rs 5000, get 25000 returns: http://bit.ly/verify",1
Amazon lucky draw jeeta hai. 25000 delivery charges bhejo: payment@okaxis,1
"Hi, I'm the Manager. You are shortlisted for Software Engineer. Pay Rs 10000 for docs: payment@okaxis",1
Forex trading signals. Earn Rs 25000 daily. Fee Rs 5000: urgent@oksbi,1
The match starts at 3 PM. Are you watching?,0
PhonePe offer: Get Rs 10000 cashback. Send Re 1 to payment@okaxis to claim,1
Reminder: Doctor's appointment on Monday at 8 PM.,0
"Hey, are we still meeting for dinner at 10 AM tonight?",0
Your exam results have been published. Check the portal.,0
Police Alert: Arrest warrant issued. Pay Rs 10000 fine to cancel: http://tinyurl.com/xyz,1
COD order confirmation needed. Advance Rs 25000: collect@okicici,1
Genuine work from home. Earn 50000 monthly. Registration: 8877665544,1
Did you finish watching that series? No spoilers please!,0
Google is recruiting. Apply now by paying Rs 10000 document fee: verify@paytm,1
Tumhara UPI verify karna hai. Rs 1 bhejo verify@paytm pe,1
Your UPI payment of Rs 1000 to pharmacy is successful.,0
The package you ordered was delivered to your doorstep.,0
Invest Rs 25000 in cryptocurrency. Double returns in 60 days. Register: http://v.ht/pay,1
Your package is ready. Pay Rs 2000 shipping: http://v.ht/pay,1
Amazon lucky draw jeeta hai. 5000 delivery charges bhejo: verify@paytm,1
Stock market tips! Earn Rs 25000 daily. Join now: 9123456789,1
Forex trading signals. Earn Rs 100000 daily. Fee Rs 2000: urgent@oksbi,1
Did you see the new update on the company portal about holidays?,0
Can you share the meeting notes from yesterday's call?,0
Payment of Rs 25000 received. Thank you for your purchase.,0
Your SBI account will be closed in 24 hours. Update KYC: http://tinyurl.com/xyz,1
Your cab will arrive in 5 minutes. Driver: Rahul,0
You are selected for KBC prize of Rs 25000. Call 9876543210 now,1
Can you share the meeting notes from yesterday's call?,0
Amazon lucky draw jeeta hai. 10000 delivery charges bhejo: help@ybl,1
Please send the project report by Monday morning. Thanks!,0
Salary nahi aayi? HR se contact karo 9123456789 pe,1
Don't forget about the presentation tomorrow at 5:30 PM.,0
Your package is ready. Pay Rs 10000 shipping: http://sbi-verify.com,1
Your internet bill for this month is Rs 50000.,0
Work from home job! Earn 500 daily. No experience needed. WhatsApp 9123456789,1
COD order confirmation needed. Advance Rs 500: payment@okaxis,1
Bank: Your one-time password is 3183. Do not share.,0
Congratulations! Rs 2000 prize money. Processing fee Rs 500: verify@paytm,1
"Share market secret tips. Invest Rs 50000, profit guaranteed: 9988776655",1
PhonePe offer: Get Rs 2000 cashback. Send Re 1 to help@ybl to claim,1
Can you pick up groceries on your way home? Need milk and bread.,0
Congratulations! You are hired by Google. Send Rs 50000 for laptop delivery to: urgent@oksbi,1
Your cab will arrive in 5 minutes. Driver: Priya,0
"OTP share karo jaldi, account band ho jayega: 1242",1
Send 1 rupee to verify your UPI: payment@okaxis,1
ICICI Alert: Unusual transaction detected. Verify OTP 8846 within 1 hour,1
"Dear customer, your debit card is blocked. Click http://v.ht/pay to unlock.",1
Your exam results have been published. Check the portal.,0
Let's catch up this weekend. Are you free on Saturday?,0
Mom: I paid the electricity bill online. Receipt is on your WhatsApp.,0
"Guaranteed returns! Invest Rs 10000, earn Rs 25000. WhatsApp 9123456789",1
Your internet bill for this month is Rs 10000.,0
COD order confirmation needed. Advance Rs 500: collect@okicici,1
Income Tax Alert: Arrest warrant issued. Pay Rs 1000 fine to cancel: http://v.ht/pay,1
Happy anniversary! Wishing you many more years of happiness.,0
"Government scheme: Invest Rs 10000, get Rs 10000 return. Apply: help@ybl",1
Congratulations! You won Laptop in lucky draw. Claim at http://sbi-verify.com,1
The weather looks good for the picnic on Sunday.,0
Did you see the new update on the company portal about holidays?,0
Send 1 rupee to verify your UPI: verify@paytm,1
The client liked our proposal. Great work team!,0
Your friend had an accident. Send Rs 10000 for treatment: verify@paytm,1
Your account will be deactivated. Click http://v.ht/pay to submit KYC documents now,1
You are selected for Indian Idol prize of Rs 500. Call 9123456789 now,1
Income Tax Notice: Pay pending Rs 5000 tax immediately. Visit http://tinyurl.com/xyz,1
Your package is ready. Pay Rs 10000 shipping: http://sbi-verify.com,1
The match starts at 3 PM. Are you watching?,0
Mom: I paid the electricity bill online. Receipt is on your WhatsApp.,0
"Papa hospital mein hain, urgent 5000 chahiye. Send to collect@okicici",1
Maa ko emergency hai. Jaldi 50000 bhejo: urgent@oksbi,1
Congratulations! You are hired by Flipkart. Send Rs 500 for laptop delivery to: verify@paytm,1
Son in police custody. Send Rs 5000 immediately to help@ybl,1
The team outing is planned for next Friday. Mark your calendar.,0
The package you ordered was delivered to your doorstep.,0
"Beta, bahut emergency hai. 2000 bhej do is number pe: 9123456789",1
The event starts at 7 PM. Don't be late!,0
The party is at Amit's place at 7 PM. See you there!,0
Paytm mein 500 rupay credited hain. Claim karo: payment@okaxis,1
Your friend had an accident. Send Rs 2000 for treatment: collect@okicici,1
"Your PNB debit card has been used for Rs 25000. If not you, call 9988776655",1
Your exam results have been published. Check the portal.,0
Traffic Police: Challan of Rs 10000 pending. Pay now: http://sbi-verify.com,1
Can you pick up groceries on your way home? Need milk and bread.,0
Your account will be deactivated. Click http://sbi-verify.com to submit KYC documents now,1
The event starts at 7 PM. Don't be late!,0
Your Kotak mobile banking is locked. Reset PIN by calling 9988776655,1
The package you ordered was delivered to your doorstep.,0
Speed Post parcel pending. Pay Rs 25000 charges: help@ybl,1
Your order has been shipped and will arrive by Monday.,0
See you at the gym tomorrow morning at 8 PM.,0
Can you pick up groceries on your way home? Need milk and bread.,0
This is Income Tax. A case has been filed against your Aadhaar. Pay fine of Rs 500 or face arrest.,1
"Papa hospital mein hain, urgent 5000 chahiye. Send to collect@okicici",1
Your exam results have been published. Check the portal.,0
"Government scheme: Invest Rs 50000, get Rs 50000 return. Apply: verify@paytm",1
Invest Rs 500 in cryptocurrency. Double returns in 30 days. Register: http://bit.ly/verify,1
"Hey, are we still meeting for dinner at 6 PM tonight?",0
The match starts at 8 PM. Are you watching?,0
"Dear customer, your account has been debited Rs 5000. Call 9876543210 if unauthorized",1
"Papa hospital mein hain, urgent 500 chahiye. Send to collect@okicici",1
Flipkart delivery failed. Confirm address and pay Rs 10000: http://v.ht/pay,1
Police Alert: Arrest warrant issued. Pay Rs 25000 fine to cancel: http://v.ht/pay,1
Please send the project report by Monday morning. Thanks!,0
Use 4897 to complete your transaction on Flipkart.,0
Mom: I paid the electricity bill online. Receipt is on your WhatsApp.,0
Let's catch up this weekend. Are you free on Saturday?,0
Did you finish watching that series? No spoilers please!,0
Thanks for attending the webinar. Here's the recording link.,0
KBC Lottery winner! Rs 50000 credited. Verify at 9123456789,1
You are selected for Software Engineer role. Pay Rs 2000 training fee: help@ybl,1
Tumhara UPI verify karna hai. Rs 1 bhejo help@ybl pe,1
Dinner was amazing! Thanks for the recommendation.,0
Congratulations on your promotion! Well deserved.,0
Please review the attached document and share feedback.,0
RBI Alert: Your account will be suspended. Share OTP to reactivate: 6697,1
Reminder: Doctor's appointment on Monday at 7 PM.,0
"Dear customer, your credit card is blocked. Click http://sbi-verify.com to unlock.",1
Sister's wedding urgent expense. Send Rs 25000: collect@okicici,1
Please review the attached document and share feedback.,0
Congratulations! Rs 10000 added to your account. Withdraw at help@ybl,1
International courier delivery. Customs fee Rs 5000: 8877665544,1
Please review the attached document and share feedback.,0
Your flight booking for Chennai is confirmed. Check your email.,0
The client liked our proposal. Great work team!,0
RBI Notice: Your PAN card is not linked. Share OTP 9856 to avoid penalty,1
Urgent hiring for Data Entry Operator at Amazon. Registration fee Rs 10000. Contact 9988776655,1
Your UPI payment of Rs 10000 to petrol pump is successful.,0
"Hey, are we still meeting for dinner at 10 AM tonight?",0
Your mobile number will be blocked. Clear pending Rs 500: 9876543210,1
Your cab will arrive in 5 minutes. Driver: Rahul,0
Papa ko heart attack hua. ICU fee Rs 1000 urgent: 7766554433,1
Sister's wedding urgent expense. Send Rs 10000: verify@paytm,1
Google Pay: Your one-time password is 9388. Do not share.,0
Son in police custody. Send Rs 10000 immediately to verify@paytm,1
Dinner was amazing! Thanks for the recommendation.,0
Reminder: Doctor's appointment on Friday at 6 PM.,0
Your flight booking for Mumbai is confirmed. Check your email.,0
Remote job at Flipkart. Send Rs 2000 for offer letter: collect@okicici,1
Police case hai tumhare Aadhaar pe. Fine bharo 5000: 9123456789,1
SBI Alert: Unusual transaction detected. Verify OTP 1205 within 1 hour,1
Your Paytm wallet is locked. Unlock by paying Rs 10 to verify@paytm,1
Your order has been shipped and will arrive by next week.,0
Rs 500 debited from your account for Bank subscription.,0
Son in police custody. Send Rs 50000 immediately to help@ybl,1
Beta kidnapped. Don't call police. Send Rs 1000 to urgent@oksbi,1
Google COD order. Pay Rs 10000 advance for delivery: help@ybl,1
Don't forget about the presentation tomorrow at 6 PM.,0
Mom: I paid the electricity bill online. Receipt is on your WhatsApp.,0
"Bhai urgent accident ho gaya hai, help chahiye. Is UPI pe bhej do: urgent@oksbi",1
Your friend had an accident. Send Rs 500 for treatment: payment@okaxis,1
Your UPI PIN will expire today. Verify by sending Rs 1 to payment@okaxis,1
"Beta, bahut emergency hai. 1000 bhej do is number pe: 8877665544",1
Please send the project report by Monday morning. Thanks!,0
Use 9213 to complete your transaction on Flipkart.,0
Your transaction of Rs 5000 at petrol pump was successful.,0
Papa ko heart attack hua. ICU fee Rs 50000 urgent: 9988776655,1
Your flight booking for Bangalore is confirmed. Check your email.,0
Parcel from Singapore held at customs. Clear Rs 10000 duty: 9876543210,1
Your subscription has been renewed successfully. Thank you!,0
This is Income Tax. A case has been filed against your Aadhaar. Pay fine of Rs 1000 or face arrest.,1
Flipkart delivery failed. Confirm address and pay Rs 25000: http://sbi-verify.com,1
Police Notice: Your Aadhaar is used in illegal activity. Pay Rs 25000 penalty: 9988776655,1
Paytm: Your one-time password is 8566. Do not share.,0
Rs 25000 debited from your account for Paytm subscription.,0
Cyber Crime Notice: Your number is linked to fraud. Pay Rs 25000: 7766554433,1
Work from home job! Earn 25000 daily. No experience needed. WhatsApp 8877665544,1
Bhai free iPhone jeetne ka mauka. Rs 1000 bhejo: payment@okaxis,1
Use 8237 to complete your transaction on Amazon.,0
Income Tax Notice: Pay pending Rs 500 tax immediately. Visit http://sbi-verify.com,1
The match starts at 3 PM. Are you watching?,0
Let's catch up this weekend. Are you free on Saturday?,0
Freshers wanted for Data Entry Operator. One-time fee Rs 50000. Apply: payment@okaxis,1
Wipro lucky draw! You won Samsung TV. Pay Rs 10 shipping: http://bit.ly/verify,1
Your bag delivery is pending. Pay Rs 25000 customs fee: http://tinyurl.com/xyz,1
The team outing is planned for next Friday. Mark your calendar.,0
Let's catch up this weekend. Are you free on Saturday?,0
Can you share the meeting notes from yesterday's call?,0
Send 1 rupee to verify your UPI: verify@paytm,1
Your Paytm wallet is locked. Unlock by paying Rs 10 to payment@okaxis,1
Lucky winner! You won Rs 5000. Claim fee Rs 10: urgent@oksbi,1
Bank: Your one-time password is 3827. Do not share.,0
Please review the attached document and share feedback.,0
Speed Post parcel pending. Pay Rs 500 charges: collect@okicici,1
Thanks for attending the webinar. Here's the recording link.,0
Your application has been received. We'll get back to you soon.,0
Your order has been shipped and will arrive by next week.,0
Salary nahi aayi? HR se contact karo 8877665544 pe,1
Google Pay reward Rs 25000 credited. Verify UPI at collect@okicici,1
MLM opportunity! Earn Rs 25000 monthly. Registration Rs 5000: collect@okicici,1
KBC Lottery winner! Rs 2000 credited. Verify at 8877665544,1
Mom: I paid the electricity bill online. Receipt is on your WhatsApp.,0
See you at the gym tomorrow morning at 7 PM.,0
Bhai free iPhone jeetne ka mauka. Rs 25000 bhejo: urgent@oksbi,1
Your application has been received. We'll get back to you soon.,0
Flipkart delivery failed. Confirm address and pay Rs 10000: http://sbi-verify.com,1
"Mom says the food is ready, come home soon from the office.",0
Use 1846 to complete your transaction on Flipkart.,0
Police case hai tumhare Aadhaar pe. Fine bharo 5000: 9876543210,1
Your subscription has been renewed successfully. Thank you!,0
Aapka Axis Bank account block ho gaya hai. Turant call karein 9876543210,1
"Papa hospital mein hain, urgent 10000 chahiye. Send to urgent@oksbi",1
Your gym membership has been renewed for another year.,0
Happy anniversary! Wishing you many more years of happiness.,0
Dinner was amazing! Thanks for the recommendation.,0
Genuine work from home. Earn 25000 monthly. Registration: 9876543210,1
You are selected for Indian Idol prize of Rs 10000. Call 9988776655 now,1
The package you ordered was delivered to your doorstep.,0
The team outing is planned for next Friday. Mark your calendar.,0
Your subscription has been renewed successfully. Thank you!,0
ICICI Alert: Unusual transaction detected. Verify OTP 2426 within 1 hour,1
Please send the project report by Monday morning. Thanks!,0
Your electricity connection will be cut in 2 hours. Pay pending bill now: http://bit.ly/verify,1
Please review the attached document and share feedback.,0
Your electricity connection will be cut in 2 hours. Pay pending bill now: http://v.ht/pay,1
Google Pay reward Rs 5000 credited. Verify UPI at verify@paytm,1
Account verification pending. Submit Aadhaar OTP 1580 to activate services,1
Your Flipkart account verification code is 2964.,0
RBI Notice: Your PAN card is not linked. Share OTP 4057 to avoid penalty,1
Your application has been received. We'll get back to you soon.,0
"Your phone number won Rs 50,000 cash in HCL draw. Contact 7766554433",1
Your transaction of Rs 50000 at grocery store was successful.,0
Your transaction of Rs 10000 at Amazon was successful.,0
Thanks for your help yesterday. Really appreciate it!,0
TCS lucky draw! You won Samsung TV. Pay Rs 10 shipping: http://bit.ly/verify,1
Infosys COD order. Pay Rs 2000 advance for delivery: verify@paytm,1
Urgent hiring for Software Engineer at Flipkart. Registration fee Rs 25000. Contact 9123456789,1
Your exam results have been published. Check the portal.,0
Your electricity connection will be cut in 2 hours. Pay pending bill now: http://bit.ly/verify,1
Paytm KYC pending. Send Rs 1 to payment@okaxis to activate full wallet,1
Your ICICI mobile banking is locked. Reset PIN by calling 9876543210,1
Infosys is recruiting. Apply now by paying Rs 2000 document fee: help@ybl,1
The package you ordered was delivered to your doorstep.,0
The package you ordered was delivered to your doorstep.,0
Thanks for your help yesterday. Really appreciate it!,0
Congratulations! Rs 25000 added to your account. Withdraw at urgent@oksbi,1
Real estate investment. Rs 500 becomes Rs 10000. Book now: 9988776655,1
Freshers wanted for HR Executive. One-time fee Rs 10000. Apply: verify@paytm,1
Your flight booking for Bangalore is confirmed. Check your email.,0
The package you ordered was delivered to your doorstep.,0
Traffic Police: Challan of Rs 2000 pending. Pay now: http://bit.ly/verify,1
Maa ko emergency hai. Jaldi 10000 bhejo: help@ybl,1
Your Paytm wallet is locked. Unlock by paying Rs 10 to help@ybl,1
You won cashback of Rs 1000! Claim now by sending Rs 10 to help@ybl,1
Amazon: Your one-time password is 2465. Do not share.,0
Your ICICI account will be closed in 24 hours. Update KYC: http://tinyurl.com/xyz,1
Traffic Police: Challan of Rs 50000 pending. Pay now: http://bit.ly/verify,1
Please review the attached document and share feedback.,0
See you at the gym tomorrow morning at 7 PM.,0
Lunch at the usual place? I'll be there by 6 PM.,0
Your UPI PIN will expire today. Verify by sending Rs 1 to payment@okaxis,1
Your Amazon order requires Re-verification. Update payment: http://v.ht/pay,1
The party is at Priya's place at 5:30 PM. See you there!,0
Bhai free iPhone jeetne ka mauka. Rs 1000 bhejo: verify@paytm,1
Your electricity connection will be cut in 2 hours. Pay pending bill now: http://v.ht/pay,1
You are selected for Indian Idol prize of Rs 1000. Call 9988776655 now,1
Did you finish watching that series? No spoilers please!,0
Part-time job opportunity! Earn Rs 500 per week. Send resume to 9876543210,1
Google Pay reward Rs 50000 credited. Verify UPI at urgent@oksbi,1
"Papa hospital mein hain, urgent 10000 chahiye. Send to payment@okaxis",1
"Dear customer, your credit card limit is reduced. Call 9876543210 to restore",1
Your train ticket from Mumbai to Mumbai is confirmed.,0
Your order has been shipped and will arrive by Tuesday.,0
4267 is your verification code for Bank. Valid for 10 minutes.,0
Happy birthday! Hope you have a great year ahead.,0
Paytm KYC pending. Send Rs 1 to verify@paytm to activate full wallet,1
The meeting has been rescheduled to 5:30 PM. Please confirm.,0
The event starts at 7 PM. Don't be late!,0
Congratulations! You are hired by Flipkart. Send Rs 10000 for laptop delivery to: verify@paytm,1
Rs 5000 debited from your account for Flipkart subscription.,0
Your package is ready. Pay Rs 10000 shipping: http://bit.ly/verify,1
KBC Lottery winner! Rs 5000 credited. Verify at 9876543210,1
"Guaranteed returns! Invest Rs 2000, earn Rs 50000. WhatsApp 9988776655",1
Security Alert: Someone logged into your PNB account from Hyderabad. Call 9123456789,1
KBC Lottery winner! Rs 25000 credited. Verify at 8877665544,1
Infosys lucky draw! You won iPhone 15. Pay Rs 500 shipping: http://sbi-verify.com,1
The weather looks good for the picnic on Sunday.,0
Your order has been shipped and will arrive by Tuesday.,0
PhonePe offer: Get Rs 2000 cashback. Send Re 1 to payment@okaxis to claim,1
Work from home job! Earn 2000 daily. No experience needed. WhatsApp 9876543210,1
The weather looks good for the picnic on Sunday.,0
Happy anniversary! Wishing you many more years of happiness.,0
Your phone number won Samsung TV in Wipro draw. Contact 9876543210,1
The event starts at 5:30 PM. Don't be late!,0
Cyber Crime Notice: Your number is linked to fraud. Pay Rs 5000: 8877665544,1
"Mummy phone chori ho gaya hai, naye number pe 25000 bhej do: help@ybl",1
Your OTP for Bank login is 8780. Do not share this with anyone.,0
"Bhai urgent accident ho gaya hai, help chahiye. Is UPI pe bhej do: help@ybl",1
Rs 10000 debited from your account for Bank subscription.,0
"Mummy phone chori ho gaya hai, naye number pe 50000 bhej do: payment@okaxis",1
Part-time job opportunity! Earn Rs 10000 per week. Send resume to 9123456789,1
Your assignment has been graded. Good work!,0
Your UPI payment of Rs 50000 to grocery store is successful.,0
Invest Rs 10000 in cryptocurrency. Double returns in 15 days. Register: http://bit.ly/verify,1
Rs 500 credited to your account. Balance: Rs 47968.,0
Your assignment has been graded. Good work!,0
Your UPI PIN will expire today. Verify by sending Rs 1 to help@ybl,1
Your mobile number will be blocked. Clear pending Rs 5000: 9876543210,1
Amazon lucky draw jeeta hai. 2000 delivery charges bhejo: urgent@oksbi,1
"OTP share karo jaldi, account band ho jayega: 2952",1
Google lucky draw! You won iPhone 15. Pay Rs 10 shipping: http://v.ht/pay,1
Reminder: Doctor's appointment on next week at 8 PM.,0
Can you share the meeting notes from yesterday's call?,0
The event starts at 5:30 PM. Don't be late!,0
Don't forget about the presentation tomorrow at 7 PM.,0
The weather looks good for the picnic on Sunday.,0
Your cab will arrive in 5 minutes. Driver: Amit,0
"I'll be late for the meeting, stuck in traffic near Whitefield.",0
Google Pay reward Rs 25000 credited. Verify UPI at urgent@oksbi,1
Account update karo warna band ho jayega: http://tinyurl.com/xyz,1
Your subscription has been renewed successfully. Thank you!,0
You are selected for KBC prize of Rs 500. Call 9123456789 now,1
KBC Lottery winner! Rs 2000 credited. Verify at 9876543210,1
Your OTP for Flipkart login is 1519. Do not share this with anyone.,0
Can you share the meeting notes from yesterday's call?,0
Happy birthday! Hope you have a great year ahead.,0
Your assignment has been graded. Good work!,0
Bitcoin trading opportunity. Rs 50000 investment = Rs 25000 profit. Join: http://tinyurl.com/xyz,1
"Hey, are we still meeting for dinner at 8 PM tonight?",0
Tumhara UPI verify karna hai. Rs 1 bhejo help@ybl pe,1
Your internet bill for this month is Rs 500.,0
Payment of Rs 25000 received. Thank you for your purchase.,0
Please review the attached document and share feedback.,0
Income Tax Notice: Pay pending Rs 10000 tax immediately. Visit http://bit.ly/verify,1
Papa ko heart attack hua. ICU fee Rs 2000 urgent: 9988776655,1
Bhai free iPhone jeetne ka mauka. Rs 10000 bhejo: urgent@oksbi,1
"Bhai urgent accident ho gaya hai, help chahiye. Is UPI pe bhej do: urgent@oksbi",1
Your application has been received. We'll get back to you soon.,0
The weather looks good for the picnic on Sunday.,0
Please send the project report by Monday morning. Thanks!,0
You have unclaimed refund of Rs 1000. Collect at verify@paytm,1
The meeting has been rescheduled to 7 PM. Please confirm.,0
Your transaction of Rs 2000 at petrol pump was successful.,0
Your Paytm wallet is locked. Unlock by paying Rs 10 to collect@okicici,1
Your bag delivery is pending. Pay Rs 5000 customs fee: http://v.ht/pay,1
The event starts at 5:30 PM. Don't be late!,0
Your exam results have been published. Check the portal.,0
"Government scheme: Invest Rs 1000, get Rs 25000 return. Apply: collect@okicici",1
"Guaranteed returns! Invest Rs 500, earn Rs 10000. WhatsApp 9876543210",1
Don't forget about the presentation tomorrow at 8 PM.,0
RBI Alert: Your account will be suspended. Share OTP to reactivate: 5310,1
Your Amazon order requires Re-verification. Update payment: http://sbi-verify.com,1
Don't forget about the presentation tomorrow at 3 PM.,0
Account update karo warna band ho jayega: http://sbi-verify.com,1
The package you ordered was delivered to your doorstep.,0
"Mom says the food is ready, come home soon from the office.",0
Your transaction of Rs 10000 at grocery store was successful.,0
This is Cyber Crime. A case has been filed against your Aadhaar. Pay fine of Rs 5000 or face arrest.,1
Remote job at Amazon. Send Rs 10000 for offer letter: collect@okicici,1
Can you share the meeting notes from yesterday's call?,0
Your internet bill for this month is Rs 25000.,0
Your phone number won iPhone 15 in TCS draw. Contact 8877665544,1
Please send the project report by Monday morning. Thanks!,0
Your ATM card is expired. Update details at http://sbi-verify.com to avoid account freeze,1
You have unclaimed refund of Rs 10000. Collect at verify@paytm,1
Your account will be deactivated. Click http://tinyurl.com/xyz to submit KYC documents now,1
Your cab will arrive in 5 minutes. Driver: Priya,0
Urgent hiring for Customer Support at Wipro. Registration fee Rs 1000. Contact 7766554433,1
Your laptop repair is complete. You can pick it up anytime.,0
Your ATM card is expired. Update details at http://tinyurl.com/xyz to avoid account freeze,1
Your transaction of Rs 1000 at grocery store was successful.,0
"Congratulations! You won Rs 50,000 cash in lucky draw. Claim at http://bit.ly/verify",1
Flipkart COD order. Pay Rs 50000 advance for delivery: payment@okaxis,1
Beta kidnapped. Don't call police. Send Rs 10000 to verify@paytm,1
Lunch at the usual place? I'll be there by 10 AM.,0
Your exam results have been published. Check the portal.,0
The weather looks good for the picnic on Sunday.,0
You are selected for Customer Support role. Pay Rs 5000 training fee: help@ybl,1
Axis Bank Alert: Unusual transaction detected. Verify OTP 7564 within 1 hour,1
Genuine work from home. Earn 500 monthly. Registration: 7766554433,1
"Bhai bike accident, hospital bill Rs 25000. Help: payment@okaxis",1
Your ATM card is expired. Update details at http://tinyurl.com/xyz to avoid account freeze,1
"Dear customer, your account has been debited Rs 25000. Call 7766554433 if unauthorized",1
You have unclaimed refund of Rs 500. Collect at payment@okaxis,1
Can you share the meeting notes from yesterday's call?,0
5480 is your verification code for Amazon. Valid for 10 minutes.,0
"I'll be late for the meeting, stuck in traffic near HSR Layout.",0
The event starts at 7 PM. Don't be late!,0
"Congratulations! You won Rs 50,000 cash in lucky draw. Claim at http://tinyurl.com/xyz",1
The team outing is planned for next Friday. Mark your calendar.,0
Your order has been shipped and will arrive by tomorrow.,0
5116 is your verification code for Flipkart. Valid for 10 minutes.,0
Account verification pending. Submit Aadhaar OTP 4547 to activate services,1
Receive your OLX payment of Rs 2000. Scan QR and enter UPI PIN: http://tinyurl.com/xyz,1
Your UPI payment of Rs 1000 to Amazon is successful.,0
Paytm KYC pending. Send Rs 1 to verify@paytm to activate full wallet,1
Your exam results have been published. Check the portal.,0
Congratulations on your promotion! Well deserved.,0
"Beta, bahut emergency hai. 2000 bhej do is number pe: 7766554433",1
Don't forget about the presentation tomorrow at 5:30 PM.,0
Genuine work from home. Earn 2000 monthly. Registration: 9123456789,1
Paytm KYC pending. Send Rs 1 to urgent@oksbi to activate full wallet,1
Aapka HDFC account block ho gaya hai. Turant call karein 9876543210,1
Your assignment has been graded. Good work!,0
Your subscription has been renewed successfully. Thank you!,0
Lunch at the usual place? I'll be there by 3 PM.,0
Your train ticket from Chennai to Chennai is confirmed.,0
Your gym membership has been renewed for another year.,0
The package you ordered was delivered to your doorstep.,0
"Hey, are we still meeting for dinner at 8 PM tonight?",0
Your subscription has been renewed successfully. Thank you!,0
Sister's wedding urgent expense. Send Rs 50000: verify@paytm,1
The event starts at 7 PM. Don't be late!,0
Freshers wanted for Customer Support. One-time fee Rs 50000. Apply: collect@okicici,1
Traffic Police: Challan of Rs 500 pending. Pay now: http://tinyurl.com/xyz,1
"I'll be late for the meeting, stuck in traffic near Whitefield.",0
The package you ordered was delivered to your doorstep.,0
This is Police. A case has been filed against your Aadhaar. Pay fine of Rs 500 or face arrest.,1
This is Police. A case has been filed against your Aadhaar. Pay fine of Rs 1000 or face arrest.,1
Paytm mein 10000 rupay credited hain. Claim karo: payment@okaxis,1
The package you ordered was delivered to your doorstep.,0
You have unclaimed refund of Rs 25000. Collect at verify@paytm,1
Congratulations on your promotion! Well deserved.,0
Can you share the meeting notes from yesterday's call?,0
Your transaction of Rs 5000 at grocery store was successful.,0
"Government scheme: Invest Rs 1000, get Rs 10000 return. Apply: help@ybl",1
COD order confirmation needed. Advance Rs 1000: urgent@oksbi,1
Speed Post parcel pending. Pay Rs 500 charges: collect@okicici,1
"Dear customer, your credit card limit is reduced. Call 9123456789 to restore",1
KBC Lottery winner! Rs 10000 credited. Verify at 9123456789,1
Use 3699 to complete your transaction on Paytm.,0
Your internet bill for this month is Rs 10000.,0
RBI Alert: Your account will be suspended. Share OTP to reactivate: 7013,1
Cyber Crime Notice: Your number is linked to fraud. Pay Rs 5000: 7766554433,1
The meeting has been rescheduled to 7 PM. Please confirm.,0
URGENT: Your account shows suspicious activity. Verify at http://bit.ly/verify or call 9123456789,1
Receive your OLX payment of Rs 10000. Scan QR and enter UPI PIN: http://tinyurl.com/xyz,1
Your laptop repair is complete. You can pick it up anytime.,0
Mom: I paid the electricity bill online. Receipt is on your WhatsApp.,0
You have won Rs 10000 in Big Boss lottery! Call 9988776655 to claim your prize.,1
"Hey, are we still meeting for dinner at 5:30 PM tonight?",0
Use 9207 to complete your transaction on Bank.,0
"OTP share karo jaldi, account band ho jayega: 6816",1
Google Pay reward Rs 500 credited. Verify UPI at collect@okicici,1
Your transaction of Rs 2000 at restaurant was successful.,0
URGENT: Your account shows suspicious activity. Verify at http://tinyurl.com/xyz or call 9988776655,1
Your SBI account is blocked. Call 9876543210 to verify your KYC immediately.,1
Police Alert: Arrest warrant issued. Pay Rs 10000 fine to cancel: http://v.ht/pay,1
Your gas connection will be terminated. Clear dues Rs 25000: collect@okicici,1
Google Pay: Your one-time password is 4033. Do not share.,0
"Hi, I'm the Manager. You are shortlisted for Customer Support. Pay Rs 5000 for docs: verify@paytm",1
Mom: I paid the electricity bill online. Receipt is on your WhatsApp.,0
Your electricity connection will be cut in 2 hours. Pay pending bill now: http://tinyurl.com/xyz,1
Your friend had an accident. Send Rs 500 for treatment: urgent@oksbi,1
The client liked our proposal. Great work team!,0
PhonePe offer: Get Rs 1000 cashback. Send Re 1 to payment@okaxis to claim,1
Income Tax Alert: Arrest warrant issued. Pay Rs 5000 fine to cancel: http://bit.ly/verify,1
Your cab will arrive in 5 minutes. Driver: Amit,0
Tumhara UPI verify karna hai. Rs 1 bhejo payment@okaxis pe,1
Your electricity connection will be cut in 2 hours. Pay pending bill now: http://tinyurl.com/xyz,1
Happy anniversary! Wishing you many more years of happiness.,0
Your train ticket from Hyderabad to Chennai is confirmed.,0
Lucky winner! You won Rs 5000. Claim fee Rs 100: urgent@oksbi,1
Payment of Rs 2000 received. Thank you for your purchase.,0
Congratulations! You won Laptop in lucky draw. Claim at http://tinyurl.com/xyz,1
Your watch delivery is pending. Pay Rs 500 customs fee: http://v.ht/pay,1
Reminder: Doctor's appointment on Monday at 8 PM.,0
"Dear customer, your ATM card is blocked. Click http://tinyurl.com/xyz to unlock.",1
Your gas connection will be terminated. Clear dues Rs 1000: payment@okaxis,1
"Hey, are we still meeting for dinner at 10 AM tonight?",0
Your account will be deactivated. Click http://sbi-verify.com to submit KYC documents now,1
Dinner was amazing! Thanks for the recommendation.,0
"Hey, are we still meeting for dinner at 3 PM tonight?",0
"Hey, are we still meeting for dinner at 10 AM tonight?",0
Delivery on hold. Pay Rs 5000 re-delivery charges: 9988776655,1
Use 6332 to complete your transaction on Bank.,0
Paytm mein 1000 rupay credited hain. Claim karo: collect@okicici,1
Let's catch up this weekend. Are you free on Saturday?,0
The package you ordered was delivered to your doorstep.,0
"Dear customer, your account has been debited Rs 25000. Call 9876543210 if unauthorized",1
Your subscription has been renewed successfully. Thank you!,0
Paytm: Your one-time password is 4815. Do not share.,0
Remote job at Amazon. Send Rs 5000 for offer letter: urgent@oksbi,1
Your OTP for Bank login is 6290. Do not share this with anyone.,0
Your flight booking for Bangalore is confirmed. Check your email.,0
Your Bank of India account will be closed in 24 hours. Update KYC: http://v.ht/pay,1
The weather looks good for the picnic on Sunday.,0
Happy birthday! Hope you have a great year ahead.,0
Tumhara UPI verify karna hai. Rs 1 bhejo payment@okaxis pe,1
Paytm mein 25000 rupay credited hain. Claim karo: urgent@oksbi,1
COD order confirmation needed. Advance Rs 10000: collect@okicici,1
Congratulations on your promotion! Well deserved.,0
Account update karo warna band ho jayega: http://bit.ly/verify,1
KBC Lottery winner! Rs 10000 credited. Verify at 9876543210,1
Your transaction of Rs 500 at Amazon was successful.,0
Did you see the new update on the company portal about holidays?,0
Salary nahi aayi? HR se contact karo 7766554433 pe,1
Your application has been received. We'll get back to you soon.,0
You are selected for Indian Idol prize of Rs 5000. Call 9123456789 now,1
Tumhara UPI verify karna hai. Rs 1 bhejo collect@okicici pe,1
PhonePe offer: Get Rs 25000 cashback. Send Re 1 to verify@paytm to claim,1
Your OTP for Amazon login is 1640. Do not share this with anyone.,0
Your subscription has been renewed successfully. Thank you!,0
Your assignment has been graded. Good work!,0
Congratulations on your promotion! Well deserved.,0
Police Notice: Your Aadhaar is used in illegal activity. Pay Rs 25000 penalty: 8877665544,1
Your electricity connection will be cut in 2 hours. Pay pending bill now: http://bit.ly/verify,1
Your application has been received. We'll get back to you soon.,0
Congratulations! You won Samsung TV in lucky draw. Claim at http://bit.ly/verify,1
Account update karo warna band ho jayega: http://sbi-verify.com,1
Your cab will arrive in 5 minutes. Driver: Priya,0
Your mobile number will be blocked. Clear pending Rs 2000: 9876543210,1
Account update karo warna band ho jayega: http://bit.ly/verify,1
"Beta, bahut emergency hai. 1000 bhej do is number pe: 9123456789",1
Your account will be deactivated. Click http://sbi-verify.com to submit KYC documents now,1
PNB Alert: Unusual transaction detected. Verify OTP 3147 within 1 hour,1
Traffic Police: Challan of Rs 500 pending. Pay now: http://bit.ly/verify,1
The weather looks good for the picnic on Sunday.,0
Your gym membership has been renewed for another year.,0
Please review the attached document and share feedback.,0
URGENT: Your account shows suspicious activity. Verify at http://v.ht/pay or call 9123456789,1
Can you share the meeting notes from yesterday's call?,0
Please review the attached document and share feedback.,0
Police Notice: Your Aadhaar is used in illegal activity. Pay Rs 500 penalty: 8877665544,1
The client liked our proposal. Great work team!,0
Freshers wanted for HR Executive. One-time fee Rs 50000. Apply: collect@okicici,1
Use 1849 to complete your transaction on Amazon.,0
Sister's wedding urgent expense. Send Rs 2000: help@ybl,1
Police Notice: Your Aadhaar is used in illegal activity. Pay Rs 25000 penalty: 9123456789,1
Your watch delivery is pending. Pay Rs 50000 customs fee: http://tinyurl.com/xyz,1
Your cab will arrive in 5 minutes. Driver: Rahul,0
See you at the gym tomorrow morning at 3 PM.,0
"Dear customer, your account has been debited Rs 5000. Call 8877665544 if unauthorized",1
Lucky winner! You won Rs 500. Claim fee Rs 200: payment@okaxis,1
Account update karo warna band ho jayega: http://sbi-verify.com,1
RBI Notice: Your PAN card is not linked. Share OTP 3153 to avoid penalty,1
Congratulations! Rs 25000 added to your account. Withdraw at collect@okicici,1
Rs 5000 debited from your account for Bank subscription.,0
Rs 50000 debited from your account for Google Pay subscription.,0
"Mom says the food is ready, come home soon from the office.",0
MLM opportunity! Earn Rs 50000 monthly. Registration Rs 50000: payment@okaxis,1
Your mobile number will be blocked. Clear pending Rs 500: 9123456789,1
Rs 2000 debited from your account for Amazon subscription.,0
Bhai free iPhone jeetne ka mauka. Rs 50000 bhejo: help@ybl,1
Your flight booking for Chennai is confirmed. Check your email.,0
Congratulations! Rs 2000 prize money. Processing fee Rs 50: collect@okicici,1
Work from home job! Earn 2000 daily. No experience needed. WhatsApp 9123456789,1
Don't forget about the presentation tomorrow at 6 PM.,0
Son in police custody. Send Rs 25000 immediately to payment@okaxis,1
Google Pay: Your one-time password is 5883. Do not share.,0
"I'll be late for the meeting, stuck in traffic near HSR Layout.",0
Thanks for attending the webinar. Here's the recording link.,0
Your application has been received. We'll get back to you soon.,0
Please send the project report by Monday morning. Thanks!,0
Your UPI payment of Rs 25000 to pharmacy is successful.,0
Send 1 rupee to verify your UPI: collect@okicici,1
6122 is your verification code for Google Pay. Valid for 10 minutes.,0
TCS lucky draw! You won iPhone 15. Pay Rs 500 shipping: http://sbi-verify.com,1
Delivery on hold. Pay Rs 2000 re-delivery charges: 9988776655,1
"Dear customer, your account has been debited Rs 5000. Call 7766554433 if unauthorized",1
Don't forget about the presentation tomorrow at 5:30 PM.,0
Aapka PNB account block ho gaya hai. Turant call karein 8877665544,1
Your exam results have been published. Check the portal.,0
See you at the gym tomorrow morning at 10 AM.,0
Part-time job opportunity! Earn Rs 25000 per week. Send resume to 8877665544,1
Your order has been shipped and will arrive by tomorrow.,0
"Dear customer, your ATM card is blocked. Click http://tinyurl.com/xyz to unlock.",1
KBC Lottery winner! Rs 10000 credited. Verify at 7766554433,1
Can you share the meeting notes from yesterday's call?,0
"Share market secret tips. Invest Rs 500, profit guaranteed: 9876543210",1
Delivery on hold. Pay Rs 25000 re-delivery charges: 7766554433,1
Your electricity connection will be cut in 2 hours. Pay pending bill now: http://tinyurl.com/xyz,1
The meeting has been rescheduled to 5:30 PM. Please confirm.,0
Let's catch up this weekend. Are you free on Saturday?,0
Your Amazon order requires Re-verification. Update payment: http://tinyurl.com/xyz,1
Bitcoin trading opportunity. Rs 1000 investment = Rs 100000 profit. Join: http://v.ht/pay,1
Account verification pending. Submit Aadhaar OTP 7018 to activate services,1
You have unclaimed refund of Rs 25000. Collect at payment@okaxis,1
Congratulations! You won Laptop in lucky draw. Claim at http://sbi-verify.com,1
Urgent hiring for Software Engineer at Amazon. Registration fee Rs 10000. Contact 8877665544,1
Urgent hiring for HR Executive at TCS. Registration fee Rs 25000. Contact 9988776655,1
Cyber Crime Notice: Your number is linked to fraud. Pay Rs 500: 9988776655,1
Rs 500 credited to your account. Balance: Rs 14079.,0
You are selected for Big Boss prize of Rs 1000. Call 7766554433 now,1
Congratulations on your promotion! Well deserved.,0
Dinner was amazing! Thanks for the recommendation.,0
Google is recruiting. Apply now by paying Rs 500 document fee: urgent@oksbi,1
You won cashback of Rs 50000! Claim now by sending Rs 10 to payment@okaxis,1
Your cab will arrive in 5 minutes. Driver: Sneha,0
Thanks for attending the webinar. Here's the recording link.,0
"Share market secret tips. Invest Rs 1000, profit guaranteed: 9123456789",1
Payment of Rs 2000 received. Thank you for your purchase.,0
Rs 50000 credited to your account. Balance: Rs 34682.,0
Aapka Bank of India account block ho gaya hai. Turant call karein 9123456789,1
Your UPI payment of Rs 25000 to grocery store is successful.,0
Your assignment has been graded. Good work!,0
Please review the attached document and share feedback.,0
Your Paytm wallet is locked. Unlock by paying Rs 10 to urgent@oksbi,1
Your flight booking for Chennai is confirmed. Check your email.,0
International courier delivery. Customs fee Rs 10000: 8877665544,1
International courier delivery. Customs fee Rs 25000: 9988776655,1
Bhai free iPhone jeetne ka mauka. Rs 5000 bhejo: help@ybl,1
Your application has been received. We'll get back to you soon.,0
The party is at Amit's place at 10 AM. See you there!,0
Part-time job opportunity! Earn Rs 50000 per week. Send resume to 9988776655,1
Congratulations on your promotion! Well deserved.,0
Maa ko emergency hai. Jaldi 25000 bhejo: payment@okaxis,1
Stock market tips! Earn Rs 100000 daily. Join now: 9123456789,1
Court summons issued. Settle case by paying Rs 1000: http://sbi-verify.com,1
You won cashback of Rs 10000! Claim now by sending Rs 10 to verify@paytm,1
Receive your OLX payment of Rs 50000. Scan QR and enter UPI PIN: http://v.ht/pay,1
Dinner was amazing! Thanks for the recommendation.,0
Please review the attached document and share feedback.,0
Your friend had an accident. Send Rs 5000 for treatment: urgent@oksbi,1
"Google bumper offer! You won Rs 50,000 cash. Pay Rs 200 for delivery: verify@paytm",1
Traffic Police: Challan of Rs 500 pending. Pay now: http://v.ht/pay,1
Thanks for attending the webinar. Here's the recording link.,0
Lunch at the usual place? I'll be there by 3 PM.,0
Amazon lucky draw jeeta hai. 1000 delivery charges bhejo: help@ybl,1
You have won Rs 50000 in KBC lottery! Call 7766554433 to claim your prize.,1
Your ICICI account is blocked. Call 9988776655 to verify your KYC immediately.,1
Your subscription has been renewed successfully. Thank you!,0
Your OTP for Paytm login is 4686. Do not share this with anyone.,0
Income Tax Notice: Pay pending Rs 10000 tax immediately. Visit http://bit.ly/verify,1
Can you pick up groceries on your way home? Need milk and bread.,0
"Your phone number won Rs 50,000 cash in Google draw. Contact 7766554433",1
"Hey, are we still meeting for dinner at 7 PM tonight?",0
Your order has been shipped and will arrive by Monday.,0
Your transaction of Rs 10000 at restaurant was successful.,0
RBI Notice: Your PAN card is not linked. Share OTP 6151 to avoid penalty,1
Amazon lucky draw jeeta hai. 1000 delivery charges bhejo: urgent@oksbi,1
You are selected for Software Engineer role. Pay Rs 10000 training fee: help@ybl,1
Payment of Rs 5000 received. Thank you for your purchase.,0
Flipkart delivery failed. Confirm address and pay Rs 25000: http://tinyurl.com/xyz,1
"Gold investment scheme. Pay Rs 10000, get 25000 returns: http://bit.ly/verify",1
Thanks for your help yesterday. Really appreciate it!,0
Dinner was amazing! Thanks for the recommendation.,0
Your Flipkart account verification code is 8545.,0
KBC Lottery winner! Rs 1000 credited. Verify at 8877665544,1
Your Axis Bank account will be closed in 24 hours. Update KYC: http://tinyurl.com/xyz,1
Thanks for your help yesterday. Really appreciate it!,0
Can you share the meeting notes from yesterday's call?,0
Amazon lucky draw jeeta hai. 50000 delivery charges bhejo: payment@okaxis,1
"Google lucky draw! You won Rs 50,000 cash. Pay Rs 500 shipping: http://sbi-verify.com",1
The event starts at 3 PM. Don't be late!,0
The match starts at 3 PM. Are you watching?,0
Traffic Police: Challan of Rs 5000 pending. Pay now: http://bit.ly/verify,1
The client liked our proposal. Great work team!,0
Dinner was amazing! Thanks for the recommendation.,0
The client liked our proposal. Great work team!,0
The team outing is planned for next Friday. Mark your calendar.,0
Happy birthday! Hope you have a great year ahead.,0
Your internet bill for this month is Rs 500.,0
Your application has been received. We'll get back to you soon.,0
Your Flipkart account verification code is 1439.,0
Congratulations! You are hired by HCL. Send Rs 5000 for laptop delivery to: payment@okaxis,1
"Bhai urgent accident ho gaya hai, help chahiye. Is UPI pe bhej do: urgent@oksbi",1
"Hey, are we still meeting for dinner at 8 PM tonight?",0
Congratulations! Rs 10000 added to your account. Withdraw at payment@okaxis,1
"I'll be late for the meeting, stuck in traffic near Koramangala.",0
Stock market tips! Earn Rs 10000 daily. Join now: 9988776655,1
"Dear customer, your credit card is blocked. Click http://v.ht/pay to unlock.",1
Your Paytm account verification code is 5353.,0
You are selected for Big Boss prize of Rs 500. Call 9988776655 now,1
"Government scheme: Invest Rs 50000, get Rs 10000 return. Apply: help@ybl",1
Did you see the new update on the company portal about holidays?,0
Traffic Police: Challan of Rs 5000 pending. Pay now: http://sbi-verify.com,1
Income Tax Notice: Pay pending Rs 500 tax immediately. Visit http://bit.ly/verify,1
Please review the attached document and share feedback.,0
The package you ordered was delivered to your doorstep.,0
Payment of Rs 500 received. Thank you for your purchase.,0
Your order has been shipped and will arrive by Monday.,0
Congratulations on your promotion! Well deserved.,0
Bitcoin trading opportunity. Rs 2000 investment = Rs 50000 profit. Join: http://tinyurl.com/xyz,1
Send 1 rupee to verify your UPI: help@ybl,1
"Mummy phone chori ho gaya hai, naye number pe 500 bhej do: urgent@oksbi",1
Your transaction of Rs 25000 at Amazon was successful.,0
Please send the project report by Monday morning. Thanks!,0
Rs 50000 debited from your account for Flipkart subscription.,0
Your package is ready. Pay Rs 1000 shipping: http://sbi-verify.com,1
"Guaranteed returns! Invest Rs 10000, earn Rs 50000. WhatsApp 9123456789",1
Income Tax Notice: Pay pending Rs 500 tax immediately. Visit http://v.ht/pay,1
Papa ko heart attack hua. ICU fee Rs 1000 urgent: 9988776655,1
Can you share the meeting notes from yesterday's call?,0
Congratulations on your promotion! Well deserved.,0
"Bhai urgent accident ho gaya hai, help chahiye. Is UPI pe bhej do: verify@paytm",1
Your laptop repair is complete. You can pick it up anytime.,0
Urgent hiring for Data Entry Operator at Google. Registration fee Rs 1000. Contact 7766554433,1
Congratulations on your promotion! Well deserved.,0
You are selected for Software Engineer role. Pay Rs 500 training fee: verify@paytm,1
Delivery on hold. Pay Rs 2000 re-delivery charges: 9988776655,1
"Guaranteed returns! Invest Rs 50000, earn Rs 10000. WhatsApp 8877665544",1
Delivery on hold. Pay Rs 1000 re-delivery charges: 9876543210,1
Congratulations on your promotion! Well deserved.,0
"OTP share karo jaldi, account band ho jayega: 9863",1
The package you ordered was delivered to your doorstep.,0
Paytm mein 10000 rupay credited hain. Claim karo: collect@okicici,1
Papa ko heart attack hua. ICU fee Rs 1000 urgent: 9123456789,1
Dinner was amazing! Thanks for the recommendation.,0
Lunch at the usual place? I'll be there by 6 PM.,0
Paytm KYC pending. Send Rs 1 to help@ybl to activate full wallet,1
Account verification pending. Submit Aadhaar OTP 4594 to activate services,1
Cyber Crime Alert: Arrest warrant issued. Pay Rs 500 fine to cancel: http://bit.ly/verify,1
COD order confirmation needed. Advance Rs 10000: urgent@oksbi,1
HCL bumper offer! You won iPhone 15. Pay Rs 500 for delivery: payment@okaxis,1
Your transaction of Rs 500 at petrol pump was successful.,0
Urgent hiring for Data Entry Operator at TCS. Registration fee Rs 2000. Contact 7766554433,1
Flipkart delivery failed. Confirm address and pay Rs 5000: http://v.ht/pay,1
Send 1 rupee to verify your UPI: verify@paytm,1
The client liked our proposal. Great work team!,0
Lucky winner! You won Rs 1000. Claim fee Rs 50: help@ybl,1
Don't forget about the presentation tomorrow at 8 PM.,0
Rs 2000 debited from your account for Paytm subscription.,0
Flipkart delivery failed. Confirm address and pay Rs 5000: http://v.ht/pay,1
Lunch at the usual place? I'll be there by 8 PM.,0
Your train ticket from Hyderabad to Hyderabad is confirmed.,0
Use 2693 to complete your transaction on Flipkart.,0
Mom: I paid the electricity bill online. Receipt is on your WhatsApp.,0
Congratulations! Rs 2000 prize money. Processing fee Rs 500: verify@paytm,1
Your Bank of India account is blocked. Call 9988776655 to verify your KYC immediately.,1
Court summons issued. Settle case by paying Rs 10000: http://v.ht/pay,1
The weather looks good for the picnic on Sunday.,0
"Bhai bike accident, hospital bill Rs 50000. Help: verify@paytm",1
Court summons issued. Settle case by paying Rs 50000: http://v.ht/pay,1
You won Samsung TV in lucky draw. Courier charges Rs 100: http://tinyurl.com/xyz,1
Rs 1000 credited to your account. Balance: Rs 35850.,0
Your laptop repair is complete. You can pick it up anytime.,0
"Bhai bike accident, hospital bill Rs 25000. Help: help@ybl",1
Court summons issued. Settle case by paying Rs 50000: http://sbi-verify.com,1
Did you see the new update on the company portal about holidays?,0
The party is at Amit's place at 8 PM. See you there!,0
Your Amazon order requires Re-verification. Update payment: http://tinyurl.com/xyz,1
Genuine work from home. Earn 50000 monthly. Registration: 9988776655,1
Paytm mein 500 rupay credited hain. Claim karo: verify@paytm,1
Happy birthday! Hope you have a great year ahead.,0
Thanks for attending the webinar. Here's the recording link.,0
The party is at Sneha's place at 5:30 PM. See you there!,0
Your Google Pay account verification code is 1794.,0
Congratulations! Rs 25000 prize money. Processing fee Rs 200: urgent@oksbi,1
Rs 5000 debited from your account for Flipkart subscription.,0
Income Tax Notice: Pay pending Rs 2000 tax immediately. Visit http://v.ht/pay,1
Your order has been shipped and will arrive by Monday.,0
Let's catch up this weekend. Are you free on Saturday?,0
Happy anniversary! Wishing you many more years of happiness.,0
Your HDFC account will be closed in 24 hours. Update KYC: http://bit.ly/verify,1
Your internet bill for this month is Rs 2000.,0
Your laptop repair is complete. You can pick it up anytime.,0
Rs 5000 debited from your account for Bank subscription.,0
Your Paytm wallet is locked. Unlock by paying Rs 10 to verify@paytm,1
Flipkart delivery failed. Confirm address and pay Rs 5000: http://v.ht/pay,1
"Dear customer, your ATM card is blocked. Click http://sbi-verify.com to unlock.",1
Thanks for your help yesterday. Really appreciate it!,0
"Mummy phone chori ho gaya hai, naye number pe 500 bhej do: verify@paytm",1
Delivery on hold. Pay Rs 1000 re-delivery charges: 9876543210,1
Delivery on hold. Pay Rs 10000 re-delivery charges: 9123456789,1
Income Tax Alert: Arrest warrant issued. Pay Rs 25000 fine to cancel: http://bit.ly/verify,1
Stock market tips! Earn Rs 25000 daily. Join now: 9123456789,1
Account update karo warna band ho jayega: http://sbi-verify.com,1
Your transaction of Rs 500 at restaurant was successful.,0
RBI Alert: Your account will be suspended. Share OTP to reactivate: 7139,1
Your package is ready. Pay Rs 50000 shipping: http://tinyurl.com/xyz,1
Can you pick up groceries on your way home? Need milk and bread.,0
Your internet bill for this month is Rs 50000.,0
Amazon lucky draw jeeta hai. 50000 delivery charges bhejo: collect@okicici,1
Happy anniversary! Wishing you many more years of happiness.,0
The party is at Sneha's place at 5:30 PM. See you there!,0
The event starts at 3 PM. Don't be late!,0
Happy anniversary! Wishing you many more years of happiness.,0
Congratulations! Rs 25000 prize money. Processing fee Rs 100: payment@okaxis,1
Your UPI payment of Rs 1000 to petrol pump is successful.,0
"Dear customer, your account has been debited Rs 1000. Call 9123456789 if unauthorized",1
Court summons issued. Settle case by paying Rs 50000: http://sbi-verify.com,1
Forex trading signals. Earn Rs 25000 daily. Fee Rs 50000: verify@paytm,1
Happy anniversary! Wishing you many more years of happiness.,0
Don't forget about the presentation tomorrow at 3 PM.,0
The team outing is planned for next Friday. Mark your calendar.,0
Bitcoin trading opportunity. Rs 1000 investment = Rs 50000 profit. Join: http://bit.ly/verify,1
"Government scheme: Invest Rs 5000, get Rs 50000 return. Apply: verify@paytm",1
"Congratulations! You won Rs 50,000 cash in lucky draw. Claim at http://tinyurl.com/xyz",1
Account verification pending. Submit Aadhaar OTP 9844 to activate services,1
Did you see the new update on the company portal about holidays?,0
Happy anniversary! Wishing you many more years of happiness.,0
Account verification pending. Submit Aadhaar OTP 5054 to activate services,1
Flipkart delivery failed. Confirm address and pay Rs 25000: http://tinyurl.com/xyz,1
See you at the gym tomorrow morning at 8 PM.,0
Forex trading signals. Earn Rs 10000 daily. Fee Rs 1000: verify@paytm,1
Axis Bank Alert: Unusual transaction detected. Verify OTP 3111 within 1 hour,1
This is Cyber Crime. A case has been filed against your Aadhaar. Pay fine of Rs 25000 or face arrest.,1
Thanks for your help yesterday. Really appreciate it!,0
Paytm: Your one-time password is 3403. Do not share.,0
Remote job at HCL. Send Rs 1000 for offer letter: verify@paytm,1
Speed Post parcel pending. Pay Rs 500 charges: collect@okicici,1
Cyber Crime Notice: Your number is linked to fraud. Pay Rs 10000: 9988776655,1
The package you ordered was delivered to your doorstep.,0
Your transaction of Rs 25000 at restaurant was successful.,0
PhonePe offer: Get Rs 50000 cashback. Send Re 1 to help@ybl to claim,1
The weather looks good for the picnic on Sunday.,0
Happy anniversary! Wishing you many more years of happiness.,0
Can you pick up groceries on your way home? Need milk and bread.,0
"I'll be late for the meeting, stuck in traffic near HSR Layout.",0
The event starts at 5:30 PM. Don't be late!,0
Rs 2000 credited to your account. Balance: Rs 16112.,0
You are selected for HR Executive role. Pay Rs 5000 training fee: collect@okicici,1
Your exam results have been published. Check the portal.,0
Your assignment has been graded. Good work!,0
Can you share the meeting notes from yesterday's call?,0
Receive your OLX payment of Rs 2000. Scan QR and enter UPI PIN: http://sbi-verify.com,1
Your HDFC mobile banking is locked. Reset PIN by calling 7766554433,1
Delivery on hold. Pay Rs 25000 re-delivery charges: 9123456789,1
Your train ticket from Hyderabad to Hyderabad is confirmed.,0
Your ATM card is expired. Update details at http://sbi-verify.com to avoid account freeze,1
"Hey, are we still meeting for dinner at 8 PM tonight?",0
URGENT: Your account shows suspicious activity. Verify at http://tinyurl.com/xyz or call 9123456789,1
Your gym membership has been renewed for another year.,0
Rs 500 credited to your account. Balance: Rs 6823.,0
Dinner was amazing! Thanks for the recommendation.,0
Happy birthday! Hope you have a great year ahead.,0
Work from home job! Earn 10000 daily. No experience needed. WhatsApp 9876543210,1
Your cab will arrive in 5 minutes. Driver: Sneha,0
Your Paytm account verification code is 9173.,0
Your subscription has been renewed successfully. Thank you!,0
"Dear customer, your account has been debited Rs 50000. Call 9988776655 if unauthorized",1
Your UPI payment of Rs 25000 to restaurant is successful.,0
PhonePe offer: Get Rs 50000 cashback. Send Re 1 to payment@okaxis to claim,1
Congratulations! You are hired by TCS. Send Rs 25000 for laptop delivery to: collect@okicici,1
Rs 50000 credited to your account. Balance: Rs 23412.,0
"OTP share karo jaldi, account band ho jayega: 6193",1
See you at the gym tomorrow morning at 10 AM.,0
Paytm mein 10000 rupay credited hain. Claim karo: help@ybl,1
Please review the attached document and share feedback.,0
Google is recruiting. Apply now by paying Rs 2000 document fee: urgent@oksbi,1
Axis Bank Alert: Unusual transaction detected. Verify OTP 3307 within 1 hour,1
Thanks for attending the webinar. Here's the recording link.,0
Paytm: Your one-time password is 7340. Do not share.,0
Google bumper offer! You won Samsung TV. Pay Rs 200 for delivery: payment@okaxis,1
Salary nahi aayi? HR se contact karo 9988776655 pe,1
Your bag delivery is pending. Pay Rs 10000 customs fee: http://sbi-verify.com,1
Cyber Crime Notice: Your number is linked to fraud. Pay Rs 2000: 9988776655,1
Your order has been shipped and will arrive by Tuesday.,0
Rs 50000 debited from your account for Bank subscription.,0
Can you share the meeting notes from yesterday's call?,0
Reminder: Doctor's appointment on Tuesday at 8 PM.,0
Please send the project report by Monday morning. Thanks!,0
"Gold investment scheme. Pay Rs 5000, get 25000 returns: http://bit.ly/verify",1
COD order confirmation needed. Advance Rs 500: help@ybl,1
Rs 25000 credited to your account. Balance: Rs 7230.,0
Rs 1000 debited from your account for Google Pay subscription.,0
HCL bumper offer! You won Samsung TV. Pay Rs 200 for delivery: verify@paytm,1
Did you see the new update on the company portal about holidays?,0
COD order confirmation needed. Advance Rs 50000: collect@okicici,1
Rs 25000 debited from your account for Flipkart subscription.,0
Congratulations! You won iPhone 15 in lucky draw. Claim at http://sbi-verify.com,1
You won cashback of Rs 500! Claim now by sending Rs 10 to collect@okicici,1
Your transaction of Rs 25000 at restaurant was successful.,0
Your train ticket from Hyderabad to Bangalore is confirmed.,0
Use 8251 to complete your transaction on Paytm.,0
Your HDFC account will be closed in 24 hours. Update KYC: http://bit.ly/verify,1
The team outing is planned for next Friday. Mark your calendar.,0
Your transaction of Rs 10000 at restaurant was successful.,0
Bhai free iPhone jeetne ka mauka. Rs 50000 bhejo: verify@paytm,1
"Your SBI debit card has been used for Rs 10000. If not you, call 9876543210",1
1923 is your verification code for Paytm. Valid for 10 minutes.,0
Your mobile number will be blocked. Clear pending Rs 2000: 9876543210,1
Amazon lucky draw jeeta hai. 2000 delivery charges bhejo: urgent@oksbi,1
Can you share the meeting notes from yesterday's call?,0
Congratulations! Rs 50000 prize money. Processing fee Rs 500: help@ybl,1
Police Alert: Arrest warrant issued. Pay Rs 50000 fine to cancel: http://v.ht/pay,1
Your subscription has been renewed successfully. Thank you!,0
Invest Rs 2000 in cryptocurrency. Double returns in 60 days. Register: http://tinyurl.com/xyz,1
Your assignment has been graded. Good work!,0
Please review the attached document and share feedback.,0
Speed Post parcel pending. Pay Rs 5000 charges: urgent@oksbi,1
KBC Lottery winner! Rs 50000 credited. Verify at 9988776655,1
Speed Post parcel pending. Pay Rs 2000 charges: verify@paytm,1
Urgent hiring for Software Engineer at HCL. Registration fee Rs 500. Contact 7766554433,1
Amazon lucky draw jeeta hai. 10000 delivery charges bhejo: verify@paytm,1
Your Paytm account verification code is 5962.,0
Your order has been shipped and will arrive by Tuesday.,0
"Share market secret tips. Invest Rs 5000, profit guaranteed: 9123456789",1
KBC Lottery winner! Rs 1000 credited. Verify at 9123456789,1
Stock market tips! Earn Rs 100000 daily. Join now: 7766554433,1
You won Laptop in lucky draw. Courier charges Rs 50: http://tinyurl.com/xyz,1
Happy anniversary! Wishing you many more years of happiness.,0
"Gold investment scheme. Pay Rs 500, get 100000 returns: http://bit.ly/verify",1
"Dear customer, your ATM card is blocked. Click http://v.ht/pay to unlock.",1
Google Pay reward Rs 2000 credited. Verify UPI at payment@okaxis,1
Stock market tips! Earn Rs 25000 daily. Join now: 9123456789,1
Congratulations! You are hired by Wipro. Send Rs 50000 for laptop delivery to: collect@okicici,1
The package you ordered was delivered to your doorstep.,0
Don't forget about the presentation tomorrow at 10 AM.,0
Your flight booking for Bangalore is confirmed. Check your email.,0
Bitcoin trading opportunity. Rs 1000 investment = Rs 50000 profit. Join: http://sbi-verify.com,1
Use 5101 to complete your transaction on Paytm.,0
The party is at Sneha's place at 7 PM. See you there!,0
Let's catch up this weekend. Are you free on Saturday?,0
Your application has been received. We'll get back to you soon.,0
Freshers wanted for Data Entry Operator. One-time fee Rs 500. Apply: collect@okicici,1
MLM opportunity! Earn Rs 50000 monthly. Registration Rs 50000: payment@okaxis,1
Infosys COD order. Pay Rs 5000 advance for delivery: collect@okicici,1
Your Amazon order requires Re-verification. Update payment: http://v.ht/pay,1
Speed Post parcel pending. Pay Rs 500 charges: verify@paytm,1
Payment of Rs 2000 received. Thank you for your purchase.,0
Account verification pending. Submit Aadhaar OTP 9191 to activate services,1
Your exam results have been published. Check the portal.,0
Your subscription has been renewed successfully. Thank you!,0
Your OTP for Bank login is 3209. Do not share this with anyone.,0
Flipkart lucky draw! You won Gold Coin. Pay Rs 100 shipping: http://v.ht/pay,1
Congratulations on your promotion! Well deserved.,0
Your flight booking for Mumbai is confirmed. Check your email.,0
7723 is your verification code for Paytm. Valid for 10 minutes.,0
Income Tax Notice: Pay pending Rs 50000 tax immediately. Visit http://tinyurl.com/xyz,1
URGENT: Your account shows suspicious activity. Verify at http://sbi-verify.com or call 8877665544,1
Please review the attached document and share feedback.,0
Delivery on hold. Pay Rs 1000 re-delivery charges: 9123456789,1
Thanks for attending the webinar. Here's the recording link.,0
4565 is your verification code for Bank. Valid for 10 minutes.,0
Congratulations on your promotion! Well deserved.,0
"Hey, are we still meeting for dinner at 6 PM tonight?",0
Thanks for attending the webinar. Here's the recording link.,0
Your subscription has been renewed successfully. Thank you!,0
Forex trading signals. Earn Rs 10000 daily. Fee Rs 10000: payment@okaxis,1
Payment of Rs 1000 received. Thank you for your purchase.,0
RBI Alert: Your account will be suspended. Share OTP to reactivate: 2475,1
Reminder: Doctor's appointment on tomorrow at 10 AM.,0
Income Tax Notice: Pay pending Rs 50000 tax immediately. Visit http://tinyurl.com/xyz,1
Your assignment has been graded. Good work!,0
Send 1 rupee to verify your UPI: verify@paytm,1
Cyber Crime Alert: Arrest warrant issued. Pay Rs 5000 fine to cancel: http://sbi-verify.com,1
The team outing is planned for next Friday. Mark your calendar.,0
"Papa hospital mein hain, urgent 25000 chahiye. Send to help@ybl",1
Use 8790 to complete your transaction on Bank.,0
"Hey, are we still meeting for dinner at 10 AM tonight?",0
Rs 1000 credited to your account. Balance: Rs 18658.,0
Your application has been received. We'll get back to you soon.,0
Your ICICI mobile banking is locked. Reset PIN by calling 9876543210,1
Happy birthday! Hope you have a great year ahead.,0
The match starts at 5:30 PM. Are you watching?,0
"I'll be late for the meeting, stuck in traffic near Indiranagar.",0
Thanks for your help yesterday. Really appreciate it!,0
The meeting has been rescheduled to 6 PM. Please confirm.,0
Thanks for your help yesterday. Really appreciate it!,0
Tumhara UPI verify karna hai. Rs 1 bhejo payment@okaxis pe,1
Flipkart COD order. Pay Rs 5000 advance for delivery: collect@okicici,1
Use 9750 to complete your transaction on Bank.,0
"Dear customer, your debit card is blocked. Click http://bit.ly/verify to unlock.",1
URGENT: Your account shows suspicious activity. Verify at http://v.ht/pay or call 7766554433,1
"Dear customer, your account has been debited Rs 50000. Call 9876543210 if unauthorized",1
"Beta, bahut emergency hai. 50000 bhej do is number pe: 8877665544",1
MLM opportunity! Earn Rs 100000 monthly. Registration Rs 500: payment@okaxis,1
Paytm mein 500 rupay credited hain. Claim karo: payment@okaxis,1
Please review the attached document and share feedback.,0
Congratulations! Rs 5000 added to your account. Withdraw at help@ybl,1
Your package is ready. Pay Rs 1000 shipping: http://bit.ly/verify,1
Your application has been received. We'll get back to you soon.,0
Your account will be deactivated. Click http://v.ht/pay to submit KYC documents now,1
Court summons issued. Settle case by paying Rs 5000: http://sbi-verify.com,1
"Gold investment scheme. Pay Rs 10000, get 10000 returns: http://sbi-verify.com",1
Real estate investment. Rs 2000 becomes Rs 50000. Book now: 9123456789,1
"Your phone number won Rs 50,000 cash in Amazon draw. Contact 8877665544",1
"Guaranteed returns! Invest Rs 500, earn Rs 100000. WhatsApp 9123456789",1
The client liked our proposal. Great work team!,0
Account update karo warna band ho jayega: http://tinyurl.com/xyz,1
The match starts at 7 PM. Are you watching?,0
The weather looks good for the picnic on Sunday.,0
COD order confirmation needed. Advance Rs 25000: verify@paytm,1
Freshers wanted for Software Engineer. One-time fee Rs 10000. Apply: verify@paytm,1
Happy birthday! Hope you have a great year ahead.,0
The weather looks good for the picnic on Sunday.,0
Maa ko emergency hai. Jaldi 2000 bhejo: urgent@oksbi,1
Your application has been received. We'll get back to you soon.,0
Payment of Rs 2000 received. Thank you for your purchase.,0
The client liked our proposal. Great work team!,0
Payment of Rs 25000 received. Thank you for your purchase.,0
"Dear customer, your credit card is blocked. Click http://bit.ly/verify to unlock.",1
Can you pick up groceries on your way home? Need milk and bread.,0
Use 2610 to complete your transaction on Bank.,0
Wipro bumper offer! You won iPhone 15. Pay Rs 50 for delivery: help@ybl,1
Remote job at Flipkart. Send Rs 5000 for offer letter: urgent@oksbi,1
Your assignment has been graded. Good work!,0
The match starts at 3 PM. Are you watching?,0
The package you ordered was delivered to your doorstep.,0
Payment of Rs 500 received. Thank you for your purchase.,0
The party is at Sneha's place at 7 PM. See you there!,0
Speed Post parcel pending. Pay Rs 2000 charges: help@ybl,1
Parcel from Dubai held at customs. Clear Rs 1000 duty: 9876543210,1
Your assignment has been graded. Good work!,0
"OTP share karo jaldi, account band ho jayega: 6004",1
Tumhara UPI verify karna hai. Rs 1 bhejo payment@okaxis pe,1
The client liked our proposal. Great work team!,0
See you at the gym tomorrow morning at 7 PM.,0
Your transaction of Rs 50000 at pharmacy was successful.,0
The package you ordered was delivered to your doorstep.,0
The team outing is planned for next Friday. Mark your calendar.,0
Work from home job! Earn 50000 daily. No experience needed. WhatsApp 8877665544,1
Please send the project report by Monday morning. Thanks!,0
Your exam results have been published. Check the portal.,0
Thanks for your help yesterday. Really appreciate it!,0
See you at the gym tomorrow morning at 10 AM.,0
Happy anniversary! Wishing you many more years of happiness.,0
Please review the attached document and share feedback.,0
The meeting has been rescheduled to 10 AM. Please confirm.,0
"Papa hospital mein hain, urgent 2000 chahiye. Send to collect@okicici",1
Did you finish watching that series? No spoilers please!,0
Son in police custody. Send Rs 10000 immediately to payment@okaxis,1
Your mobile number will be blocked. Clear pending Rs 50000: 7766554433,1
You have won Rs 25000 in Indian Idol lottery! Call 9876543210 to claim your prize.,1
Lunch at the usual place? I'll be there by 8 PM.,0
Papa ko heart attack hua. ICU fee Rs 500 urgent: 9988776655,1
Your cab will arrive in 5 minutes. Driver: Anjali,0
This is Cyber Crime. A case has been filed against your Aadhaar. Pay fine of Rs 25000 or face arrest.,1
You won cashback of Rs 50000! Claim now by sending Rs 10 to help@ybl,1
Happy anniversary! Wishing you many more years of happiness.,0
You have won Rs 10000 in Indian Idol lottery! Call 7766554433 to claim your prize.,1
Please send the project report by Monday morning. Thanks!,0
Did you finish watching that series? No spoilers please!,0
Maa ko emergency hai. Jaldi 2000 bhejo: payment@okaxis,1
Sister's wedding urgent expense. Send Rs 50000: collect@okicici,1
Real estate investment. Rs 1000 becomes Rs 100000. Book now: 9876543210,1
The meeting has been rescheduled to 3 PM. Please confirm.,0
COD order confirmation needed. Advance Rs 5000: verify@paytm,1
Your flight booking for Hyderabad is confirmed. Check your email.,0
Use 8081 to complete your transaction on Flipkart.,0
Your PNB account is blocked. Call 9123456789 to verify your KYC immediately.,1
MLM opportunity! Earn Rs 10000 monthly. Registration Rs 50000: collect@okicici,1
Your laptop repair is complete. You can pick it up anytime.,0
Your train ticket from Delhi to Delhi is confirmed.,0
URGENT: Your account shows suspicious activity. Verify at http://v.ht/pay or call 9123456789,1
Your train ticket from Chennai to Hyderabad is confirmed.,0
Part-time job opportunity! Earn Rs 1000 per week. Send resume to 7766554433,1
"Hey, are we still meeting for dinner at 8 PM tonight?",0
Thanks for your help yesterday. Really appreciate it!,0
Your assignment has been graded. Good work!,0
Paytm KYC pending. Send Rs 1 to help@ybl to activate full wallet,1
Google Pay reward Rs 10000 credited. Verify UPI at verify@paytm,1
The team outing is planned for next Friday. Mark your calendar.,0
MLM opportunity! Earn Rs 50000 monthly. Registration Rs 25000: payment@okaxis,1
RBI Notice: Your PAN card is not linked. Share OTP 9705 to avoid penalty,1
Did you see the new update on the company portal about holidays?,0
See you at the gym tomorrow morning at 5:30 PM.,0
The client liked our proposal. Great work team!,0
Happy anniversary! Wishing you many more years of happiness.,0
Congratulations on your promotion! Well deserved.,0
Account verification pending. Submit Aadhaar OTP 5753 to activate services,1
Congratulations! Rs 5000 added to your account. Withdraw at help@ybl,1
You won Laptop in lucky draw. Courier charges Rs 200: http://tinyurl.com/xyz,1
Account update karo warna band ho jayega: http://bit.ly/verify,1
Cyber Crime Notice: Your number is linked to fraud. Pay Rs 25000: 9876543210,1
See you at the gym tomorrow morning at 6 PM.,0
Your gas connection will be terminated. Clear dues Rs 500: verify@paytm,1
The meeting has been rescheduled to 3 PM. Please confirm.,0
Your application has been received. We'll get back to you soon.,0
Your UPI payment of Rs 10000 to pharmacy is successful.,0
Please review the attached document and share feedback.,0
The match starts at 10 AM. Are you watching?,0
Sister's wedding urgent expense. Send Rs 500: payment@okaxis,1
Congratulations! You are hired by Google. Send Rs 10000 for laptop delivery to: help@ybl,1
Your assignment has been graded. Good work!,0
Thanks for attending the webinar. Here's the recording link.,0
Beta kidnapped. Don't call police. Send Rs 10000 to verify@paytm,1
Flipkart COD order. Pay Rs 5000 advance for delivery: verify@paytm,1
You are selected for KBC prize of Rs 10000. Call 7766554433 now,1
Rs 50000 credited to your account. Balance: Rs 40019.,0
Your Amazon order requires Re-verification. Update payment: http://v.ht/pay,1
URGENT: Your account shows suspicious activity. Verify at http://bit.ly/verify or call 7766554433,1
You have won Rs 5000 in KBC lottery! Call 9988776655 to claim your prize.,1
The client liked our proposal. Great work team!,0
"Gold investment scheme. Pay Rs 50000, get 100000 returns: http://bit.ly/verify",1
The client liked our proposal. Great work team!,0
HCL COD order. Pay Rs 1000 advance for delivery: urgent@oksbi,1
Bitcoin trading opportunity. Rs 10000 investment = Rs 25000 profit. Join: http://v.ht/pay,1
Wipro COD order. Pay Rs 500 advance for delivery: payment@okaxis,1
Tumhara UPI verify karna hai. Rs 1 bhejo help@ybl pe,1
"Your phone number won Rs 50,000 cash in TCS draw. Contact 9123456789",1
Your ATM card is expired. Update details at http://v.ht/pay to avoid account freeze,1
Can you share the meeting notes from yesterday's call?,0
Did you see the new update on the company portal about holidays?,0
Receive your OLX payment of Rs 1000. Scan QR and enter UPI PIN: http://tinyurl.com/xyz,1
Beta kidnapped. Don't call police. Send Rs 1000 to payment@okaxis,1
Your PNB account will be closed in 24 hours. Update KYC: http://bit.ly/verify,1
Don't forget about the presentation tomorrow at 3 PM.,0
Your subscription has been renewed successfully. Thank you!,0
"Guaranteed returns! Invest Rs 2000, earn Rs 10000. WhatsApp 7766554433",1
Your Paytm wallet is locked. Unlock by paying Rs 10 to collect@okicici,1
Thanks for attending the webinar. Here's the recording link.,0
"Your Axis Bank debit card has been used for Rs 500. If not you, call 8877665544",1
Your laptop repair is complete. You can pick it up anytime.,0
Your gym membership has been renewed for another year.,0
Your Axis Bank account is blocked. Call 9988776655 to verify your KYC immediately.,1
Your flight booking for Pune is confirmed. Check your email.,0
"Papa hospital mein hain, urgent 25000 chahiye. Send to collect@okicici",1
Your laptop repair is complete. You can pick it up anytime.,0
Salary nahi aayi? HR se contact karo 7766554433 pe,1
Your Amazon order requires Re-verification. Update payment: http://tinyurl.com/xyz,1
The client liked our proposal. Great work team!,0
International courier delivery. Customs fee Rs 1000: 8877665544,1
You have unclaimed refund of Rs 25000. Collect at urgent@oksbi,1
Your OTP for Amazon login is 1951. Do not share this with anyone.,0
Your subscription has been renewed successfully. Thank you!,0
Freshers wanted for Data Entry Operator. One-time fee Rs 50000. Apply: help@ybl,1
Google Pay reward Rs 500 credited. Verify UPI at urgent@oksbi,1
Papa ko heart attack hua. ICU fee Rs 2000 urgent: 7766554433,1
Please send the project report by Monday morning. Thanks!,0
The event starts at 7 PM. Don't be late!,0
Your electricity connection will be cut in 2 hours. Pay pending bill now: http://sbi-verify.com,1
Receive your OLX payment of Rs 25000. Scan QR and enter UPI PIN: http://bit.ly/verify,1
Amazon lucky draw jeeta hai. 500 delivery charges bhejo: help@ybl,1
Lunch at the usual place? I'll be there by 5:30 PM.,0
Your phone number won Laptop in TCS draw. Contact 9988776655,1
Did you see the new update on the company portal about holidays?,0
Remote job at Amazon. Send Rs 5000 for offer letter: verify@paytm,1
Can you pick up groceries on your way home? Need milk and bread.,0
Your package is ready. Pay Rs 25000 shipping: http://bit.ly/verify,1
Mom: I paid the electricity bill online. Receipt is on your WhatsApp.,0
Your Paytm wallet is locked. Unlock by paying Rs 10 to payment@okaxis,1
Police Alert: Arrest warrant issued. Pay Rs 2000 fine to cancel: http://v.ht/pay,1
Your Amazon order requires Re-verification. Update payment: http://tinyurl.com/xyz,1
You are selected for KBC prize of Rs 1000. Call 9876543210 now,1
The event starts at 7 PM. Don't be late!,0
Happy anniversary! Wishing you many more years of happiness.,0
The match starts at 3 PM. Are you watching?,0
Congratulations! You won Gold Coin in lucky draw. Claim at http://tinyurl.com/xyz,1
Salary nahi aayi? HR se contact karo 9876543210 pe,1
Thanks for attending the webinar. Here's the recording link.,0
Don't forget about the presentation tomorrow at 7 PM.,0
Urgent hiring for Customer Support at Wipro. Registration fee Rs 500. Contact 9876543210,1
You are selected for Big Boss prize of Rs 25000. Call 9876543210 now,1
RBI Alert: Your account will be suspended. Share OTP to reactivate: 7504,1
KBC Lottery winner! Rs 10000 credited. Verify at 9876543210,1
"Bhai bike accident, hospital bill Rs 1000. Help: help@ybl",1
"Hey, are we still meeting for dinner at 5:30 PM tonight?",0
Delivery on hold. Pay Rs 2000 re-delivery charges: 8877665544,1
HCL COD order. Pay Rs 1000 advance for delivery: collect@okicici,1
Your friend had an accident. Send Rs 500 for treatment: payment@okaxis,1
The package you ordered was delivered to your doorstep.,0
Your transaction of Rs 10000 at grocery store was successful.,0
The team outing is planned for next Friday. Mark your calendar.,0
Payment of Rs 1000 received. Thank you for your purchase.,0
Don't forget about the presentation tomorrow at 3 PM.,0
Your order has been shipped and will arrive by Monday.,0
Please send the project report by Monday morning. Thanks!,0
Payment of Rs 25000 received. Thank you for your purchase.,0
You have won Rs 25000 in Indian Idol lottery! Call 9988776655 to claim your prize.,1
Your Paytm account verification code is 3310.,0
Rs 50000 debited from your account for Flipkart subscription.,0
Your transaction of Rs 25000 at petrol pump was successful.,0
Your train ticket from Chennai to Pune is confirmed.,0
The weather looks good for the picnic on Sunday.,0
Rs 1000 credited to your account. Balance: Rs 28596.,0
Police Notice: Your Aadhaar is used in illegal activity. Pay Rs 500 penalty: 9988776655,1
Your internet bill for this month is Rs 10000.,0
"Dear customer, your credit card is blocked. Click http://tinyurl.com/xyz to unlock.",1
Your Amazon order requires Re-verification. Update payment: http://sbi-verify.com,1
Stock market tips! Earn Rs 25000 daily. Join now: 8877665544,1
You have won Rs 1000 in Big Boss lottery! Call 7766554433 to claim your prize.,1
"OTP share karo jaldi, account band ho jayega: 4591",1
Aapka Kotak account block ho gaya hai. Turant call karein 7766554433,1
Maa ko emergency hai. Jaldi 1000 bhejo: verify@paytm,1
Your OTP for Bank login is 8620. Do not share this with anyone.,0
The party is at Sneha's place at 8 PM. See you there!,0
Your gas connection will be terminated. Clear dues Rs 10000: urgent@oksbi,1
Maa ko emergency hai. Jaldi 500 bhejo: urgent@oksbi,1
Let's catch up this weekend. Are you free on Saturday?,0
Speed Post parcel pending. Pay Rs 5000 charges: collect@okicici,1
Don't forget about the presentation tomorrow at 5:30 PM.,0
Salary nahi aayi? HR se contact karo 9123456789 pe,1
Your application has been received. We'll get back to you soon.,0
Rs 5000 debited from your account for Paytm subscription.,0
KBC Lottery winner! Rs 2000 credited. Verify at 9123456789,1
You have won Rs 25000 in KBC lottery! Call 9988776655 to claim your prize.,1
Send 1 rupee to verify your UPI: urgent@oksbi,1
Don't forget about the presentation tomorrow at 3 PM.,0
The package you ordered was delivered to your doorstep.,0
TCS COD order. Pay Rs 500 advance for delivery: help@ybl,1
Security Alert: Someone logged into your HDFC account from Hyderabad. Call 7766554433,1
Your Bank account verification code is 3132.,0
Dinner was amazing! Thanks for the recommendation.,0
The meeting has been rescheduled to 6 PM. Please confirm.,0
The weather looks good for the picnic on Sunday.,0
Paytm mein 50000 rupay credited hain. Claim karo: payment@okaxis,1
Your application has been received. We'll get back to you soon.,0
Your laptop repair is complete. You can pick it up anytime.,0
Happy anniversary! Wishing you many more years of happiness.,0
The package you ordered was delivered to your doorstep.,0
"Bhai urgent accident ho gaya hai, help chahiye. Is UPI pe bhej do: payment@okaxis",1
Dinner was amazing! Thanks for the recommendation.,0
Reminder: Doctor's appointment on Tuesday at 10 AM.,0
Google is recruiting. Apply now by paying Rs 500 document fee: collect@okicici,1
Receive your OLX payment of Rs 2000. Scan QR and enter UPI PIN: http://v.ht/pay,1
You have won Rs 10000 in Indian Idol lottery! Call 9876543210 to claim your prize.,1
Invest Rs 25000 in cryptocurrency. Double returns in 60 days. Register: http://tinyurl.com/xyz,1
TCS COD order. Pay Rs 1000 advance for delivery: payment@okaxis,1
Forex trading signals. Earn Rs 25000 daily. Fee Rs 25000: payment@okaxis,1
Google is recruiting. Apply now by paying Rs 50000 document fee: payment@okaxis,1
Lucky winner! You won Rs 50000. Claim fee Rs 50: payment@okaxis,1
Can you pick up groceries on your way home? Need milk and bread.,0
Payment of Rs 1000 received. Thank you for your purchase.,0
"Mummy phone chori ho gaya hai, naye number pe 50000 bhej do: verify@paytm",1
Your cab will arrive in 5 minutes. Driver: Priya,0
"Bhai urgent accident ho gaya hai, help chahiye. Is UPI pe bhej do: urgent@oksbi",1
Amazon: Your one-time password is 5435. Do not share.,0
Rs 2000 credited to your account. Balance: Rs 30371.,0
Congratulations! Rs 5000 added to your account. Withdraw at payment@okaxis,1
"Hey, are we still meeting for dinner at 8 PM tonight?",0
Congratulations! You won Laptop in lucky draw. Claim at http://tinyurl.com/xyz,1
"Beta, bahut emergency hai. 2000 bhej do is number pe: 9123456789",1
The team outing is planned for next Friday. Mark your calendar.,0
Your UPI PIN will expire today. Verify by sending Rs 1 to payment@okaxis,1
Please send the project report by Monday morning. Thanks!,0
Your Amazon order requires Re-verification. Update payment: http://sbi-verify.com,1
Please review the attached document and share feedback.,0
"OTP share karo jaldi, account band ho jayega: 7026",1
Part-time job opportunity! Earn Rs 25000 per week. Send resume to 9988776655,1
The package you ordered was delivered to your doorstep.,0
Your gas connection will be terminated. Clear dues Rs 1000: urgent@oksbi,1
Payment of Rs 2000 received. Thank you for your purchase.,0
Send 1 rupee to verify your UPI: collect@okicici,1
Google Pay: Your one-time password is 1637. Do not share.,0
Your gas connection will be terminated. Clear dues Rs 5000: payment@okaxis,1
"Gold investment scheme. Pay Rs 10000, get 10000 returns: http://tinyurl.com/xyz",1
Police Notice: Your Aadhaar is used in illegal activity. Pay Rs 1000 penalty: 9876543210,1
Your application has been received. We'll get back to you soon.,0
Please review the attached document and share feedback.,0
Dinner was amazing! Thanks for the recommendation.,0
Please send the project report by Monday morning. Thanks!,0
Your cab will arrive in 5 minutes. Driver: Anjali,0
2091 is your verification code for Google Pay. Valid for 10 minutes.,0
Bank of India Alert: Unusual transaction detected. Verify OTP 2766 within 1 hour,1
Your application has been received. We'll get back to you soon.,0
Your assignment has been graded. Good work!,0
Your OTP for Paytm login is 7636. Do not share this with anyone.,0
Your laptop repair is complete. You can pick it up anytime.,0
Dinner was amazing! Thanks for the recommendation.,0
Your gym membership has been renewed for another year.,0
Your friend had an accident. Send Rs 5000 for treatment: verify@paytm,1
Your ICICI account will be closed in 24 hours. Update KYC: http://sbi-verify.com,1
Aapka PNB account block ho gaya hai. Turant call karein 7766554433,1
Maa ko emergency hai. Jaldi 50000 bhejo: payment@okaxis,1
Use 9507 to complete your transaction on Amazon.,0
ICICI Alert: Unusual transaction detected. Verify OTP 5626 within 1 hour,1
Your account will be deactivated. Click http://bit.ly/verify to submit KYC documents now,1
Did you see the new update on the company portal about holidays?,0
Lucky winner! You won Rs 50000. Claim fee Rs 500: verify@paytm,1
"Mom says the food is ready, come home soon from the office.",0
You have unclaimed refund of Rs 500. Collect at urgent@oksbi,1
Your gas connection will be terminated. Clear dues Rs 1000: help@ybl,1
Your UPI payment of Rs 50000 to restaurant is successful.,0
Don't forget about the presentation tomorrow at 10 AM.,0
Forex trading signals. Earn Rs 100000 daily. Fee Rs 25000: urgent@oksbi,1
Your laptop repair is complete. You can pick it up anytime.,0
Traffic Police: Challan of Rs 10000 pending. Pay now: http://v.ht/pay,1
Your electricity connection will be cut in 2 hours. Pay pending bill now: http://bit.ly/verify,1
Your subscription has been renewed successfully. Thank you!,0
"Dear customer, your account has been debited Rs 50000. Call 8877665544 if unauthorized",1
The meeting has been rescheduled to 5:30 PM. Please confirm.,0
Urgent hiring for Customer Support at Amazon. Registration fee Rs 50000. Contact 9988776655,1
Parcel from USA held at customs. Clear Rs 5000 duty: 9123456789,1
You are selected for KBC prize of Rs 25000. Call 7766554433 now,1
Did you see the new update on the company portal about holidays?,0
Thanks for attending the webinar. Here's the recording link.,0
Paytm mein 50000 rupay credited hain. Claim karo: payment@okaxis,1
Google Pay reward Rs 500 credited. Verify UPI at verify@paytm,1
Paytm: Your one-time password is 3476. Do not share.,0
Your account will be deactivated. Click http://bit.ly/verify to submit KYC documents now,1
"Guaranteed returns! Invest Rs 10000, earn Rs 25000. WhatsApp 7766554433",1
Your gym membership has been renewed for another year.,0
HCL lucky draw! You won Samsung TV. Pay Rs 10 shipping: http://bit.ly/verify,1
Can you pick up groceries on your way home? Need milk and bread.,0
Congratulations! You won Laptop in lucky draw. Claim at http://tinyurl.com/xyz,1
Send 1 rupee to verify your UPI: help@ybl,1
KBC Lottery winner! Rs 2000 credited. Verify at 9123456789,1
Did you finish watching that series? No spoilers please!,0
See you at the gym tomorrow morning at 5:30 PM.,0
Beta kidnapped. Don't call police. Send Rs 500 to urgent@oksbi,1
Your flight booking for Hyderabad is confirmed. Check your email.,0
You won cashback of Rs 500! Claim now by sending Rs 10 to payment@okaxis,1
Lucky winner! You won Rs 10000. Claim fee Rs 100: collect@okicici,1
Your laptop repair is complete. You can pick it up anytime.,0
Your friend had an accident. Send Rs 50000 for treatment: collect@okicici,1
Your mobile number will be blocked. Clear pending Rs 10000: 7766554433,1
Your exam results have been published. Check the portal.,0
Your cab will arrive in 5 minutes. Driver: Rahul,0
Send 1 rupee to verify your UPI: help@ybl,1
Let's catch up this weekend. Are you free on Saturday?,0
Your transaction of Rs 2000 at petrol pump was successful.,0
Your application has been received. We'll get back to you soon.,0
Genuine work from home. Earn 500 monthly. Registration: 7766554433,1
Thanks for attending the webinar. Here's the recording link.,0
"Hey, are we still meeting for dinner at 10 AM tonight?",0
Your order has been shipped and will arrive by Friday.,0
Congratulations on your promotion! Well deserved.,0
The weather looks good for the picnic on Sunday.,0
Paytm mein 50000 rupay credited hain. Claim karo: urgent@oksbi,1
You have won Rs 500 in Indian Idol lottery! Call 8877665544 to claim your prize.,1
Amazon COD order. Pay Rs 500 advance for delivery: collect@okicici,1
KBC Lottery winner! Rs 25000 credited. Verify at 8877665544,1
Mom: I paid the electricity bill online. Receipt is on your WhatsApp.,0
"Dear customer, your account has been debited Rs 5000. Call 9123456789 if unauthorized",1
"OTP share karo jaldi, account band ho jayega: 2979",1
Speed Post parcel pending. Pay Rs 5000 charges: verify@paytm,1
Rs 25000 credited to your account. Balance: Rs 23948.,0
Did you see the new update on the company portal about holidays?,0
Rs 50000 credited to your account. Balance: Rs 39764.,0
Account update karo warna band ho jayega: http://v.ht/pay,1
"Guaranteed returns! Invest Rs 10000, earn Rs 100000. WhatsApp 8877665544",1
Your Axis Bank account is blocked. Call 8877665544 to verify your KYC immediately.,1
Your package is ready. Pay Rs 5000 shipping: http://sbi-verify.com,1
Thanks for attending the webinar. Here's the recording link.,0
Urgent hiring for Customer Support at Infosys. Registration fee Rs 2000. Contact 9876543210,1
Your internet bill for this month is Rs 25000.,0
Your gas connection will be terminated. Clear dues Rs 2000: collect@okicici,1
The party is at Amit's place at 3 PM. See you there!,0
Court summons issued. Settle case by paying Rs 2000: http://v.ht/pay,1
Freshers wanted for Customer Support. One-time fee Rs 25000. Apply: collect@okicici,1
Maa ko emergency hai. Jaldi 2000 bhejo: verify@paytm,1
KBC Lottery winner! Rs 1000 credited. Verify at 8877665544,1
The team outing is planned for next Friday. Mark your calendar.,0
PhonePe offer: Get Rs 5000 cashback. Send Re 1 to verify@paytm to claim,1
"Share market secret tips. Invest Rs 25000, profit guaranteed: 8877665544",1
You are selected for KBC prize of Rs 2000. Call 9988776655 now,1
Did you see the new update on the company portal about holidays?,0
Thanks for attending the webinar. Here's the recording link.,0
"Hey, are we still meeting for dinner at 8 PM tonight?",0
The team outing is planned for next Friday. Mark your calendar.,0
Speed Post parcel pending. Pay Rs 50000 charges: verify@paytm,1
"Gold investment scheme. Pay Rs 500, get 100000 returns: http://v.ht/pay",1
Your OTP for Bank login is 8446. Do not share this with anyone.,0
"Gold investment scheme. Pay Rs 10000, get 50000 returns: http://bit.ly/verify",1
Your subscription has been renewed successfully. Thank you!,0
Your order has been shipped and will arrive by Monday.,0
Paytm KYC pending. Send Rs 1 to payment@okaxis to activate full wallet,1
You are selected for Software Engineer role. Pay Rs 2000 training fee: help@ybl,1
Police case hai tumhare Aadhaar pe. Fine bharo 25000: 9988776655,1
Security Alert: Someone logged into your PNB account from Bangalore. Call 9123456789,1
Rs 50000 debited from your account for Flipkart subscription.,0
Your OTP for Google Pay login is 5977. Do not share this with anyone.,0
Rs 2000 debited from your account for Bank subscription.,0
Your Axis Bank account is blocked. Call 9123456789 to verify your KYC immediately.,1
Your Flipkart account verification code is 6571.,0
The meeting has been rescheduled to 3 PM. Please confirm.,0
Aapka Axis Bank account block ho gaya hai. Turant call karein 9876543210,1
Your laptop repair is complete. You can pick it up anytime.,0
Freshers wanted for Customer Support. One-time fee Rs 10000. Apply: urgent@oksbi,1
Paytm mein 500 rupay credited hain. Claim karo: collect@okicici,1
Your UPI payment of Rs 500 to pharmacy is successful.,0
Bitcoin trading opportunity. Rs 50000 investment = Rs 25000 profit. Join: http://sbi-verify.com,1
"Bhai urgent accident ho gaya hai, help chahiye. Is UPI pe bhej do: help@ybl",1
The team outing is planned for next Friday. Mark your calendar.,0
You are selected for Kaun Banega Crorepati prize of Rs 25000. Call 9123456789 now,1
Your UPI payment of Rs 2000 to grocery store is successful.,0
"Mummy phone chori ho gaya hai, naye number pe 25000 bhej do: payment@okaxis",1
You are selected for KBC prize of Rs 2000. Call 9876543210 now,1
The client liked our proposal. Great work team!,0
Real estate investment. Rs 2000 becomes Rs 25000. Book now: 9123456789,1
Forex trading signals. Earn Rs 10000 daily. Fee Rs 500: payment@okaxis,1
Please review the attached document and share feedback.,0
International courier delivery. Customs fee Rs 1000: 9988776655,1
International courier delivery. Customs fee Rs 1000: 8877665544,1
Genuine work from home. Earn 50000 monthly. Registration: 9876543210,1
Google Pay reward Rs 50000 credited. Verify UPI at help@ybl,1
HCL bumper offer! You won iPhone 15. Pay Rs 10 for delivery: verify@paytm,1
Your laptop repair is complete. You can pick it up anytime.,0
Flipkart delivery failed. Confirm address and pay Rs 5000: http://tinyurl.com/xyz,1
Amazon lucky draw jeeta hai. 1000 delivery charges bhejo: verify@paytm,1
Work from home job! Earn 10000 daily. No experience needed. WhatsApp 9988776655,1
Congratulations! You won iPhone 15 in lucky draw. Claim at http://sbi-verify.com,1
Your Kotak account will be closed in 24 hours. Update KYC: http://tinyurl.com/xyz,1
The team outing is planned for next Friday. Mark your calendar.,0
Lunch at the usual place? I'll be there by 5:30 PM.,0
Traffic Police: Challan of Rs 500 pending. Pay now: http://sbi-verify.com,1
Let's catch up this weekend. Are you free on Saturday?,0
Receive your OLX payment of Rs 1000. Scan QR and enter UPI PIN: http://sbi-verify.com,1
Let's catch up this weekend. Are you free on Saturday?,0
Your phone number won Gold Coin in Amazon draw. Contact 8877665544,1
Paytm mein 10000 rupay credited hain. Claim karo: collect@okicici,1
Your subscription has been renewed successfully. Thank you!,0
Invest Rs 25000 in cryptocurrency. Double returns in 30 days. Register: http://bit.ly/verify,1
"Bhai bike accident, hospital bill Rs 5000. Help: collect@okicici",1
PhonePe offer: Get Rs 10000 cashback. Send Re 1 to help@ybl to claim,1
Please send the project report by Monday morning. Thanks!,0
Lucky winner! You won Rs 10000. Claim fee Rs 50: verify@paytm,1
Don't forget about the presentation tomorrow at 3 PM.,0
Your application has been received. We'll get back to you soon.,0
You are selected for Data Entry Operator role. Pay Rs 2000 training fee: verify@paytm,1
"Government scheme: Invest Rs 1000, get Rs 50000 return. Apply: help@ybl",1
Rs 2000 credited to your account. Balance: Rs 23840.,0
Part-time job opportunity! Earn Rs 1000 per week. Send resume to 9123456789,1
Tumhara UPI verify karna hai. Rs 1 bhejo payment@okaxis pe,1
The party is at Anjali's place at 5:30 PM. See you there!,0
Your exam results have been published. Check the portal.,0
Please send the project report by Monday morning. Thanks!,0
You are selected for Data Entry Operator role. Pay Rs 1000 training fee: payment@okaxis,1
Your Paytm wallet is locked. Unlock by paying Rs 10 to help@ybl,1
Your ATM card is expired. Update details at http://sbi-verify.com to avoid account freeze,1
Your assignment has been graded. Good work!,0
"Beta, bahut emergency hai. 2000 bhej do is number pe: 9123456789",1
Maa ko emergency hai. Jaldi 25000 bhejo: collect@okicici,1
Your order has been shipped and will arrive by next week.,0
Your exam results have been published. Check the portal.,0
Can you pick up groceries on your way home? Need milk and bread.,0
"Mummy phone chori ho gaya hai, naye number pe 2000 bhej do: payment@okaxis",1
Can you share the meeting notes from yesterday's call?,0
Flipkart: Your one-time password is 3691. Do not share.,0
Parcel from Germany held at customs. Clear Rs 25000 duty: 8877665544,1
Use 8967 to complete your transaction on Bank.,0
Aapka SBI account block ho gaya hai. Turant call karein 9876543210,1
"Dear customer, your credit card limit is reduced. Call 7766554433 to restore",1
Happy anniversary! Wishing you many more years of happiness.,0
"Mom says the food is ready, come home soon from the office.",0
Thanks for your help yesterday. Really appreciate it!,0
You have won Rs 2000 in Kaun Banega Crorepati lottery! Call 9876543210 to claim your prize.,1
Your friend had an accident. Send Rs 5000 for treatment: help@ybl,1
You have unclaimed refund of Rs 25000. Collect at help@ybl,1
Your application has been received. We'll get back to you soon.,0
"Your PNB debit card has been used for Rs 2000. If not you, call 9123456789",1
Son in police custody. Send Rs 2000 immediately to collect@okicici,1
Your electricity connection will be cut in 2 hours. Pay pending bill now: http://sbi-verify.com,1
The team outing is planned for next Friday. Mark your calendar.,0
Dinner was amazing! Thanks for the recommendation.,0
Bhai free iPhone jeetne ka mauka. Rs 1000 bhejo: verify@paytm,1
"Share market secret tips. Invest Rs 2000, profit guaranteed: 9988776655",1
Bitcoin trading opportunity. Rs 500 investment = Rs 100000 profit. Join: http://bit.ly/verify,1
Please review the attached document and share feedback.,0
The party is at Ravi's place at 3 PM. See you there!,0
Rs 1000 credited to your account. Balance: Rs 48350.,0
Your Google Pay account verification code is 7885.,0
Tumhara UPI verify karna hai. Rs 1 bhejo help@ybl pe,1
Congratulations on your promotion! Well deserved.,0
The match starts at 3 PM. Are you watching?,0
Remote job at HCL. Send Rs 25000 for offer letter: help@ybl,1
Happy anniversary! Wishing you many more years of happiness.,0
Your electricity connection will be cut in 2 hours. Pay pending bill now: http://bit.ly/verify,1
The team outing is planned for next Friday. Mark your calendar.,0
Don't forget about the presentation tomorrow at 6 PM.,0
You won cashback of Rs 2000! Claim now by sending Rs 10 to verify@paytm,1
Your Paytm wallet is locked. Unlock by paying Rs 10 to verify@paytm,1
Delivery on hold. Pay Rs 50000 re-delivery charges: 7766554433,1
Your application has been received. We'll get back to you soon.,0
Your subscription has been renewed successfully. Thank you!,0
"Dear customer, your credit card is blocked. Click http://sbi-verify.com to unlock.",1
The party is at Rahul's place at 5:30 PM. See you there!,0
Receive your OLX payment of Rs 10000. Scan QR and enter UPI PIN: http://tinyurl.com/xyz,1
Your OTP for Google Pay login is 2350. Do not share this with anyone.,0
Son in police custody. Send Rs 5000 immediately to collect@okicici,1
Congratulations on your promotion! Well deserved.,0
Your mobile number will be blocked. Clear pending Rs 2000: 8877665544,1
Your UPI PIN will expire today. Verify by sending Rs 1 to urgent@oksbi,1
The event starts at 8 PM. Don't be late!,0
"Mummy phone chori ho gaya hai, naye number pe 50000 bhej do: collect@okicici",1
Real estate investment. Rs 1000 becomes Rs 50000. Book now: 8877665544,1
Your mobile number will be blocked. Clear pending Rs 5000: 7766554433,1
The weather looks good for the picnic on Sunday.,0
Your package is ready. Pay Rs 10000 shipping: http://bit.ly/verify,1
"Guaranteed returns! Invest Rs 25000, earn Rs 100000. WhatsApp 8877665544",1
Your HDFC account will be closed in 24 hours. Update KYC: http://tinyurl.com/xyz,1
Your application has been received. We'll get back to you soon.,0
Bank: Your one-time password is 4250. Do not share.,0
RBI Alert: Your account will be suspended. Share OTP to reactivate: 6891,1
Your application has been received. We'll get back to you soon.,0
"Guaranteed returns! Invest Rs 2000, earn Rs 10000. WhatsApp 7766554433",1
Your SBI account will be closed in 24 hours. Update KYC: http://v.ht/pay,1
Can you pick up groceries on your way home? Need milk and bread.,0
The client liked our proposal. Great work team!,0
Your transaction of Rs 10000 at restaurant was successful.,0
Don't forget about the presentation tomorrow at 8 PM.,0
Traffic Police: Challan of Rs 10000 pending. Pay now: http://v.ht/pay,1
Court summons issued. Settle case by paying Rs 25000: http://v.ht/pay,1
The meeting has been rescheduled to 3 PM. Please confirm.,0
The package you ordered was delivered to your doorstep.,0
Your train ticket from Mumbai to Chennai is confirmed.,0
Your Axis Bank account will be closed in 24 hours. Update KYC: http://v.ht/pay,1
Account update karo warna band ho jayega: http://sbi-verify.com,1
Your cab will arrive in 5 minutes. Driver: Rahul,0
Your exam results have been published. Check the portal.,0
Mom: I paid the electricity bill online. Receipt is on your WhatsApp.,0
Part-time job opportunity! Earn Rs 10000 per week. Send resume to 9876543210,1
"Share market secret tips. Invest Rs 1000, profit guaranteed: 9988776655",1
RBI Alert: Your account will be suspended. Share OTP to reactivate: 4178,1
Did you see the new update on the company portal about holidays?,0
The match starts at 8 PM. Are you watching?,0
Your account will be deactivated. Click http://tinyurl.com/xyz to submit KYC documents now,1
Your application has been received. We'll get back to you soon.,0
Your Paytm account verification code is 3929.,0
Your train ticket from Hyderabad to Chennai is confirmed.,0
Your cab will arrive in 5 minutes. Driver: Anjali,0
You are selected for Data Entry Operator role. Pay Rs 10000 training fee: help@ybl,1
Bitcoin trading opportunity. Rs 25000 investment = Rs 25000 profit. Join: http://tinyurl.com/xyz,1
The party is at Amit's place at 10 AM. See you there!,0
PhonePe offer: Get Rs 1000 cashback. Send Re 1 to collect@okicici to claim,1
Speed Post parcel pending. Pay Rs 500 charges: collect@okicici,1
SBI Alert: Unusual transaction detected. Verify OTP 1360 within 1 hour,1
Don't forget about the presentation tomorrow at 6 PM.,0
Your electricity connection will be cut in 2 hours. Pay pending bill now: http://bit.ly/verify,1
KBC Lottery winner! Rs 500 credited. Verify at 7766554433,1
Your train ticket from Delhi to Mumbai is confirmed.,0
Please review the attached document and share feedback.,0
Part-time job opportunity! Earn Rs 500 per week. Send resume to 9988776655,1
Traffic Police: Challan of Rs 500 pending. Pay now: http://sbi-verify.com,1
Speed Post parcel pending. Pay Rs 25000 charges: help@ybl,1
"Mummy phone chori ho gaya hai, naye number pe 50000 bhej do: collect@okicici",1
URGENT: Your account shows suspicious activity. Verify at http://bit.ly/verify or call 9876543210,1
Paytm mein 1000 rupay credited hain. Claim karo: payment@okaxis,1
Parcel from UK held at customs. Clear Rs 500 duty: 9988776655,1
The team outing is planned for next Friday. Mark your calendar.,0
Congratulations! You are hired by HCL. Send Rs 2000 for laptop delivery to: help@ybl,1
Congratulations! Rs 50000 prize money. Processing fee Rs 200: urgent@oksbi,1
Did you see the new update on the company portal about holidays?,0
Congratulations! Rs 500 added to your account. Withdraw at verify@paytm,1
Your Paytm wallet is locked. Unlock by paying Rs 10 to help@ybl,1
Speed Post parcel pending. Pay Rs 500 charges: collect@okicici,1
Speed Post parcel pending. Pay Rs 50000 charges: verify@paytm,1
COD order confirmation needed. Advance Rs 2000: verify@paytm,1
Traffic Police: Challan of Rs 500 pending. Pay now: http://sbi-verify.com,1
Beta kidnapped. Don't call police. Send Rs 2000 to urgent@oksbi,1
Real estate investment. Rs 2000 becomes Rs 100000. Book now: 8877665544,1
3563 is your verification code for Flipkart. Valid for 10 minutes.,0
MLM opportunity! Earn Rs 10000 monthly. Registration Rs 25000: payment@okaxis,1
Can you pick up groceries on your way home? Need milk and bread.,0
Your ICICI account will be closed in 24 hours. Update KYC: http://v.ht/pay,1
Bank: Your one-time password is 9869. Do not share.,0
The team outing is planned for next Friday. Mark your calendar.,0
Congratulations! You are hired by Flipkart. Send Rs 2000 for laptop delivery to: collect@okicici,1
"Bhai bike accident, hospital bill Rs 10000. Help: payment@okaxis",1
Bitcoin trading opportunity. Rs 2000 investment = Rs 25000 profit. Join: http://bit.ly/verify,1
You have unclaimed refund of Rs 10000. Collect at urgent@oksbi,1
Rs 2000 credited to your account. Balance: Rs 44621.,0
You won cashback of Rs 50000! Claim now by sending Rs 10 to verify@paytm,1
International courier delivery. Customs fee Rs 1000: 8877665544,1
COD order confirmation needed. Advance Rs 2000: urgent@oksbi,1
Your cab will arrive in 5 minutes. Driver: Ravi,0
Paytm mein 25000 rupay credited hain. Claim karo: payment@okaxis,1
Happy birthday! Hope you have a great year ahead.,0
Paytm mein 50000 rupay credited hain. Claim karo: verify@paytm,1
Let's catch up this weekend. Are you free on Saturday?,0
"Gold investment scheme. Pay Rs 50000, get 100000 returns: http://tinyurl.com/xyz",1
Receive your OLX payment of Rs 25000. Scan QR and enter UPI PIN: http://bit.ly/verify,1
The package you ordered was delivered to your doorstep.,0
"Government scheme: Invest Rs 50000, get Rs 50000 return. Apply: help@ybl",1
Your laptop repair is complete. You can pick it up anytime.,0
Your OTP for Google Pay login is 8219. Do not share this with anyone.,0
Account verification pending. Submit Aadhaar OTP 3351 to activate services,1
Thanks for your help yesterday. Really appreciate it!,0
The team outing is planned for next Friday. Mark your calendar.,0
Can you share the meeting notes from yesterday's call?,0
Your application has been received. We'll get back to you soon.,0
HCL lucky draw! You won Gold Coin. Pay Rs 500 shipping: http://v.ht/pay,1
Your ATM card is expired. Update details at http://v.ht/pay to avoid account freeze,1
The client liked our proposal. Great work team!,0
The party is at Priya's place at 10 AM. See you there!,0
Let's catch up this weekend. Are you free on Saturday?,0
"Papa hospital mein hain, urgent 500 chahiye. Send to collect@okicici",1
ED Alert: Arrest warrant issued. Pay Rs 50000 fine to cancel: http://v.ht/pay,1
The event starts at 7 PM. Don't be late!,0
Traffic Police: Challan of Rs 1000 pending. Pay now: http://tinyurl.com/xyz,1
The event starts at 7 PM. Don't be late!,0
The weather looks good for the picnic on Sunday.,0
Your electricity connection will be cut in 2 hours. Pay pending bill now: http://v.ht/pay,1
Police case hai tumhare Aadhaar pe. Fine bharo 50000: 9876543210,1
Use 7373 to complete your transaction on Flipkart.,0
See you at the gym tomorrow morning at 3 PM.,0
Your ATM card is expired. Update details at http://sbi-verify.com to avoid account freeze,1
Your ATM card is expired. Update details at http://tinyurl.com/xyz to avoid account freeze,1
Your laptop repair is complete. You can pick it up anytime.,0
Your internet bill for this month is Rs 25000.,0
Can you pick up groceries on your way home? Need milk and bread.,0
Security Alert: Someone logged into your Bank of India account from Pune. Call 7766554433,1
"Hi, I'm the Recruiter. You are shortlisted for Software Engineer. Pay Rs 500 for docs: verify@paytm",1
Did you finish watching that series? No spoilers please!,0
Invest Rs 50000 in cryptocurrency. Double returns in 60 days. Register: http://sbi-verify.com,1
The team outing is planned for next Friday. Mark your calendar.,0
Aapka Kotak account block ho gaya hai. Turant call karein 7766554433,1
The party is at Sneha's place at 6 PM. See you there!,0
Rs 10000 debited from your account for Paytm subscription.,0
Happy anniversary! Wishing you many more years of happiness.,0
Beta kidnapped. Don't call police. Send Rs 25000 to collect@okicici,1
Lucky winner! You won Rs 2000. Claim fee Rs 500: payment@okaxis,1
Stock market tips! Earn Rs 100000 daily. Join now: 7766554433,1
Your gas connection will be terminated. Clear dues Rs 10000: payment@okaxis,1
Amazon: Your one-time password is 3380. Do not share.,0
MLM opportunity! Earn Rs 10000 monthly. Registration Rs 2000: help@ybl,1
Google Pay: Your one-time password is 3165. Do not share.,0
"Guaranteed returns! Invest Rs 10000, earn Rs 100000. WhatsApp 9123456789",1
The match starts at 10 AM. Are you watching?,0
Congratulations on your promotion! Well deserved.,0
Cyber Crime Alert: Arrest warrant issued. Pay Rs 500 fine to cancel: http://bit.ly/verify,1
"OTP share karo jaldi, account band ho jayega: 5594",1
Work from home job! Earn 2000 daily. No experience needed. WhatsApp 8877665544,1
Can you pick up groceries on your way home? Need milk and bread.,0
4982 is your verification code for Amazon. Valid for 10 minutes.,0
Your gym membership has been renewed for another year.,0
Did you finish watching that series? No spoilers please!,0
Reminder: Doctor's appointment on next week at 5:30 PM.,0
Your Paytm wallet is locked. Unlock by paying Rs 10 to help@ybl,1
Please send the project report by Monday morning. Thanks!,0
Thanks for your help yesterday. Really appreciate it!,0
Mom: I paid the electricity bill online. Receipt is on your WhatsApp.,0
Genuine work from home. Earn 1000 monthly. Registration: 9988776655,1
Paytm mein 5000 rupay credited hain. Claim karo: urgent@oksbi,1
"I'll be late for the meeting, stuck in traffic near HSR Layout.",0
Lucky winner! You won Rs 500. Claim fee Rs 100: payment@okaxis,1
Delivery on hold. Pay Rs 10000 re-delivery charges: 7766554433,1
"Mummy phone chori ho gaya hai, naye number pe 50000 bhej do: help@ybl",1
Lunch at the usual place? I'll be there by 5:30 PM.,0
TCS lucky draw! You won Samsung TV. Pay Rs 100 shipping: http://sbi-verify.com,1
Your transaction of Rs 25000 at petrol pump was successful.,0
Don't forget about the presentation tomorrow at 5:30 PM.,0
Your application has been received. We'll get back to you soon.,0
Please send the project report by Monday morning. Thanks!,0
"Papa hospital mein hain, urgent 25000 chahiye. Send to help@ybl",1
The meeting has been rescheduled to 6 PM. Please confirm.,0
Remote job at HCL. Send Rs 2000 for offer letter: collect@okicici,1
Happy anniversary! Wishing you many more years of happiness.,0
The client liked our proposal. Great work team!,0
Beta kidnapped. Don't call police. Send Rs 500 to verify@paytm,1
Congratulations on your promotion! Well deserved.,0
The weather looks good for the picnic on Sunday.,0
Security Alert: Someone logged into your PNB account from Delhi. Call 8877665544,1
Account verification pending. Submit Aadhaar OTP 9916 to activate services,1
"Bhai bike accident, hospital bill Rs 5000. Help: help@ybl",1
"Hey, are we still meeting for dinner at 3 PM tonight?",0
"Mummy phone chori ho gaya hai, naye number pe 25000 bhej do: urgent@oksbi",1
COD order confirmation needed. Advance Rs 500: help@ybl,1
"Dear customer, your credit card limit is reduced. Call 9876543210 to restore",1
Your cab will arrive in 5 minutes. Driver: Amit,0
Your flight booking for Delhi is confirmed. Check your email.,0
Security Alert: Someone logged into your Bank of India account from Mumbai. Call 9876543210,1
Your internet bill for this month is Rs 10000.,0
The meeting has been rescheduled to 5:30 PM. Please confirm.,0
Your UPI PIN will expire today. Verify by sending Rs 1 to payment@okaxis,1
Please send the project report by Monday morning. Thanks!,0
Remote job at Flipkart. Send Rs 10000 for offer letter: payment@okaxis,1
Income Tax Notice: Pay pending Rs 5000 tax immediately. Visit http://sbi-verify.com,1
Maa ko emergency hai. Jaldi 500 bhejo: verify@paytm,1
Your ATM card is expired. Update details at http://v.ht/pay to avoid account freeze,1
See you at the gym tomorrow morning at 10 AM.,0
Wipro lucky draw! You won iPhone 15. Pay Rs 500 shipping: http://v.ht/pay,1
Axis Bank Alert: Unusual transaction detected. Verify OTP 8769 within 1 hour,1
The meeting has been rescheduled to 6 PM. Please confirm.,0
"OTP share karo jaldi, account band ho jayega: 2278",1
Work from home job! Earn 1000 daily. No experience needed. WhatsApp 9988776655,1
Your internet bill for this month is Rs 1000.,0
Use 9701 to complete your transaction on Google Pay.,0
Your transaction of Rs 2000 at restaurant was successful.,0
Did you finish watching that series? No spoilers please!,0
Rs 50000 debited from your account for Paytm subscription.,0
Google Pay: Your one-time password is 9464. Do not share.,0
Your UPI payment of Rs 2000 to pharmacy is successful.,0
Your SBI account is blocked. Call 9123456789 to verify your KYC immediately.,1
Your Kotak account is blocked. Call 9123456789 to verify your KYC immediately.,1
TCS lucky draw! You won Laptop. Pay Rs 100 shipping: http://sbi-verify.com,1
Your assignment has been graded. Good work!,0
"Share market secret tips. Invest Rs 25000, profit guaranteed: 9988776655",1
"Mom says the food is ready, come home soon from the office.",0
Part-time job opportunity! Earn Rs 500 per week. Send resume to 9123456789,1
Cyber Crime Notice: Your number is linked to fraud. Pay Rs 50000: 9123456789,1
Your Google Pay account verification code is 7587.,0
Let's catch up this weekend. Are you free on Saturday?,0
The package you ordered was delivered to your doorstep.,0
Your mobile number will be blocked. Clear pending Rs 2000: 8877665544,1
Your gas connection will be terminated. Clear dues Rs 25000: verify@paytm,1
Payment of Rs 50000 received. Thank you for your purchase.,0
Dinner was amazing! Thanks for the recommendation.,0
"Papa hospital mein hain, urgent 1000 chahiye. Send to help@ybl",1
Your application has been received. We'll get back to you soon.,0
Speed Post parcel pending. Pay Rs 2000 charges: collect@okicici,1
Forex trading signals. Earn Rs 25000 daily. Fee Rs 25000: help@ybl,1
"Dear customer, your credit card limit is reduced. Call 9988776655 to restore",1
Your phone number won Samsung TV in Amazon draw. Contact 9988776655,1
Your application has been received. We'll get back to you soon.,0
Your cab will arrive in 5 minutes. Driver: Anjali,0
Papa ko heart attack hua. ICU fee Rs 500 urgent: 9876543210,1
Congratulations! You won Samsung TV in lucky draw. Claim at http://bit.ly/verify,1
PhonePe offer: Get Rs 50000 cashback. Send Re 1 to verify@paytm to claim,1
Bitcoin trading opportunity. Rs 1000 investment = Rs 25000 profit. Join: http://sbi-verify.com,1
Congratulations! Rs 5000 prize money. Processing fee Rs 100: verify@paytm,1
You won cashback of Rs 5000! Claim now by sending Rs 10 to collect@okicici,1
"Your phone number won Rs 50,000 cash in Flipkart draw. Contact 9876543210",1
Your ICICI mobile banking is locked. Reset PIN by calling 9876543210,1
KBC Lottery winner! Rs 5000 credited. Verify at 9876543210,1
"Hi, I'm the Manager. You are shortlisted for Data Entry Operator. Pay Rs 25000 for docs: verify@paytm",1
Don't forget about the presentation tomorrow at 5:30 PM.,0
Son in police custody. Send Rs 10000 immediately to urgent@oksbi,1
Genuine work from home. Earn 5000 monthly. Registration: 8877665544,1
Delivery on hold. Pay Rs 5000 re-delivery charges: 7766554433,1
Congratulations on your promotion! Well deserved.,0
Your train ticket from Chennai to Pune is confirmed.,0
"Dear customer, your credit card is blocked. Click http://v.ht/pay to unlock.",1
The match starts at 5:30 PM. Are you watching?,0
KBC Lottery winner! Rs 5000 credited. Verify at 9876543210,1
"Papa hospital mein hain, urgent 1000 chahiye. Send to verify@paytm",1
Remote job at HCL. Send Rs 5000 for offer letter: urgent@oksbi,1
Wipro is recruiting. Apply now by paying Rs 5000 document fee: payment@okaxis,1
The event starts at 8 PM. Don't be late!,0
The event starts at 6 PM. Don't be late!,0
Son in police custody. Send Rs 50000 immediately to payment@okaxis,1
Your PNB account is blocked. Call 9876543210 to verify your KYC immediately.,1
Google Pay reward Rs 25000 credited. Verify UPI at payment@okaxis,1
Lunch at the usual place? I'll be there by 8 PM.,0
Flipkart: Your one-time password is 5229. Do not share.,0
Reminder: Doctor's appointment on Tuesday at 3 PM.,0
Happy birthday! Hope you have a great year ahead.,0
Police case hai tumhare Aadhaar pe. Fine bharo 50000: 9123456789,1
Your internet bill for this month is Rs 2000.,0
The match starts at 8 PM. Are you watching?,0
Your Amazon order requires Re-verification. Update payment: http://sbi-verify.com,1
The weather looks good for the picnic on Sunday.,0
Flipkart delivery failed. Confirm address and pay Rs 500: http://bit.ly/verify,1
Congratulations on your promotion! Well deserved.,0
Work from home job! Earn 500 daily. No experience needed. WhatsApp 9123456789,1
Cyber Crime Notice: Your number is linked to fraud. Pay Rs 1000: 9876543210,1
Invest Rs 50000 in cryptocurrency. Double returns in 7 days. Register: http://v.ht/pay,1
The client liked our proposal. Great work team!,0
Forex trading signals. Earn Rs 10000 daily. Fee Rs 5000: payment@okaxis,1
This is CBI. A case has been filed against your Aadhaar. Pay fine of Rs 10000 or face arrest.,1
"Gold investment scheme. Pay Rs 10000, get 50000 returns: http://bit.ly/verify",1
The meeting has been rescheduled to 10 AM. Please confirm.,0
The package you ordered was delivered to your doorstep.,0
Your internet bill for this month is Rs 1000.,0
Your internet bill for this month is Rs 10000.,0
Speed Post parcel pending. Pay Rs 2000 charges: verify@paytm,1
The team outing is planned for next Friday. Mark your calendar.,0
Paytm KYC pending. Send Rs 1 to urgent@oksbi to activate full wallet,1
Work from home job! Earn 1000 daily. No experience needed. WhatsApp 9123456789,1
Wipro bumper offer! You won Samsung TV. Pay Rs 500 for delivery: help@ybl,1
Did you finish watching that series? No spoilers please!,0
Account verification pending. Submit Aadhaar OTP 5430 to activate services,1
Your Paytm wallet is locked. Unlock by paying Rs 10 to urgent@oksbi,1
Your assignment has been graded. Good work!,0
Your subscription has been renewed successfully. Thank you!,0
Your subscription has been renewed successfully. Thank you!,0
The client liked our proposal. Great work team!,0
Your transaction of Rs 10000 at Amazon was successful.,0
Flipkart: Your one-time password is 1457. Do not share.,0
Papa ko heart attack hua. ICU fee Rs 500 urgent: 7766554433,1
"Government scheme: Invest Rs 5000, get Rs 25000 return. Apply: verify@paytm",1
The client liked our proposal. Great work team!,0
Freshers wanted for Data Entry Operator. One-time fee Rs 500. Apply: help@ybl,1
Happy anniversary! Wishing you many more years of happiness.,0
Rs 2000 credited to your account. Balance: Rs 11722.,0
Your laptop repair is complete. You can pick it up anytime.,0
Your order has been shipped and will arrive by tomorrow.,0
Your Paytm account verification code is 6508.,0
See you at the gym tomorrow morning at 6 PM.,0
The event starts at 8 PM. Don't be late!,0
RBI Alert: Your account will be suspended. Share OTP to reactivate: 3775,1
Your shoes delivery is pending. Pay Rs 5000 customs fee: http://sbi-verify.com,1
Did you finish watching that series? No spoilers please!,0
Your application has been received. We'll get back to you soon.,0
"Hi, I'm the Recruiter. You are shortlisted for Software Engineer. Pay Rs 25000 for docs: verify@paytm",1
Paytm KYC pending. Send Rs 1 to verify@paytm to activate full wallet,1
Happy anniversary! Wishing you many more years of happiness.,0
Did you finish watching that series? No spoilers please!,0
The team outing is planned for next Friday. Mark your calendar.,0
The party is at Rahul's place at 10 AM. See you there!,0
Your electricity connection will be cut in 2 hours. Pay pending bill now: http://sbi-verify.com,1
Rs 500 credited to your account. Balance: Rs 16713.,0
Thanks for your help yesterday. Really appreciate it!,0
You are selected for HR Executive role. Pay Rs 50000 training fee: help@ybl,1
"Hi, I'm the Senior HR. You are shortlisted for Data Entry Operator. Pay Rs 500 for docs: urgent@oksbi",1
This is Income Tax. A case has been filed against your Aadhaar. Pay fine of Rs 50000 or face arrest.,1
Police Notice: Your Aadhaar is used in illegal activity. Pay Rs 50000 penalty: 9123456789,1
RBI Notice: Your PAN card is not linked. Share OTP 5029 to avoid penalty,1
Delivery on hold. Pay Rs 2000 re-delivery charges: 8877665544,1
URGENT: Your account shows suspicious activity. Verify at http://bit.ly/verify or call 9988776655,1
Your UPI payment of Rs 10000 to pharmacy is successful.,0
Reminder: Doctor's appointment on Monday at 3 PM.,0
"Papa hospital mein hain, urgent 50000 chahiye. Send to help@ybl",1
"OTP share karo jaldi, account band ho jayega: 1835",1
Remote job at Google. Send Rs 50000 for offer letter: payment@okaxis,1
"Hi, I'm the Senior HR. You are shortlisted for Data Entry Operator. Pay Rs 10000 for docs: collect@okicici",1
Sister's wedding urgent expense. Send Rs 2000: collect@okicici,1
Mom: I paid the electricity bill online. Receipt is on your WhatsApp.,0
Your UPI payment of Rs 10000 to pharmacy is successful.,0
Thanks for your help yesterday. Really appreciate it!,0
Your Paytm wallet is locked. Unlock by paying Rs 10 to payment@okaxis,1
Bhai free iPhone jeetne ka mauka. Rs 50000 bhejo: verify@paytm,1
Did you see the new update on the company portal about holidays?,0
Happy anniversary! Wishing you many more years of happiness.,0
Thanks for your help yesterday. Really appreciate it!,0
Court summons issued. Settle case by paying Rs 25000: http://bit.ly/verify,1
"Dear customer, your account has been debited Rs 5000. Call 9988776655 if unauthorized",1
4058 is your verification code for Paytm. Valid for 10 minutes.,0
Congratulations on your promotion! Well deserved.,0
"Dear customer, your credit card limit is reduced. Call 9988776655 to restore",1
"Share market secret tips. Invest Rs 500, profit guaranteed: 9123456789",1
Thanks for your help yesterday. Really appreciate it!,0
Stock market tips! Earn Rs 100000 daily. Join now: 9988776655,1
The team outing is planned for next Friday. Mark your calendar.,0
Your internet bill for this month is Rs 2000.,0
Use 6791 to complete your transaction on Amazon.,0
Lucky winner! You won Rs 50000. Claim fee Rs 100: urgent@oksbi,1
Can you share the meeting notes from yesterday's call?,0
See you at the gym tomorrow morning at 10 AM.,0
You have won Rs 5000 in Kaun Banega Crorepati lottery! Call 8877665544 to claim your prize.,1
"Hi, I'm the Senior HR. You are shortlisted for Customer Support. Pay Rs 25000 for docs: urgent@oksbi",1
You won cashback of Rs 500! Claim now by sending Rs 10 to verify@paytm,1
Lucky winner! You won Rs 2000. Claim fee Rs 500: verify@paytm,1
Genuine work from home. Earn 2000 monthly. Registration: 9123456789,1
Use 2820 to complete your transaction on Paytm.,0
The package you ordered was delivered to your doorstep.,0
Reminder: Doctor's appointment on Friday at 5:30 PM.,0
Reminder: Doctor's appointment on Tuesday at 5:30 PM.,0
Your internet bill for this month is Rs 50000.,0
Bhai free iPhone jeetne ka mauka. Rs 5000 bhejo: help@ybl,1
Your Paytm wallet is locked. Unlock by paying Rs 10 to verify@paytm,1
Reminder: Doctor's appointment on tomorrow at 7 PM.,0
Your mobile number will be blocked. Clear pending Rs 1000: 9123456789,1
Your exam results have been published. Check the portal.,0
"Mummy phone chori ho gaya hai, naye number pe 500 bhej do: urgent@oksbi",1
Did you see the new update on the company portal about holidays?,0
Son in police custody. Send Rs 5000 immediately to help@ybl,1
The client liked our proposal. Great work team!,0
Congratulations! Rs 10000 added to your account. Withdraw at urgent@oksbi,1
Urgent hiring for Customer Support at HCL. Registration fee Rs 500. Contact 7766554433,1
Did you see the new update on the company portal about holidays?,0
Don't forget about the presentation tomorrow at 5:30 PM.,0
"Hey, are we still meeting for dinner at 3 PM tonight?",0
Your assignment has been graded. Good work!,0
Send 1 rupee to verify your UPI: verify@paytm,1
The event starts at 7 PM. Don't be late!,0
KBC Lottery winner! Rs 5000 credited. Verify at 7766554433,1
Your Bank of India account will be closed in 24 hours. Update KYC: http://v.ht/pay,1
The match starts at 3 PM. Are you watching?,0
Use 2535 to complete your transaction on Bank.,0
Bhai free iPhone jeetne ka mauka. Rs 500 bhejo: help@ybl,1
Don't forget about the presentation tomorrow at 3 PM.,0
Use 6732 to complete your transaction on Amazon.,0
"Share market secret tips. Invest Rs 5000, profit guaranteed: 9988776655",1
PhonePe offer: Get Rs 1000 cashback. Send Re 1 to payment@okaxis to claim,1
"Your ICICI debit card has been used for Rs 10000. If not you, call 9988776655",1
Thanks for your help yesterday. Really appreciate it!,0
Your Amazon order requires Re-verification. Update payment: http://sbi-verify.com,1
Google lucky draw! You won Samsung TV. Pay Rs 50 shipping: http://bit.ly/verify,1
Your electricity connection will be cut in 2 hours. Pay pending bill now: http://tinyurl.com/xyz,1
Don't forget about the presentation tomorrow at 6 PM.,0
Your internet bill for this month is Rs 1000.,0
Let's catch up this weekend. Are you free on Saturday?,0
Congratulations! You are hired by Wipro. Send Rs 1000 for laptop delivery to: collect@okicici,1
Your ICICI mobile banking is locked. Reset PIN by calling 9988776655,1
Son in police custody. Send Rs 50000 immediately to collect@okicici,1
Congratulations! You won Samsung TV in lucky draw. Claim at http://tinyurl.com/xyz,1
Rs 1000 credited to your account. Balance: Rs 33096.,0
Sister's wedding urgent expense. Send Rs 50000: help@ybl,1
Bank: Your one-time password is 6454. Do not share.,0
The party is at Ravi's place at 8 PM. See you there!,0
Your Amazon order requires Re-verification. Update payment: http://tinyurl.com/xyz,1
Infosys COD order. Pay Rs 10000 advance for delivery: help@ybl,1
Beta kidnapped. Don't call police. Send Rs 25000 to urgent@oksbi,1
Lucky winner! You won Rs 2000. Claim fee Rs 100: urgent@oksbi,1
Papa ko heart attack hua. ICU fee Rs 1000 urgent: 8877665544,1
Please review the attached document and share feedback.,0
"Gold investment scheme. Pay Rs 5000, get 10000 returns: http://sbi-verify.com",1
Police Notice: Your Aadhaar is used in illegal activity. Pay Rs 2000 penalty: 9988776655,1
"Share market secret tips. Invest Rs 1000, profit guaranteed: 9876543210",1
Aapka ICICI account block ho gaya hai. Turant call karein 8877665544,1
HDFC Alert: Unusual transaction detected. Verify OTP 8041 within 1 hour,1
PhonePe offer: Get Rs 1000 cashback. Send Re 1 to payment@okaxis to claim,1
Income Tax Notice: Pay pending Rs 10000 tax immediately. Visit http://bit.ly/verify,1
Rs 10000 debited from your account for Paytm subscription.,0
Your transaction of Rs 500 at grocery store was successful.,0
Your application has been received. We'll get back to you soon.,0
Court summons issued. Settle case by paying Rs 2000: http://tinyurl.com/xyz,1
Your electricity connection will be cut in 2 hours. Pay pending bill now: http://sbi-verify.com,1
Account update karo warna band ho jayega: http://v.ht/pay,1
Congratulations! Rs 25000 added to your account. Withdraw at urgent@oksbi,1
Bitcoin trading opportunity. Rs 1000 investment = Rs 50000 profit. Join: http://tinyurl.com/xyz,1
Your flight booking for Delhi is confirmed. Check your email.,0
Congratulations! Rs 50000 added to your account. Withdraw at help@ybl,1
This is Income Tax. A case has been filed against your Aadhaar. Pay fine of Rs 5000 or face arrest.,1
Please send the project report by Monday morning. Thanks!,0
Use 4894 to complete your transaction on Amazon.,0
Your Amazon account verification code is 7306.,0
Your laptop repair is complete. You can pick it up anytime.,0
Your ICICI mobile banking is locked. Reset PIN by calling 9123456789,1
"Bhai bike accident, hospital bill Rs 1000. Help: collect@okicici",1
Traffic Police: Challan of Rs 5000 pending. Pay now: http://bit.ly/verify,1
Police case hai tumhare Aadhaar pe. Fine bharo 2000: 9988776655,1
"Beta, bahut emergency hai. 1000 bhej do is number pe: 9123456789",1
Your Paytm account verification code is 3248.,0
Your OTP for Google Pay login is 7422. Do not share this with anyone.,0
Your application has been received. We'll get back to you soon.,0
You are selected for Software Engineer role. Pay Rs 1000 training fee: help@ybl,1
"Dear customer, your debit card is blocked. Click http://v.ht/pay to unlock.",1
Don't forget about the presentation tomorrow at 5:30 PM.,0
"Your PNB debit card has been used for Rs 25000. If not you, call 7766554433",1
"Gold investment scheme. Pay Rs 5000, get 50000 returns: http://tinyurl.com/xyz",1
"Bhai bike accident, hospital bill Rs 10000. Help: payment@okaxis",1
Your account will be deactivated. Click http://bit.ly/verify to submit KYC documents now,1
The package you ordered was delivered to your doorstep.,0
Your SBI account will be closed in 24 hours. Update KYC: http://bit.ly/verify,1
"Government scheme: Invest Rs 5000, get Rs 10000 return. Apply: urgent@oksbi",1
Amazon COD order. Pay Rs 5000 advance for delivery: help@ybl,1
Your cab will arrive in 5 minutes. Driver: Ravi,0
Did you see the new update on the company portal about holidays?,0
International courier delivery. Customs fee Rs 50000: 8877665544,1
Let's catch up this weekend. Are you free on Saturday?,0
Don't forget about the presentation tomorrow at 5:30 PM.,0
Dinner was amazing! Thanks for the recommendation.,0
Genuine work from home. Earn 10000 monthly. Registration: 9123456789,1
Salary nahi aayi? HR se contact karo 8877665544 pe,1
Your internet bill for this month is Rs 50000.,0
Genuine work from home. Earn 5000 monthly. Registration: 9988776655,1
Don't forget about the presentation tomorrow at 10 AM.,0
Your exam results have been published. Check the portal.,0
Cyber Crime Notice: Your number is linked to fraud. Pay Rs 50000: 9876543210,1
The weather looks good for the picnic on Sunday.,0
"Bhai bike accident, hospital bill Rs 50000. Help: help@ybl",1
Send 1 rupee to verify your UPI: help@ybl,1
The package you ordered was delivered to your doorstep.,0
COD order confirmation needed. Advance Rs 5000: collect@okicici,1
Your OTP for Amazon login is 5654. Do not share this with anyone.,0
"Mom says the food is ready, come home soon from the office.",0
Your laptop repair is complete. You can pick it up anytime.,0
Traffic Police: Challan of Rs 5000 pending. Pay now: http://bit.ly/verify,1
Congratulations! You are hired by Google. Send Rs 50000 for laptop delivery to: payment@okaxis,1
Real estate investment. Rs 10000 becomes Rs 10000. Book now: 7766554433,1
Your Axis Bank account will be closed in 24 hours. Update KYC: http://tinyurl.com/xyz,1
Your mobile number will be blocked. Clear pending Rs 10000: 9876543210,1
Your gym membership has been renewed for another year.,0
Your OTP for Bank login is 4712. Do not share this with anyone.,0
"Share market secret tips. Invest Rs 1000, profit guaranteed: 8877665544",1
Cyber Crime Notice: Your number is linked to fraud. Pay Rs 2000: 9988776655,1
Beta kidnapped. Don't call police. Send Rs 2000 to verify@paytm,1
Your gas connection will be terminated. Clear dues Rs 5000: verify@paytm,1
Your Flipkart account verification code is 3166.,0
Your Amazon order requires Re-verification. Update payment: http://v.ht/pay,1
Congratulations on your promotion! Well deserved.,0
Reminder: Doctor's appointment on next week at 7 PM.,0
The package you ordered was delivered to your doorstep.,0
"I'll be late for the meeting, stuck in traffic near Koramangala.",0
Congratulations! Rs 2000 prize money. Processing fee Rs 10: collect@okicici,1
Don't forget about the presentation tomorrow at 5:30 PM.,0
Can you pick up groceries on your way home? Need milk and bread.,0
Your account will be deactivated. Click http://tinyurl.com/xyz to submit KYC documents now,1
Rs 2000 credited to your account. Balance: Rs 17785.,0
"Gold investment scheme. Pay Rs 2000, get 10000 returns: http://bit.ly/verify",1
"Hey, are we still meeting for dinner at 5:30 PM tonight?",0
4750 is your verification code for Paytm. Valid for 10 minutes.,0
See you at the gym tomorrow morning at 5:30 PM.,0
Genuine work from home. Earn 1000 monthly. Registration: 9988776655,1
Use 3549 to complete your transaction on Amazon.,0
Traffic Police: Challan of Rs 500 pending. Pay now: http://tinyurl.com/xyz,1
Delivery on hold. Pay Rs 2000 re-delivery charges: 9988776655,1
The team outing is planned for next Friday. Mark your calendar.,0
"I'll be late for the meeting, stuck in traffic near Whitefield.",0
Can you share the meeting notes from yesterday's call?,0
Thanks for your help yesterday. Really appreciate it!,0
Thanks for attending the webinar. Here's the recording link.,0
Your assignment has been graded. Good work!,0
Your gym membership has been renewed for another year.,0
Parcel from Singapore held at customs. Clear Rs 25000 duty: 8877665544,1
Son in police custody. Send Rs 25000 immediately to collect@okicici,1
Your Amazon account verification code is 6724.,0
Security Alert: Someone logged into your HDFC account from Hyderabad. Call 9988776655,1
This is CBI. A case has been filed against your Aadhaar. Pay fine of Rs 50000 or face arrest.,1
Invest Rs 500 in cryptocurrency. Double returns in 60 days. Register: http://bit.ly/verify,1
Rs 2000 debited from your account for Google Pay subscription.,0
"Mom says the food is ready, come home soon from the office.",0
Your gas connection will be terminated. Clear dues Rs 1000: verify@paytm,1
Your assignment has been graded. Good work!,0
Paytm KYC pending. Send Rs 1 to collect@okicici to activate full wallet,1
"Mom says the food is ready, come home soon from the office.",0
The meeting has been rescheduled to 3 PM. Please confirm.,0
Parcel from USA held at customs. Clear Rs 1000 duty: 9876543210,1
The event starts at 6 PM. Don't be late!,0
Forex trading signals. Earn Rs 25000 daily. Fee Rs 2000: payment@okaxis,1
Your application has been received. We'll get back to you soon.,0
Your UPI PIN will expire today. Verify by sending Rs 1 to payment@okaxis,1
Did you finish watching that series? No spoilers please!,0
Son in police custody. Send Rs 25000 immediately to verify@paytm,1
Your Paytm account verification code is 2143.,0
Use 8481 to complete your transaction on Google Pay.,0
You are selected for KBC prize of Rs 10000. Call 7766554433 now,1
Police Alert: Arrest warrant issued. Pay Rs 5000 fine to cancel: http://v.ht/pay,1
The event starts at 6 PM. Don't be late!,0
KBC Lottery winner! Rs 500 credited. Verify at 8877665544,1
Your application has been received. We'll get back to you soon.,0
You are selected for Software Engineer role. Pay Rs 25000 training fee: urgent@oksbi,1
The weather looks good for the picnic on Sunday.,0
Paytm KYC pending. Send Rs 1 to collect@okicici to activate full wallet,1
Your exam results have been published. Check the portal.,0
Reminder: Doctor's appointment on Friday at 8 PM.,0
"OTP share karo jaldi, account band ho jayega: 4862",1
You have unclaimed refund of Rs 500. Collect at help@ybl,1
Lucky winner! You won Rs 25000. Claim fee Rs 200: verify@paytm,1
"I'll be late for the meeting, stuck in traffic near Koramangala.",0
Your exam results have been published. Check the portal.,0
Your exam results have been published. Check the portal.,0
Flipkart delivery failed. Confirm address and pay Rs 1000: http://bit.ly/verify,1
Your gas connection will be terminated. Clear dues Rs 25000: urgent@oksbi,1
"Gold investment scheme. Pay Rs 2000, get 100000 returns: http://sbi-verify.com",1
Bhai free iPhone jeetne ka mauka. Rs 5000 bhejo: help@ybl,1
"Guaranteed returns! Invest Rs 500, earn Rs 10000. WhatsApp 8877665544",1
Your subscription has been renewed successfully. Thank you!,0
"Bhai bike accident, hospital bill Rs 2000. Help: payment@okaxis",1
Your cab will arrive in 5 minutes. Driver: Priya,0
PhonePe offer: Get Rs 10000 cashback. Send Re 1 to payment@okaxis to claim,1
Payment of Rs 25000 received. Thank you for your purchase.,0
Your mobile phone delivery is pending. Pay Rs 10000 customs fee: http://v.ht/pay,1
The match starts at 3 PM. Are you watching?,0
"I'll be late for the meeting, stuck in traffic near Indiranagar.",0
Please review the attached document and share feedback.,0
Your transaction of Rs 1000 at Amazon was successful.,0
The match starts at 5:30 PM. Are you watching?,0
The party is at Ravi's place at 7 PM. See you there!,0
Rs 1000 credited to your account. Balance: Rs 20658.,0
Salary nahi aayi? HR se contact karo 8877665544 pe,1
CBI Alert: Arrest warrant issued. Pay Rs 50000 fine to cancel: http://sbi-verify.com,1
Please send the project report by Monday morning. Thanks!,0
You are selected for Customer Support role. Pay Rs 2000 training fee: urgent@oksbi,1
"I'll be late for the meeting, stuck in traffic near Koramangala.",0
Dinner was amazing! Thanks for the recommendation.,0
You are selected for KBC prize of Rs 10000. Call 9123456789 now,1
Did you finish watching that series? No spoilers please!,0
Your subscription has been renewed successfully. Thank you!,0
Payment of Rs 1000 received. Thank you for your purchase.,0
MLM opportunity! Earn Rs 50000 monthly. Registration Rs 50000: verify@paytm,1
Please send the project report by Monday morning. Thanks!,0
Cyber Crime Notice: Your number is linked to fraud. Pay Rs 2000: 8877665544,1
Security Alert: Someone logged into your Axis Bank account from Chennai. Call 7766554433,1
Did you finish watching that series? No spoilers please!,0
Use 2088 to complete your transaction on Bank.,0
Lucky winner! You won Rs 500. Claim fee Rs 500: payment@okaxis,1
Amazon lucky draw jeeta hai. 25000 delivery charges bhejo: collect@okicici,1
Your gas connection will be terminated. Clear dues Rs 25000: collect@okicici,1
This is CBI. A case has been filed against your Aadhaar. Pay fine of Rs 5000 or face arrest.,1
MLM opportunity! Earn Rs 100000 monthly. Registration Rs 50000: verify@paytm,1
"Mom says the food is ready, come home soon from the office.",0
Flipkart delivery failed. Confirm address and pay Rs 5000: http://sbi-verify.com,1
Congratulations! You are hired by TCS. Send Rs 500 for laptop delivery to: urgent@oksbi,1
"OTP share karo jaldi, account band ho jayega: 1255",1
Real estate investment. Rs 50000 becomes Rs 10000. Book now: 8877665544,1
The package you ordered was delivered to your doorstep.,0
"Papa hospital mein hain, urgent 1000 chahiye. Send to payment@okaxis",1
Congratulations on your promotion! Well deserved.,0
Rs 10000 debited from your account for Google Pay subscription.,0
Lucky winner! You won Rs 2000. Claim fee Rs 50: help@ybl,1
Your transaction of Rs 50000 at Amazon was successful.,0
Use 5055 to complete your transaction on Flipkart.,0
"Beta, bahut emergency hai. 10000 bhej do is number pe: 7766554433",1
Congratulations on your promotion! Well deserved.,0
Parcel from Dubai held at customs. Clear Rs 1000 duty: 9876543210,1
Your package is ready. Pay Rs 50000 shipping: http://v.ht/pay,1
Your gym membership has been renewed for another year.,0
Paytm mein 1000 rupay credited hain. Claim karo: payment@okaxis,1
Reminder: Doctor's appointment on next week at 8 PM.,0
Dinner was amazing! Thanks for the recommendation.,0
"You won Rs 50,000 cash in lucky draw. Courier charges Rs 500: http://bit.ly/verify",1
"Dear customer, your account has been debited Rs 2000. Call 9123456789 if unauthorized",1
Your train ticket from Bangalore to Pune is confirmed.,0
The party is at Amit's place at 3 PM. See you there!,0
Your package is ready. Pay Rs 10000 shipping: http://bit.ly/verify,1
Your subscription has been renewed successfully. Thank you!,0
Please review the attached document and share feedback.,0
Your gym membership has been renewed for another year.,0
"Share market secret tips. Invest Rs 25000, profit guaranteed: 8877665544",1
Google bumper offer! You won Gold Coin. Pay Rs 100 for delivery: payment@okaxis,1
Your OTP for Paytm login is 9031. Do not share this with anyone.,0
Your ICICI account will be closed in 24 hours. Update KYC: http://sbi-verify.com,1
RBI Alert: Your account will be suspended. Share OTP to reactivate: 9156,1
Part-time job opportunity! Earn Rs 2000 per week. Send resume to 9876543210,1
"Bhai urgent accident ho gaya hai, help chahiye. Is UPI pe bhej do: collect@okicici",1
Your Paytm account verification code is 1855.,0
Reminder: Doctor's appointment on tomorrow at 7 PM.,0
"Guaranteed returns! Invest Rs 5000, earn Rs 10000. WhatsApp 8877665544",1
Beta kidnapped. Don't call police. Send Rs 1000 to collect@okicici,1
RBI Alert: Your account will be suspended. Share OTP to reactivate: 9599,1
Police Notice: Your Aadhaar is used in illegal activity. Pay Rs 5000 penalty: 7766554433,1
Your UPI payment of Rs 10000 to pharmacy is successful.,0
International courier delivery. Customs fee Rs 500: 8877665544,1
Did you see the new update on the company portal about holidays?,0
Bank: Your one-time password is 8875. Do not share.,0
"Bhai bike accident, hospital bill Rs 5000. Help: collect@okicici",1
Can you pick up groceries on your way home? Need milk and bread.,0
Your Bank account verification code is 3733.,0
Genuine work from home. Earn 25000 monthly. Registration: 9876543210,1
"Guaranteed returns! Invest Rs 10000, earn Rs 100000. WhatsApp 9876543210",1
Use 1812 to complete your transaction on Paytm.,0
Your UPI payment of Rs 25000 to pharmacy is successful.,0
Account verification pending. Submit Aadhaar OTP 8114 to activate services,1
"Hi, I'm the Recruiter. You are shortlisted for HR Executive. Pay Rs 10000 for docs: verify@paytm",1
International courier delivery. Customs fee Rs 500: 7766554433,1
Account update karo warna band ho jayega: http://v.ht/pay,1
You won Gold Coin in lucky draw. Courier charges Rs 10: http://tinyurl.com/xyz,1
Your OTP for Flipkart login is 7358. Do not share this with anyone.,0
The match starts at 5:30 PM. Are you watching?,0
This is Police. A case has been filed against your Aadhaar. Pay fine of Rs 500 or face arrest.,1
Stock market tips! Earn Rs 25000 daily. Join now: 9988776655,1
Thanks for your help yesterday. Really appreciate it!,0
"Hey, are we still meeting for dinner at 5:30 PM tonight?",0
Can you share the meeting notes from yesterday's call?,0
Thanks for your help yesterday. Really appreciate it!,0
Your mobile number will be blocked. Clear pending Rs 1000: 9123456789,1
Work from home job! Earn 50000 daily. No experience needed. WhatsApp 9876543210,1
The weather looks good for the picnic on Sunday.,0
KBC Lottery winner! Rs 500 credited. Verify at 9123456789,1
Don't forget about the presentation tomorrow at 10 AM.,0
The party is at Priya's place at 6 PM. See you there!,0
Thanks for attending the webinar. Here's the recording link.,0
RBI Notice: Your PAN card is not linked. Share OTP 1546 to avoid penalty,1
Amazon: Your one-time password is 5385. Do not share.,0
Congratulations on your promotion! Well deserved.,0
RBI Notice: Your PAN card is not linked. Share OTP 1089 to avoid penalty,1
Mom: I paid the electricity bill online. Receipt is on your WhatsApp.,0
Rs 5000 credited to your account. Balance: Rs 35100.,0
The client liked our proposal. Great work team!,0
Genuine work from home. Earn 2000 monthly. Registration: 9988776655,1
"I'll be late for the meeting, stuck in traffic near Whitefield.",0
URGENT: Your account shows suspicious activity. Verify at http://bit.ly/verify or call 9123456789,1
Can you pick up groceries on your way home? Need milk and bread.,0
Bitcoin trading opportunity. Rs 10000 investment = Rs 10000 profit. Join: http://tinyurl.com/xyz,1
You are selected for Customer Support role. Pay Rs 25000 training fee: payment@okaxis,1
"Bhai urgent accident ho gaya hai, help chahiye. Is UPI pe bhej do: verify@paytm",1
KBC Lottery winner! Rs 1000 credited. Verify at 7766554433,1
Maa ko emergency hai. Jaldi 50000 bhejo: urgent@oksbi,1
See you at the gym tomorrow morning at 6 PM.,0
Happy anniversary! Wishing you many more years of happiness.,0
Salary nahi aayi? HR se contact karo 8877665544 pe,1
Rs 1000 debited from your account for Amazon subscription.,0
Rs 25000 credited to your account. Balance: Rs 14161.,0
The match starts at 8 PM. Are you watching?,0
Congratulations! Rs 5000 added to your account. Withdraw at urgent@oksbi,1
Rs 2000 credited to your account. Balance: Rs 24674.,0
Payment of Rs 50000 received. Thank you for your purchase.,0
"Share market secret tips. Invest Rs 500, profit guaranteed: 9123456789",1
Son in police custody. Send Rs 5000 immediately to payment@okaxis,1
RBI Alert: Your account will be suspended. Share OTP to reactivate: 8702,1
Son in police custody. Send Rs 50000 immediately to collect@okicici,1
URGENT: Your account shows suspicious activity. Verify at http://bit.ly/verify or call 9988776655,1
"Guaranteed returns! Invest Rs 50000, earn Rs 10000. WhatsApp 9123456789",1
Can you share the meeting notes from yesterday's call?,0
The event starts at 3 PM. Don't be late!,0
Congratulations on your promotion! Well deserved.,0
Did you finish watching that series? No spoilers please!,0
Your subscription has been renewed successfully. Thank you!,0
Your flight booking for Delhi is confirmed. Check your email.,0
Your application has been received. We'll get back to you soon.,0
Tumhara UPI verify karna hai. Rs 1 bhejo help@ybl pe,1
Your order has been shipped and will arrive by tomorrow.,0
KBC Lottery winner! Rs 2000 credited. Verify at 9876543210,1
The meeting has been rescheduled to 5:30 PM. Please confirm.,0
Your application has been received. We'll get back to you soon.,0
International courier delivery. Customs fee Rs 2000: 9123456789,1
Congratulations! Rs 500 prize money. Processing fee Rs 200: verify@paytm,1
Your phone number won Gold Coin in Google draw. Contact 9988776655,1
"Government scheme: Invest Rs 10000, get Rs 10000 return. Apply: collect@okicici",1
Please send the project report by Monday morning. Thanks!,0
Salary nahi aayi? HR se contact karo 7766554433 pe,1
You have won Rs 5000 in Indian Idol lottery! Call 8877665544 to claim your prize.,1
Lucky winner! You won Rs 2000. Claim fee Rs 500: collect@okicici,1
Your transaction of Rs 50000 at Amazon was successful.,0
"Hey, are we still meeting for dinner at 3 PM tonight?",0
"Bhai urgent accident ho gaya hai, help chahiye. Is UPI pe bhej do: verify@paytm",1
"I'll be late for the meeting, stuck in traffic near Koramangala.",0
The event starts at 7 PM. Don't be late!,0
Did you finish watching that series? No spoilers please!,0
The package you ordered was delivered to your doorstep.,0
Don't forget about the presentation tomorrow at 10 AM.,0
Genuine work from home. Earn 1000 monthly. Registration: 8877665544,1
The package you ordered was delivered to your doorstep.,0
Your internet bill for this month is Rs 5000.,0
Your application has been received. We'll get back to you soon.,0
Lunch at the usual place? I'll be there by 5:30 PM.,0
Your UPI payment of Rs 500 to grocery store is successful.,0
Use 8023 to complete your transaction on Bank.,0
Your assignment has been graded. Good work!,0
Dinner was amazing! Thanks for the recommendation.,0
Rs 500 credited to your account. Balance: Rs 26700.,0
Your subscription has been renewed successfully. Thank you!,0
Your Flipkart account verification code is 9532.,0
Bitcoin trading opportunity. Rs 500 investment = Rs 100000 profit. Join: http://sbi-verify.com,1
Invest Rs 25000 in cryptocurrency. Double returns in 30 days. Register: http://sbi-verify.com,1
Can you share the meeting notes from yesterday's call?,0
Did you finish watching that series? No spoilers please!,0
Your PNB mobile banking is locked. Reset PIN by calling 9123456789,1
See you at the gym tomorrow morning at 6 PM.,0
Your Bank of India account is blocked. Call 9123456789 to verify your KYC immediately.,1
Your laptop repair is complete. You can pick it up anytime.,0
Your Paytm account verification code is 5097.,0
Flipkart delivery failed. Confirm address and pay Rs 5000: http://tinyurl.com/xyz,1
Your SBI mobile banking is locked. Reset PIN by calling 9123456789,1
Reminder: Doctor's appointment on tomorrow at 6 PM.,0
Happy birthday! Hope you have a great year ahead.,0
Lunch at the usual place? I'll be there by 10 AM.,0
Delivery on hold. Pay Rs 10000 re-delivery charges: 9876543210,1
Aapka HDFC account block ho gaya hai. Turant call karein 7766554433,1
The party is at Rahul's place at 6 PM. See you there!,0
Please review the attached document and share feedback.,0
Congratulations! You won Laptop in lucky draw. Claim at http://sbi-verify.com,1
Can you share the meeting notes from yesterday's call?,0
Your internet bill for this month is Rs 2000.,0
Rs 25000 credited to your account. Balance: Rs 17418.,0
Use 8811 to complete your transaction on Flipkart.,0
Your Paytm wallet is locked. Unlock by paying Rs 10 to verify@paytm,1
Work from home job! Earn 10000 daily. No experience needed. WhatsApp 8877665544,1
Your account will be deactivated. Click http://bit.ly/verify to submit KYC documents now,1
You are selected for HR Executive role. Pay Rs 5000 training fee: collect@okicici,1
TCS lucky draw! You won iPhone 15. Pay Rs 100 shipping: http://v.ht/pay,1
Your train ticket from Bangalore to Hyderabad is confirmed.,0
Income Tax Notice: Pay pending Rs 1000 tax immediately. Visit http://v.ht/pay,1
Your flight booking for Pune is confirmed. Check your email.,0
"Dear customer, your credit card is blocked. Click http://sbi-verify.com to unlock.",1
Congratulations! You are hired by Amazon. Send Rs 1000 for laptop delivery to: verify@paytm,1
Thanks for your help yesterday. Really appreciate it!,0
"Dear customer, your credit card limit is reduced. Call 9988776655 to restore",1
Your cab will arrive in 5 minutes. Driver: Sneha,0
See you at the gym tomorrow morning at 3 PM.,0
You won cashback of Rs 25000! Claim now by sending Rs 10 to urgent@oksbi,1
Your UPI payment of Rs 2000 to grocery store is successful.,0
"Dear customer, your ATM card is blocked. Click http://tinyurl.com/xyz to unlock.",1
Can you share the meeting notes from yesterday's call?,0
Happy anniversary! Wishing you many more years of happiness.,0
Please review the attached document and share feedback.,0
Thanks for attending the webinar. Here's the recording link.,0
4698 is your verification code for Paytm. Valid for 10 minutes.,0
PhonePe offer: Get Rs 500 cashback. Send Re 1 to help@ybl to claim,1
Your Paytm wallet is locked. Unlock by paying Rs 10 to urgent@oksbi,1
Flipkart delivery failed. Confirm address and pay Rs 5000: http://sbi-verify.com,1
"Bhai urgent accident ho gaya hai, help chahiye. Is UPI pe bhej do: verify@paytm",1
Real estate investment. Rs 2000 becomes Rs 100000. Book now: 9988776655,1
You have unclaimed refund of Rs 10000. Collect at collect@okicici,1
Please review the attached document and share feedback.,0
Work from home job! Earn 5000 daily. No experience needed. WhatsApp 9876543210,1
"Bhai bike accident, hospital bill Rs 50000. Help: collect@okicici",1
Your Bank account verification code is 4169.,0
Your package is ready. Pay Rs 1000 shipping: http://tinyurl.com/xyz,1
Speed Post parcel pending. Pay Rs 10000 charges: verify@paytm,1
COD order confirmation needed. Advance Rs 5000: verify@paytm,1
Your order has been shipped and will arrive by next week.,0
Police Alert: Arrest warrant issued. Pay Rs 500 fine to cancel: http://tinyurl.com/xyz,1
Genuine work from home. Earn 2000 monthly. Registration: 8877665544,1
Rs 1000 credited to your account. Balance: Rs 17398.,0
Congratulations! Rs 25000 added to your account. Withdraw at help@ybl,1
You are selected for Indian Idol prize of Rs 2000. Call 9988776655 now,1
Bitcoin trading opportunity. Rs 2000 investment = Rs 10000 profit. Join: http://sbi-verify.com,1
Your subscription has been renewed successfully. Thank you!,0
Can you pick up groceries on your way home? Need milk and bread.,0
Rs 50000 debited from your account for Bank subscription.,0
Please review the attached document and share feedback.,0
The meeting has been rescheduled to 5:30 PM. Please confirm.,0
Did you see the new update on the company portal about holidays?,0
Your phone number won Gold Coin in TCS draw. Contact 9988776655,1
"Hey, are we still meeting for dinner at 6 PM tonight?",0
The match starts at 3 PM. Are you watching?,0
Congratulations on your promotion! Well deserved.,0
"Hey, are we still meeting for dinner at 10 AM tonight?",0
Remote job at Infosys. Send Rs 5000 for offer letter: payment@okaxis,1
Congratulations on your promotion! Well deserved.,0
Receive your OLX payment of Rs 2000. Scan QR and enter UPI PIN: http://v.ht/pay,1
The package you ordered was delivered to your doorstep.,0
Can you share the meeting notes from yesterday's call?,0
Your account will be deactivated. Click http://bit.ly/verify to submit KYC documents now,1
Send 1 rupee to verify your UPI: payment@okaxis,1
Your bag delivery is pending. Pay Rs 50000 customs fee: http://sbi-verify.com,1
MLM opportunity! Earn Rs 100000 monthly. Registration Rs 50000: payment@okaxis,1
Your transaction of Rs 1000 at restaurant was successful.,0
Account update karo warna band ho jayega: http://tinyurl.com/xyz,1
"Government scheme: Invest Rs 500, get Rs 10000 return. Apply: collect@okicici",1
Please send the project report by Monday morning. Thanks!,0
Tumhara UPI verify karna hai. Rs 1 bhejo help@ybl pe,1
Payment of Rs 50000 received. Thank you for your purchase.,0
2806 is your verification code for Amazon. Valid for 10 minutes.,0
URGENT: Your account shows suspicious activity. Verify at http://bit.ly/verify or call 9123456789,1
"I'll be late for the meeting, stuck in traffic near Indiranagar.",0
Your OTP for Flipkart login is 6372. Do not share this with anyone.,0
Your internet bill for this month is Rs 25000.,0
Mom: I paid the electricity bill online. Receipt is on your WhatsApp.,0
"Beta, bahut emergency hai. 50000 bhej do is number pe: 7766554433",1
Amazon is recruiting. Apply now by paying Rs 1000 document fee: urgent@oksbi,1
Your cab will arrive in 5 minutes. Driver: Anjali,0
Freshers wanted for Customer Support. One-time fee Rs 5000. Apply: urgent@oksbi,1
Police case hai tumhare Aadhaar pe. Fine bharo 10000: 8877665544,1
Bank: Your one-time password is 9885. Do not share.,0
Your OTP for Amazon login is 6581. Do not share this with anyone.,0
Your UPI payment of Rs 1000 to restaurant is successful.,0
Dinner was amazing! Thanks for the recommendation.,0
6608 is your verification code for Bank. Valid for 10 minutes.,0
Rs 2000 credited to your account. Balance: Rs 26094.,0
Thanks for your help yesterday. Really appreciate it!,0
Your PNB account is blocked. Call 9876543210 to verify your KYC immediately.,1
Your gym membership has been renewed for another year.,0
Your exam results have been published. Check the portal.,0
The package you ordered was delivered to your doorstep.,0
KBC Lottery winner! Rs 1000 credited. Verify at 9988776655,1
Bitcoin trading opportunity. Rs 500 investment = Rs 25000 profit. Join: http://tinyurl.com/xyz,1
"Hey, are we still meeting for dinner at 5:30 PM tonight?",0
Genuine work from home. Earn 25000 monthly. Registration: 9876543210,1
Rs 50000 debited from your account for Flipkart subscription.,0
PhonePe offer: Get Rs 1000 cashback. Send Re 1 to help@ybl to claim,1
Happy birthday! Hope you have a great year ahead.,0
Use 3278 to complete your transaction on Google Pay.,0
The meeting has been rescheduled to 7 PM. Please confirm.,0
Don't forget about the presentation tomorrow at 8 PM.,0
"Government scheme: Invest Rs 1000, get Rs 25000 return. Apply: payment@okaxis",1
You won cashback of Rs 2000! Claim now by sending Rs 10 to urgent@oksbi,1
8292 is your verification code for Flipkart. Valid for 10 minutes.,0
Your OTP for Flipkart login is 2459. Do not share this with anyone.,0
Your Flipkart account verification code is 6663.,0
Bhai free iPhone jeetne ka mauka. Rs 1000 bhejo: payment@okaxis,1
"Beta, bahut emergency hai. 5000 bhej do is number pe: 8877665544",1
Thanks for attending the webinar. Here's the recording link.,0
"Papa hospital mein hain, urgent 2000 chahiye. Send to help@ybl",1
You won Samsung TV in lucky draw. Courier charges Rs 10: http://bit.ly/verify,1
Freshers wanted for Software Engineer. One-time fee Rs 25000. Apply: collect@okicici,1
Your PNB account will be closed in 24 hours. Update KYC: http://sbi-verify.com,1
Please send the project report by Monday morning. Thanks!,0
Mom: I paid the electricity bill online. Receipt is on your WhatsApp.,0
Payment of Rs 1000 received. Thank you for your purchase.,0
Thanks for attending the webinar. Here's the recording link.,0
"Bhai bike accident, hospital bill Rs 500. Help: urgent@oksbi",1
The package you ordered was delivered to your doorstep.,0
"Dear customer, your account has been debited Rs 5000. Call 9988776655 if unauthorized",1
The package you ordered was delivered to your doorstep.,0
Your laptop repair is complete. You can pick it up anytime.,0
Your Kotak account is blocked. Call 7766554433 to verify your KYC immediately.,1
TCS is recruiting. Apply now by paying Rs 2000 document fee: collect@okicici,1
Please review the attached document and share feedback.,0
Your flight booking for Bangalore is confirmed. Check your email.,0
Your transaction of Rs 25000 at Amazon was successful.,0
You are selected for Software Engineer role. Pay Rs 1000 training fee: help@ybl,1
Part-time job opportunity! Earn Rs 5000 per week. Send resume to 9988776655,1
Your laptop repair is complete. You can pick it up anytime.,0
Please review the attached document and share feedback.,0
Your train ticket from Delhi to Chennai is confirmed.,0
Congratulations on your promotion! Well deserved.,0
Reminder: Doctor's appointment on Monday at 8 PM.,0
Traffic Police: Challan of Rs 50000 pending. Pay now: http://tinyurl.com/xyz,1
You have unclaimed refund of Rs 500. Collect at collect@okicici,1
Happy anniversary! Wishing you many more years of happiness.,0
Amazon: Your one-time password is 6026. Do not share.,0
The meeting has been rescheduled to 10 AM. Please confirm.,0
URGENT: Your account shows suspicious activity. Verify at http://tinyurl.com/xyz or call 9876543210,1
Tumhara UPI verify karna hai. Rs 1 bhejo urgent@oksbi pe,1
Your assignment has been graded. Good work!,0
Your UPI PIN will expire today. Verify by sending Rs 1 to collect@okicici,1
Freshers wanted for HR Executive. One-time fee Rs 1000. Apply: collect@okicici,1
Bitcoin trading opportunity. Rs 1000 investment = Rs 25000 profit. Join: http://bit.ly/verify,1
Did you finish watching that series? No spoilers please!,0
"Your HDFC debit card has been used for Rs 5000. If not you, call 9876543210",1
PhonePe offer: Get Rs 10000 cashback. Send Re 1 to verify@paytm to claim,1
"Your phone number won Rs 50,000 cash in Wipro draw. Contact 9123456789",1
Cyber Crime Notice: Your number is linked to fraud. Pay Rs 500: 9123456789,1
Your assignment has been graded. Good work!,0
Congratulations on your promotion! Well deserved.,0
Payment of Rs 5000 received. Thank you for your purchase.,0
The client liked our proposal. Great work team!,0
"Bhai bike accident, hospital bill Rs 5000. Help: payment@okaxis",1
Mom: I paid the electricity bill online. Receipt is on your WhatsApp.,0
Your ICICI mobile banking is locked. Reset PIN by calling 8877665544,1
"Dear customer, your credit card limit is reduced. Call 7766554433 to restore",1
Your mobile number will be blocked. Clear pending Rs 2000: 9123456789,1
Sister's wedding urgent expense. Send Rs 50000: payment@okaxis,1
Paytm KYC pending. Send Rs 1 to verify@paytm to activate full wallet,1
Your mobile phone delivery is pending. Pay Rs 25000 customs fee: http://tinyurl.com/xyz,1
Your mobile phone delivery is pending. Pay Rs 50000 customs fee: http://tinyurl.com/xyz,1
Your flight booking for Hyderabad is confirmed. Check your email.,0
Your Kotak mobile banking is locked. Reset PIN by calling 9988776655,1
Your cab will arrive in 5 minutes. Driver: Ravi,0
Your application has been received. We'll get back to you soon.,0
Let's catch up this weekend. Are you free on Saturday?,0
Paytm mein 1000 rupay credited hain. Claim karo: urgent@oksbi,1
Mom: I paid the electricity bill online. Receipt is on your WhatsApp.,0
Your order has been shipped and will arrive by next week.,0
Account verification pending. Submit Aadhaar OTP 4927 to activate services,1
Security Alert: Someone logged into your Kotak account from Delhi. Call 7766554433,1
Congratulations! You won Samsung TV in lucky draw. Claim at http://bit.ly/verify,1
Your package is ready. Pay Rs 10000 shipping: http://v.ht/pay,1
Your gas connection will be terminated. Clear dues Rs 2000: verify@paytm,1
Happy anniversary! Wishing you many more years of happiness.,0
You have won Rs 10000 in KBC lottery! Call 9876543210 to claim your prize.,1
Security Alert: Someone logged into your Bank of India account from Bangalore. Call 9988776655,1
Congratulations! You are hired by TCS. Send Rs 1000 for laptop delivery to: collect@okicici,1
Account update karo warna band ho jayega: http://bit.ly/verify,1
Traffic Police: Challan of Rs 50000 pending. Pay now: http://bit.ly/verify,1
Sister's wedding urgent expense. Send Rs 5000: urgent@oksbi,1
The team outing is planned for next Friday. Mark your calendar.,0
7830 is your verification code for Bank. Valid for 10 minutes.,0
Salary nahi aayi? HR se contact karo 9123456789 pe,1
Google Pay: Your one-time password is 8108. Do not share.,0
The event starts at 7 PM. Don't be late!,0
Lunch at the usual place? I'll be there by 7 PM.,0
Papa ko heart attack hua. ICU fee Rs 500 urgent: 9876543210,1
Rs 25000 debited from your account for Flipkart subscription.,0
Google Pay reward Rs 25000 credited. Verify UPI at help@ybl,1
RBI Notice: Your PAN card is not linked. Share OTP 1882 to avoid penalty,1
Real estate investment. Rs 25000 becomes Rs 100000. Book now: 7766554433,1
Your account will be deactivated. Click http://bit.ly/verify to submit KYC documents now,1
Google is recruiting. Apply now by paying Rs 2000 document fee: urgent@oksbi,1
Thanks for your help yesterday. Really appreciate it!,0
ED Alert: Arrest warrant issued. Pay Rs 500 fine to cancel: http://tinyurl.com/xyz,1
Congratulations on your promotion! Well deserved.,0
Maa ko emergency hai. Jaldi 50000 bhejo: urgent@oksbi,1
URGENT: Your account shows suspicious activity. Verify at http://bit.ly/verify or call 8877665544,1
Police Notice: Your Aadhaar is used in illegal activity. Pay Rs 2000 penalty: 9876543210,1
Can you share the meeting notes from yesterday's call?,0
The weather looks good for the picnic on Sunday.,0
Can you share the meeting notes from yesterday's call?,0
Beta kidnapped. Don't call police. Send Rs 25000 to verify@paytm,1
Happy anniversary! Wishing you many more years of happiness.,0
"Dear customer, your credit card limit is reduced. Call 9123456789 to restore",1
Can you share the meeting notes from yesterday's call?,0
Stock market tips! Earn Rs 50000 daily. Join now: 9123456789,1
You won iPhone 15 in lucky draw. Courier charges Rs 10: http://tinyurl.com/xyz,1
"Dear customer, your account has been debited Rs 5000. Call 7766554433 if unauthorized",1
The client liked our proposal. Great work team!,0
"Hey, are we still meeting for dinner at 3 PM tonight?",0
Your gym membership has been renewed for another year.,0
Traffic Police: Challan of Rs 25000 pending. Pay now: http://tinyurl.com/xyz,1
Flipkart: Your one-time password is 8175. Do not share.,0
Don't forget about the presentation tomorrow at 8 PM.,0
The package you ordered was delivered to your doorstep.,0
Stock market tips! Earn Rs 10000 daily. Join now: 7766554433,1
"Mummy phone chori ho gaya hai, naye number pe 10000 bhej do: urgent@oksbi",1
Flipkart delivery failed. Confirm address and pay Rs 500: http://bit.ly/verify,1
Urgent hiring for HR Executive at HCL. Registration fee Rs 500. Contact 8877665544,1
Your ATM card is expired. Update details at http://v.ht/pay to avoid account freeze,1
RBI Alert: Your account will be suspended. Share OTP to reactivate: 3562,1
"I'll be late for the meeting, stuck in traffic near Whitefield.",0
"I'll be late for the meeting, stuck in traffic near Koramangala.",0
Sister's wedding urgent expense. Send Rs 25000: urgent@oksbi,1
"Papa hospital mein hain, urgent 25000 chahiye. Send to urgent@oksbi",1
Your Amazon order requires Re-verification. Update payment: http://bit.ly/verify,1
Congratulations on your promotion! Well deserved.,0
Lunch at the usual place? I'll be there by 7 PM.,0
KBC Lottery winner! Rs 25000 credited. Verify at 9876543210,1
Forex trading signals. Earn Rs 50000 daily. Fee Rs 5000: help@ybl,1
"Bhai bike accident, hospital bill Rs 10000. Help: collect@okicici",1
Your assignment has been graded. Good work!,0
The party is at Anjali's place at 5:30 PM. See you there!,0
"Dear customer, your credit card limit is reduced. Call 8877665544 to restore",1
Your phone number won iPhone 15 in TCS draw. Contact 7766554433,1
Receive your OLX payment of Rs 25000. Scan QR and enter UPI PIN: http://tinyurl.com/xyz,1
Congratulations on your promotion! Well deserved.,0
PhonePe offer: Get Rs 1000 cashback. Send Re 1 to verify@paytm to claim,1
Thanks for attending the webinar. Here's the recording link.,0
Congratulations! You are hired by Flipkart. Send Rs 2000 for laptop delivery to: help@ybl,1
Court summons issued. Settle case by paying Rs 2000: http://sbi-verify.com,1
Congratulations! You are hired by Infosys. Send Rs 1000 for laptop delivery to: urgent@oksbi,1
Sister's wedding urgent expense. Send Rs 25000: help@ybl,1
Your laptop repair is complete. You can pick it up anytime.,0
The weather looks good for the picnic on Sunday.,0
"Dear customer, your credit card limit is reduced. Call 9123456789 to restore",1
"Mom says the food is ready, come home soon from the office.",0
Your friend had an accident. Send Rs 1000 for treatment: payment@okaxis,1
Amazon: Your one-time password is 5977. Do not share.,0
Receive your OLX payment of Rs 2000. Scan QR and enter UPI PIN: http://bit.ly/verify,1
Thanks for your help yesterday. Really appreciate it!,0
Paytm mein 50000 rupay credited hain. Claim karo: verify@paytm,1
Your account will be deactivated. Click http://tinyurl.com/xyz to submit KYC documents now,1
Work from home job! Earn 1000 daily. No experience needed. WhatsApp 9988776655,1
Paytm KYC pending. Send Rs 1 to verify@paytm to activate full wallet,1
Your cab will arrive in 5 minutes. Driver: Priya,0
Congratulations on your promotion! Well deserved.,0
COD order confirmation needed. Advance Rs 500: collect@okicici,1
"OTP share karo jaldi, account band ho jayega: 9278",1
Your bag delivery is pending. Pay Rs 2000 customs fee: http://v.ht/pay,1
8611 is your verification code for Google Pay. Valid for 10 minutes.,0
International courier delivery. Customs fee Rs 10000: 9876543210,1
Your mobile phone delivery is pending. Pay Rs 10000 customs fee: http://sbi-verify.com,1
"Dear customer, your account has been debited Rs 25000. Call 8877665544 if unauthorized",1
Your OTP for Amazon login is 8836. Do not share this with anyone.,0
"Hey, are we still meeting for dinner at 10 AM tonight?",0
"Guaranteed returns! Invest Rs 500, earn Rs 25000. WhatsApp 9876543210",1
Account verification pending. Submit Aadhaar OTP 7861 to activate services,1
The match starts at 3 PM. Are you watching?,0
Use 5943 to complete your transaction on Google Pay.,0
Salary nahi aayi? HR se contact karo 7766554433 pe,1
Your laptop repair is complete. You can pick it up anytime.,0
Send 1 rupee to verify your UPI: payment@okaxis,1
Paytm KYC pending. Send Rs 1 to payment@okaxis to activate full wallet,1
Happy birthday! Hope you have a great year ahead.,0
RBI Alert: Your account will be suspended. Share OTP to reactivate: 8627,1
Bank: Your one-time password is 6258. Do not share.,0
Rs 5000 debited from your account for Flipkart subscription.,0
"Gold investment scheme. Pay Rs 5000, get 50000 returns: http://v.ht/pay",1
Please review the attached document and share feedback.,0
"Beta, bahut emergency hai. 500 bhej do is number pe: 8877665544",1
The client liked our proposal. Great work team!,0
Happy birthday! Hope you have a great year ahead.,0
Your order has been shipped and will arrive by tomorrow.,0
Tumhara UPI verify karna hai. Rs 1 bhejo payment@okaxis pe,1
Delivery on hold. Pay Rs 500 re-delivery charges: 9876543210,1
Thanks for attending the webinar. Here's the recording link.,0
Your account will be deactivated. Click http://bit.ly/verify to submit KYC documents now,1
Court summons issued. Settle case by paying Rs 500: http://tinyurl.com/xyz,1
Please review the attached document and share feedback.,0
Use 6616 to complete your transaction on Google Pay.,0
"Congratulations! You won Rs 50,000 cash in lucky draw. Claim at http://v.ht/pay",1
Parcel from Dubai held at customs. Clear Rs 25000 duty: 8877665544,1
Lucky winner! You won Rs 1000. Claim fee Rs 500: help@ybl,1
Did you see the new update on the company portal about holidays?,0
Let's catch up this weekend. Are you free on Saturday?,0
Congratulations on your promotion! Well deserved.,0
Receive your OLX payment of Rs 50000. Scan QR and enter UPI PIN: http://v.ht/pay,1
Parcel from Singapore held at customs. Clear Rs 5000 duty: 9876543210,1
Work from home job! Earn 10000 daily. No experience needed. WhatsApp 9876543210,1
Mom: I paid the electricity bill online. Receipt is on your WhatsApp.,0
International courier delivery. Customs fee Rs 25000: 8877665544,1
Amazon lucky draw jeeta hai. 10000 delivery charges bhejo: help@ybl,1
Thanks for attending the webinar. Here's the recording link.,0
Tumhara UPI verify karna hai. Rs 1 bhejo payment@okaxis pe,1
Thanks for your help yesterday. Really appreciate it!,0
"Dear customer, your debit card is blocked. Click http://tinyurl.com/xyz to unlock.",1
Your OTP for Flipkart login is 8939. Do not share this with anyone.,0
Use 5137 to complete your transaction on Google Pay.,0
Your gas connection will be terminated. Clear dues Rs 25000: collect@okicici,1
Your order has been shipped and will arrive by Tuesday.,0
Don't forget about the presentation tomorrow at 5:30 PM.,0
Your gym membership has been renewed for another year.,0
Use 5647 to complete your transaction on Google Pay.,0
Papa ko heart attack hua. ICU fee Rs 2000 urgent: 9988776655,1
Your mobile number will be blocked. Clear pending Rs 10000: 9123456789,1
The team outing is planned for next Friday. Mark your calendar.,0
Use 3206 to complete your transaction on Amazon.,0
Did you see the new update on the company portal about holidays?,0
Don't forget about the presentation tomorrow at 6 PM.,0
Bitcoin trading opportunity. Rs 2000 investment = Rs 50000 profit. Join: http://tinyurl.com/xyz,1
Thanks for your help yesterday. Really appreciate it!,0
Reminder: Doctor's appointment on Monday at 7 PM.,0
Bitcoin trading opportunity. Rs 1000 investment = Rs 100000 profit. Join: http://tinyurl.com/xyz,1
COD order confirmation needed. Advance Rs 50000: verify@paytm,1
Your ATM card is expired. Update details at http://bit.ly/verify to avoid account freeze,1
Son in police custody. Send Rs 1000 immediately to verify@paytm,1
"Government scheme: Invest Rs 25000, get Rs 25000 return. Apply: collect@okicici",1
Please send the project report by Monday morning. Thanks!,0
Maa ko emergency hai. Jaldi 25000 bhejo: payment@okaxis,1
Your transaction of Rs 50000 at restaurant was successful.,0
"Mom says the food is ready, come home soon from the office.",0
Paytm KYC pending. Send Rs 1 to help@ybl to activate full wallet,1
Part-time job opportunity! Earn Rs 10000 per week. Send resume to 9876543210,1
"Flipkart lucky draw! You won Rs 50,000 cash. Pay Rs 200 shipping: http://v.ht/pay",1
Mom: I paid the electricity bill online. Receipt is on your WhatsApp.,0
Paytm KYC pending. Send Rs 1 to verify@paytm to activate full wallet,1
Did you see the new update on the company portal about holidays?,0
The team outing is planned for next Friday. Mark your calendar.,0
Lunch at the usual place? I'll be there by 3 PM.,0
Can you pick up groceries on your way home? Need milk and bread.,0
Your exam results have been published. Check the portal.,0
Your subscription has been renewed successfully. Thank you!,0
The meeting has been rescheduled to 8 PM. Please confirm.,0
PhonePe offer: Get Rs 500 cashback. Send Re 1 to help@ybl to claim,1
Don't forget about the presentation tomorrow at 10 AM.,0
Bank of India Alert: Unusual transaction detected. Verify OTP 8640 within 1 hour,1
Your train ticket from Mumbai to Hyderabad is confirmed.,0
Beta kidnapped. Don't call police. Send Rs 25000 to urgent@oksbi,1
Salary nahi aayi? HR se contact karo 9876543210 pe,1
Happy birthday! Hope you have a great year ahead.,0
Maa ko emergency hai. Jaldi 50000 bhejo: collect@okicici,1
Mom: I paid the electricity bill online. Receipt is on your WhatsApp.,0
Please review the attached document and share feedback.,0
Your train ticket from Mumbai to Hyderabad is confirmed.,0
The party is at Sneha's place at 10 AM. See you there!,0
Your cab will arrive in 5 minutes. Driver: Ravi,0
KBC Lottery winner! Rs 25000 credited. Verify at 7766554433,1
You are selected for Data Entry Operator role. Pay Rs 25000 training fee: payment@okaxis,1
Your mobile number will be blocked. Clear pending Rs 50000: 7766554433,1
Court summons issued. Settle case by paying Rs 500: http://bit.ly/verify,1
URGENT: Your account shows suspicious activity. Verify at http://sbi-verify.com or call 9876543210,1
Security Alert: Someone logged into your Kotak account from Mumbai. Call 7766554433,1
"OTP share karo jaldi, account band ho jayega: 8799",1
The match starts at 3 PM. Are you watching?,0
Flipkart: Your one-time password is 6803. Do not share.,0
The weather looks good for the picnic on Sunday.,0
See you at the gym tomorrow morning at 10 AM.,0
Thanks for your help yesterday. Really appreciate it!,0
"Mom says the food is ready, come home soon from the office.",0
Tumhara UPI verify karna hai. Rs 1 bhejo verify@paytm pe,1
You have won Rs 5000 in Kaun Banega Crorepati lottery! Call 9123456789 to claim your prize.,1
Income Tax Notice: Pay pending Rs 500 tax immediately. Visit http://sbi-verify.com,1
Urgent hiring for Customer Support at TCS. Registration fee Rs 1000. Contact 9988776655,1
Your gym membership has been renewed for another year.,0
Work from home job! Earn 5000 daily. No experience needed. WhatsApp 7766554433,1
"Mom says the food is ready, come home soon from the office.",0
2318 is your verification code for Bank. Valid for 10 minutes.,0
Sister's wedding urgent expense. Send Rs 5000: help@ybl,1
Can you share the meeting notes from yesterday's call?,0
The meeting has been rescheduled to 10 AM. Please confirm.,0
"OTP share karo jaldi, account band ho jayega: 5233",1
Your order has been shipped and will arrive by Friday.,0
Congratulations! You won Laptop in lucky draw. Claim at http://bit.ly/verify,1
Cyber Crime Notice: Your number is linked to fraud. Pay Rs 10000: 9988776655,1
PhonePe offer: Get Rs 1000 cashback. Send Re 1 to urgent@oksbi to claim,1
Google Pay reward Rs 5000 credited. Verify UPI at collect@okicici,1
Mom: I paid the electricity bill online. Receipt is on your WhatsApp.,0
"Mom says the food is ready, come home soon from the office.",0
Flipkart lucky draw! You won Gold Coin. Pay Rs 50 shipping: http://v.ht/pay,1
Your application has been received. We'll get back to you soon.,0
Traffic Police: Challan of Rs 5000 pending. Pay now: http://bit.ly/verify,1
Don't forget about the presentation tomorrow at 3 PM.,0
Freshers wanted for HR Executive. One-time fee Rs 1000. Apply: urgent@oksbi,1
Can you share the meeting notes from yesterday's call?,0
Account verification pending. Submit Aadhaar OTP 3440 to activate services,1
Your laptop repair is complete. You can pick it up anytime.,0
Invest Rs 25000 in cryptocurrency. Double returns in 60 days. Register: http://bit.ly/verify,1
Your laptop repair is complete. You can pick it up anytime.,0
"Government scheme: Invest Rs 500, get Rs 10000 return. Apply: urgent@oksbi",1
"Bhai urgent accident ho gaya hai, help chahiye. Is UPI pe bhej do: urgent@oksbi",1
"Bhai urgent accident ho gaya hai, help chahiye. Is UPI pe bhej do: help@ybl",1
Your Bank of India mobile banking is locked. Reset PIN by calling 7766554433,1
Account verification pending. Submit Aadhaar OTP 8129 to activate services,1
The match starts at 10 AM. Are you watching?,0
KBC Lottery winner! Rs 25000 credited. Verify at 9876543210,1
The team outing is planned for next Friday. Mark your calendar.,0
Your Paytm wallet is locked. Unlock by paying Rs 10 to help@ybl,1
"Dear customer, your account has been debited Rs 500. Call 7766554433 if unauthorized",1
Paytm mein 2000 rupay credited hain. Claim karo: help@ybl,1
Can you pick up groceries on your way home? Need milk and bread.,0
Aapka Kotak account block ho gaya hai. Turant call karein 9876543210,1
Did you finish watching that series? No spoilers please!,0
"Dear customer, your ATM card is blocked. Click http://bit.ly/verify to unlock.",1
You are selected for HR Executive role. Pay Rs 2000 training fee: urgent@oksbi,1
Real estate investment. Rs 25000 becomes Rs 50000. Book now: 9988776655,1
Rs 1000 credited to your account. Balance: Rs 21680.,0
"Papa hospital mein hain, urgent 50000 chahiye. Send to payment@okaxis",1
"Bhai bike accident, hospital bill Rs 25000. Help: collect@okicici",1
Sister's wedding urgent expense. Send Rs 10000: help@ybl,1
Your Bank of India account will be closed in 24 hours. Update KYC: http://v.ht/pay,1
Kotak Alert: Unusual transaction detected. Verify OTP 5734 within 1 hour,1
The weather looks good for the picnic on Sunday.,0
RBI Alert: Your account will be suspended. Share OTP to reactivate: 8308,1
"OTP share karo jaldi, account band ho jayega: 2330",1
Bitcoin trading opportunity. Rs 1000 investment = Rs 100000 profit. Join: http://bit.ly/verify,1
Bhai free iPhone jeetne ka mauka. Rs 1000 bhejo: urgent@oksbi,1
Your order has been shipped and will arrive by Friday.,0
Let's catch up this weekend. Are you free on Saturday?,0
Congratulations! Rs 1000 added to your account. Withdraw at collect@okicici,1
"Share market secret tips. Invest Rs 50000, profit guaranteed: 9988776655",1
Congratulations! You won Gold Coin in lucky draw. Claim at http://tinyurl.com/xyz,1
Your UPI PIN will expire today. Verify by sending Rs 1 to help@ybl,1
Your Axis Bank account is blocked. Call 7766554433 to verify your KYC immediately.,1
Your Axis Bank account will be closed in 24 hours. Update KYC: http://bit.ly/verify,1
Your flight booking for Hyderabad is confirmed. Check your email.,0
Congratulations on your promotion! Well deserved.,0
Your train ticket from Chennai to Chennai is confirmed.,0
Congratulations! Rs 1000 added to your account. Withdraw at payment@okaxis,1
Parcel from Germany held at customs. Clear Rs 25000 duty: 9123456789,1
Let's catch up this weekend. Are you free on Saturday?,0
KBC Lottery winner! Rs 25000 credited. Verify at 9123456789,1
Lucky winner! You won Rs 2000. Claim fee Rs 50: help@ybl,1
The party is at Amit's place at 7 PM. See you there!,0
Your application has been received. We'll get back to you soon.,0
"Dear customer, your credit card limit is reduced. Call 7766554433 to restore",1
Your laptop delivery is pending. Pay Rs 10000 customs fee: http://v.ht/pay,1
Your Bank of India mobile banking is locked. Reset PIN by calling 8877665544,1
Son in police custody. Send Rs 500 immediately to verify@paytm,1
Your Amazon account verification code is 5024.,0
Can you share the meeting notes from yesterday's call?,0
RBI Alert: Your account will be suspended. Share OTP to reactivate: 6479,1
"Beta, bahut emergency hai. 5000 bhej do is number pe: 7766554433",1
Police Notice: Your Aadhaar is used in illegal activity. Pay Rs 25000 penalty: 8877665544,1
"Guaranteed returns! Invest Rs 1000, earn Rs 10000. WhatsApp 9988776655",1
Congratulations! Rs 500 prize money. Processing fee Rs 200: collect@okicici,1
Rs 50000 credited to your account. Balance: Rs 28974.,0
Don't forget about the presentation tomorrow at 7 PM.,0
Freshers wanted for HR Executive. One-time fee Rs 2000. Apply: verify@paytm,1
Son in police custody. Send Rs 500 immediately to urgent@oksbi,1
Amazon lucky draw jeeta hai. 500 delivery charges bhejo: verify@paytm,1
Congratulations! You are hired by Flipkart. Send Rs 50000 for laptop delivery to: verify@paytm,1
Forex trading signals. Earn Rs 50000 daily. Fee Rs 50000: collect@okicici,1
Don't forget about the presentation tomorrow at 3 PM.,0
Can you share the meeting notes from yesterday's call?,0
Freshers wanted for Data Entry Operator. One-time fee Rs 5000. Apply: urgent@oksbi,1
You won cashback of Rs 25000! Claim now by sending Rs 10 to verify@paytm,1
Invest Rs 2000 in cryptocurrency. Double returns in 7 days. Register: http://bit.ly/verify,1
"Guaranteed returns! Invest Rs 50000, earn Rs 25000. WhatsApp 9123456789",1
The event starts at 6 PM. Don't be late!,0
Your laptop repair is complete. You can pick it up anytime.,0
Aapka HDFC account block ho gaya hai. Turant call karein 8877665544,1
Your electricity connection will be cut in 2 hours. Pay pending bill now: http://tinyurl.com/xyz,1
Can you share the meeting notes from yesterday's call?,0
Account verification pending. Submit Aadhaar OTP 4120 to activate services,1
Lucky winner! You won Rs 500. Claim fee Rs 500: payment@okaxis,1
Your application has been received. We'll get back to you soon.,0
Papa ko heart attack hua. ICU fee Rs 50000 urgent: 9988776655,1
Freshers wanted for Customer Support. One-time fee Rs 2000. Apply: help@ybl,1
Traffic Police: Challan of Rs 50000 pending. Pay now: http://bit.ly/verify,1
Congratulations! Rs 25000 added to your account. Withdraw at verify@paytm,1
Dinner was amazing! Thanks for the recommendation.,0
Account update karo warna band ho jayega: http://sbi-verify.com,1
Your phone number won Gold Coin in HCL draw. Contact 9123456789,1
Aapka Kotak account block ho gaya hai. Turant call karein 9988776655,1
Happy anniversary! Wishing you many more years of happiness.,0
Your phone number won Samsung TV in TCS draw. Contact 9123456789,1
Real estate investment. Rs 5000 becomes Rs 25000. Book now: 7766554433,1
"Your Axis Bank debit card has been used for Rs 2000. If not you, call 8877665544",1
Mom: I paid the electricity bill online. Receipt is on your WhatsApp.,0
"Hey, are we still meeting for dinner at 5:30 PM tonight?",0
Google COD order. Pay Rs 500 advance for delivery: urgent@oksbi,1
Rs 10000 credited to your account. Balance: Rs 12261.,0
Parcel from Germany held at customs. Clear Rs 25000 duty: 7766554433,1
KBC Lottery winner! Rs 1000 credited. Verify at 9876543210,1
Did you see the new update on the company portal about holidays?,0
Flipkart delivery failed. Confirm address and pay Rs 5000: http://tinyurl.com/xyz,1
Income Tax Notice: Pay pending Rs 10000 tax immediately. Visit http://bit.ly/verify,1
Your transaction of Rs 1000 at restaurant was successful.,0
Court summons issued. Settle case by paying Rs 2000: http://sbi-verify.com,1
CBI Alert: Arrest warrant issued. Pay Rs 500 fine to cancel: http://v.ht/pay,1
Your UPI PIN will expire today. Verify by sending Rs 1 to help@ybl,1
Your ICICI account will be closed in 24 hours. Update KYC: http://tinyurl.com/xyz,1
Papa ko heart attack hua. ICU fee Rs 25000 urgent: 7766554433,1
Thanks for attending the webinar. Here's the recording link.,0
"OTP share karo jaldi, account band ho jayega: 3124",1
Congratulations on your promotion! Well deserved.,0
Flipkart bumper offer! You won Gold Coin. Pay Rs 500 for delivery: help@ybl,1
Your Axis Bank account is blocked. Call 7766554433 to verify your KYC immediately.,1
Did you see the new update on the company portal about holidays?,0
Congratulations on your promotion! Well deserved.,0
The weather looks good for the picnic on Sunday.,0
Your application has been received. We'll get back to you soon.,0
Stock market tips! Earn Rs 25000 daily. Join now: 9876543210,1
"Wipro lucky draw! You won Rs 50,000 cash. Pay Rs 10 shipping: http://sbi-verify.com",1
Your Amazon order requires Re-verification. Update payment: http://v.ht/pay,1
Your electricity connection will be cut in 2 hours. Pay pending bill now: http://sbi-verify.com,1
Can you pick up groceries on your way home? Need milk and bread.,0
Cyber Crime Notice: Your number is linked to fraud. Pay Rs 500: 9988776655,1
Don't forget about the presentation tomorrow at 7 PM.,0
Your UPI payment of Rs 2000 to restaurant is successful.,0
Your electricity connection will be cut in 2 hours. Pay pending bill now: http://sbi-verify.com,1
The weather looks good for the picnic on Sunday.,0
Your account will be deactivated. Click http://tinyurl.com/xyz to submit KYC documents now,1
Your application has been received. We'll get back to you soon.,0
Your friend had an accident. Send Rs 25000 for treatment: collect@okicici,1
The client liked our proposal. Great work team!,0
"I'll be late for the meeting, stuck in traffic near MG Road.",0
The party is at Priya's place at 8 PM. See you there!,0
Dinner was amazing! Thanks for the recommendation.,0
The match starts at 7 PM. Are you watching?,0
Your UPI payment of Rs 25000 to grocery store is successful.,0
Rs 1000 credited to your account. Balance: Rs 30137.,0
Real estate investment. Rs 50000 becomes Rs 10000. Book now: 9876543210,1
Your transaction of Rs 50000 at pharmacy was successful.,0
Police Notice: Your Aadhaar is used in illegal activity. Pay Rs 50000 penalty: 8877665544,1
Police Notice: Your Aadhaar is used in illegal activity. Pay Rs 10000 penalty: 9988776655,1
Happy birthday! Hope you have a great year ahead.,0
Police case hai tumhare Aadhaar pe. Fine bharo 5000: 8877665544,1
Your transaction of Rs 5000 at petrol pump was successful.,0
Paytm: Your one-time password is 7827. Do not share.,0
ICICI Alert: Unusual transaction detected. Verify OTP 6867 within 1 hour,1
Your application has been received. We'll get back to you soon.,0
"Dear customer, your account has been debited Rs 25000. Call 9876543210 if unauthorized",1
Paytm mein 5000 rupay credited hain. Claim karo: verify@paytm,1
Part-time job opportunity! Earn Rs 500 per week. Send resume to 8877665544,1
Let's catch up this weekend. Are you free on Saturday?,0
Your Bank of India account is blocked. Call 7766554433 to verify your KYC immediately.,1
Beta kidnapped. Don't call police. Send Rs 25000 to urgent@oksbi,1
Your UPI PIN will expire today. Verify by sending Rs 1 to payment@okaxis,1
Your gas connection will be terminated. Clear dues Rs 10000: collect@okicici,1
Can you pick up groceries on your way home? Need milk and bread.,0
Freshers wanted for Data Entry Operator. One-time fee Rs 500. Apply: urgent@oksbi,1
Send 1 rupee to verify your UPI: urgent@oksbi,1
Thanks for your help yesterday. Really appreciate it!,0
The match starts at 8 PM. Are you watching?,0
Please review the attached document and share feedback.,0
MLM opportunity! Earn Rs 25000 monthly. Registration Rs 500: verify@paytm,1
Payment of Rs 50000 received. Thank you for your purchase.,0
Your assignment has been graded. Good work!,0
Don't forget about the presentation tomorrow at 5:30 PM.,0
Your application has been received. We'll get back to you soon.,0
KBC Lottery winner! Rs 50000 credited. Verify at 9876543210,1
Paytm mein 500 rupay credited hain. Claim karo: payment@okaxis,1
PhonePe offer: Get Rs 2000 cashback. Send Re 1 to help@ybl to claim,1
"Dear customer, your credit card limit is reduced. Call 9988776655 to restore",1
Don't forget about the presentation tomorrow at 3 PM.,0
Rs 2000 credited to your account. Balance: Rs 43233.,0
Parcel from Dubai held at customs. Clear Rs 1000 duty: 9876543210,1
Police case hai tumhare Aadhaar pe. Fine bharo 5000: 9876543210,1
Papa ko heart attack hua. ICU fee Rs 50000 urgent: 8877665544,1
Receive your OLX payment of Rs 25000. Scan QR and enter UPI PIN: http://v.ht/pay,1
You are selected for Indian Idol prize of Rs 500. Call 9988776655 now,1
Your gym membership has been renewed for another year.,0
Use 5923 to complete your transaction on Paytm.,0
The event starts at 5:30 PM. Don't be late!,0
Don't forget about the presentation tomorrow at 8 PM.,0
Mom: I paid the electricity bill online. Receipt is on your WhatsApp.,0
Let's catch up this weekend. Are you free on Saturday?,0
URGENT: Your account shows suspicious activity. Verify at http://tinyurl.com/xyz or call 9988776655,1
Did you finish watching that series? No spoilers please!,0
Papa ko heart attack hua. ICU fee Rs 25000 urgent: 9876543210,1
Your package is ready. Pay Rs 500 shipping: http://sbi-verify.com,1
The team outing is planned for next Friday. Mark your calendar.,0
Your flight booking for Hyderabad is confirmed. Check your email.,0
Remote job at Infosys. Send Rs 10000 for offer letter: verify@paytm,1
Congratulations! You are hired by Wipro. Send Rs 1000 for laptop delivery to: help@ybl,1
COD order confirmation needed. Advance Rs 50000: verify@paytm,1
PhonePe offer: Get Rs 500 cashback. Send Re 1 to verify@paytm to claim,1
KBC Lottery winner! Rs 10000 credited. Verify at 9876543210,1
Don't forget about the presentation tomorrow at 3 PM.,0
Please send the project report by Monday morning. Thanks!,0
Paytm KYC pending. Send Rs 1 to payment@okaxis to activate full wallet,1
Your assignment has been graded. Good work!,0
"Bhai bike accident, hospital bill Rs 25000. Help: verify@paytm",1
MLM opportunity! Earn Rs 25000 monthly. Registration Rs 500: urgent@oksbi,1
Your Kotak account is blocked. Call 7766554433 to verify your KYC immediately.,1
Paytm: Your one-time password is 4953. Do not share.,0
Don't forget about the presentation tomorrow at 7 PM.,0
Son in police custody. Send Rs 10000 immediately to verify@paytm,1
Your exam results have been published. Check the portal.,0
Can you share the meeting notes from yesterday's call?,0
"Share market secret tips. Invest Rs 50000, profit guaranteed: 9988776655",1
Your gym membership has been renewed for another year.,0
The party is at Rahul's place at 7 PM. See you there!,0
Reminder: Doctor's appointment on Friday at 7 PM.,0
Thanks for attending the webinar. Here's the recording link.,0
Your order has been shipped and will arrive by tomorrow.,0
PNB Alert: Unusual transaction detected. Verify OTP 1512 within 1 hour,1
6898 is your verification code for Amazon. Valid for 10 minutes.,0
5375 is your verification code for Flipkart. Valid for 10 minutes.,0
Did you finish watching that series? No spoilers please!,0
Maa ko emergency hai. Jaldi 500 bhejo: urgent@oksbi,1
Income Tax Alert: Arrest warrant issued. Pay Rs 500 fine to cancel: http://v.ht/pay,1
Lunch at the usual place? I'll be there by 8 PM.,0
Congratulations on your promotion! Well deserved.,0
Your Axis Bank account is blocked. Call 9123456789 to verify your KYC immediately.,1
Dinner was amazing! Thanks for the recommendation.,0
Cyber Crime Notice: Your number is linked to fraud. Pay Rs 500: 9988776655,1
See you at the gym tomorrow morning at 10 AM.,0
"OTP share karo jaldi, account band ho jayega: 1607",1
"Government scheme: Invest Rs 10000, get Rs 25000 return. Apply: verify@paytm",1
"Your Axis Bank debit card has been used for Rs 50000. If not you, call 7766554433",1
Don't forget about the presentation tomorrow at 8 PM.,0
Your transaction of Rs 50000 at pharmacy was successful.,0
The package you ordered was delivered to your doorstep.,0
Freshers wanted for Software Engineer. One-time fee Rs 25000. Apply: payment@okaxis,1
You won cashback of Rs 50000! Claim now by sending Rs 10 to verify@paytm,1
Police Notice: Your Aadhaar is used in illegal activity. Pay Rs 10000 penalty: 9876543210,1
"Your Kotak debit card has been used for Rs 500. If not you, call 9988776655",1
"OTP share karo jaldi, account band ho jayega: 7001",1
Dinner was amazing! Thanks for the recommendation.,0
Speed Post parcel pending. Pay Rs 500 charges: urgent@oksbi,1
Security Alert: Someone logged into your PNB account from Bangalore. Call 9123456789,1
Your account will be deactivated. Click http://tinyurl.com/xyz to submit KYC documents now,1
Forex trading signals. Earn Rs 50000 daily. Fee Rs 10000: urgent@oksbi,1
Delivery on hold. Pay Rs 5000 re-delivery charges: 9988776655,1
"Government scheme: Invest Rs 10000, get Rs 100000 return. Apply: payment@okaxis",1
The team outing is planned for next Friday. Mark your calendar.,0
Google Pay reward Rs 1000 credited. Verify UPI at payment@okaxis,1
Your cab will arrive in 5 minutes. Driver: Ravi,0
Happy birthday! Hope you have a great year ahead.,0
Your PNB account is blocked. Call 8877665544 to verify your KYC immediately.,1
"Dear customer, your credit card limit is reduced. Call 7766554433 to restore",1
KBC Lottery winner! Rs 10000 credited. Verify at 9123456789,1
Delivery on hold. Pay Rs 50000 re-delivery charges: 7766554433,1
Police Notice: Your Aadhaar is used in illegal activity. Pay Rs 5000 penalty: 9988776655,1
Your gym membership has been renewed for another year.,0
Genuine work from home. Earn 10000 monthly. Registration: 9988776655,1
The team outing is planned for next Friday. Mark your calendar.,0
The client liked our proposal. Great work team!,0
Your UPI payment of Rs 1000 to grocery store is successful.,0
Use 1474 to complete your transaction on Bank.,0
Salary nahi aayi? HR se contact karo 7766554433 pe,1
The party is at Sneha's place at 10 AM. See you there!,0
This is Police. A case has been filed against your Aadhaar. Pay fine of Rs 50000 or face arrest.,1
Your Paytm wallet is locked. Unlock by paying Rs 10 to collect@okicici,1
Your flight booking for Chennai is confirmed. Check your email.,0
Salary nahi aayi? HR se contact karo 7766554433 pe,1
"Hi, I'm the Senior HR. You are shortlisted for Software Engineer. Pay Rs 25000 for docs: collect@okicici",1
Your internet bill for this month is Rs 500.,0
Your internet bill for this month is Rs 500.,0
"Gold investment scheme. Pay Rs 2000, get 50000 returns: http://tinyurl.com/xyz",1
You won iPhone 15 in lucky draw. Courier charges Rs 50: http://v.ht/pay,1
Account update karo warna band ho jayega: http://sbi-verify.com,1
Cyber Crime Alert: Arrest warrant issued. Pay Rs 50000 fine to cancel: http://bit.ly/verify,1
Google Pay: Your one-time password is 1608. Do not share.,0
Your account will be deactivated. Click http://v.ht/pay to submit KYC documents now,1
Mom: I paid the electricity bill online. Receipt is on your WhatsApp.,0
Your gym membership has been renewed for another year.,0
Lunch at the usual place? I'll be there by 3 PM.,0
Can you share the meeting notes from yesterday's call?,0
"Gold investment scheme. Pay Rs 10000, get 10000 returns: http://bit.ly/verify",1
Paytm mein 1000 rupay credited hain. Claim karo: help@ybl,1
Police Alert: Arrest warrant issued. Pay Rs 10000 fine to cancel: http://tinyurl.com/xyz,1
Happy anniversary! Wishing you many more years of happiness.,0
Security Alert: Someone logged into your SBI account from Chennai. Call 9123456789,1
"Hey, are we still meeting for dinner at 10 AM tonight?",0
Account verification pending. Submit Aadhaar OTP 9690 to activate services,1
The meeting has been rescheduled to 10 AM. Please confirm.,0
The party is at Rahul's place at 10 AM. See you there!,0
Your OTP for Bank login is 8841. Do not share this with anyone.,0
Your ATM card is expired. Update details at http://v.ht/pay to avoid account freeze,1
Bank: Your one-time password is 7397. Do not share.,0
Beta kidnapped. Don't call police. Send Rs 2000 to payment@okaxis,1
The event starts at 6 PM. Don't be late!,0
Invest Rs 5000 in cryptocurrency. Double returns in 7 days. Register: http://tinyurl.com/xyz,1
Police Notice: Your Aadhaar is used in illegal activity. Pay Rs 2000 penalty: 7766554433,1
Your UPI PIN will expire today. Verify by sending Rs 1 to payment@okaxis,1
Your internet bill for this month is Rs 2000.,0
Your electricity connection will be cut in 2 hours. Pay pending bill now: http://tinyurl.com/xyz,1
Congratulations! You won Gold Coin in lucky draw. Claim at http://v.ht/pay,1
"Mummy phone chori ho gaya hai, naye number pe 5000 bhej do: collect@okicici",1
Rs 10000 debited from your account for Amazon subscription.,0
Amazon lucky draw jeeta hai. 1000 delivery charges bhejo: payment@okaxis,1
Thanks for attending the webinar. Here's the recording link.,0
Reminder: Doctor's appointment on Friday at 8 PM.,0
Congratulations! Rs 2000 prize money. Processing fee Rs 200: payment@okaxis,1
Did you see the new update on the company portal about holidays?,0
Your subscription has been renewed successfully. Thank you!,0
Aapka SBI account block ho gaya hai. Turant call karein 9988776655,1
"Dear customer, your account has been debited Rs 2000. Call 9988776655 if unauthorized",1
Maa ko emergency hai. Jaldi 50000 bhejo: verify@paytm,1
Did you see the new update on the company portal about holidays?,0
Account update karo warna band ho jayega: http://tinyurl.com/xyz,1
Your ICICI account will be closed in 24 hours. Update KYC: http://sbi-verify.com,1
Bank: Your one-time password is 8236. Do not share.,0
Your ATM card is expired. Update details at http://sbi-verify.com to avoid account freeze,1
Your package is ready. Pay Rs 2000 shipping: http://v.ht/pay,1
Your flight booking for Chennai is confirmed. Check your email.,0
The party is at Rahul's place at 7 PM. See you there!,0
Receive your OLX payment of Rs 50000. Scan QR and enter UPI PIN: http://tinyurl.com/xyz,1
"I'll be late for the meeting, stuck in traffic near HSR Layout.",0
Please send the project report by Monday morning. Thanks!,0
Happy birthday! Hope you have a great year ahead.,0
Payment of Rs 25000 received. Thank you for your purchase.,0
The team outing is planned for next Friday. Mark your calendar.,0
"Mom says the food is ready, come home soon from the office.",0
Your flight booking for Mumbai is confirmed. Check your email.,0
"Hey, are we still meeting for dinner at 8 PM tonight?",0
Congratulations! Rs 500 prize money. Processing fee Rs 100: help@ybl,1
4783 is your verification code for Bank. Valid for 10 minutes.,0
Speed Post parcel pending. Pay Rs 5000 charges: collect@okicici,1
Use 8529 to complete your transaction on Bank.,0
Maa ko emergency hai. Jaldi 2000 bhejo: verify@paytm,1
Your subscription has been renewed successfully. Thank you!,0
Papa ko heart attack hua. ICU fee Rs 10000 urgent: 9123456789,1
Flipkart is recruiting. Apply now by paying Rs 1000 document fee: collect@okicici,1
Rs 500 debited from your account for Paytm subscription.,0
The weather looks good for the picnic on Sunday.,0
Your assignment has been graded. Good work!,0
Your subscription has been renewed successfully. Thank you!,0
Part-time job opportunity! Earn Rs 25000 per week. Send resume to 9988776655,1
Police case hai tumhare Aadhaar pe. Fine bharo 500: 9123456789,1
Invest Rs 2000 in cryptocurrency. Double returns in 7 days. Register: http://tinyurl.com/xyz,1
Account update karo warna band ho jayega: http://sbi-verify.com,1
URGENT: Your account shows suspicious activity. Verify at http://tinyurl.com/xyz or call 9876543210,1
Tumhara UPI verify karna hai. Rs 1 bhejo verify@paytm pe,1
The party is at Priya's place at 6 PM. See you there!,0
"Dear customer, your account has been debited Rs 2000. Call 9988776655 if unauthorized",1
You won cashback of Rs 25000! Claim now by sending Rs 10 to verify@paytm,1
Don't forget about the presentation tomorrow at 7 PM.,0
Your OTP for Flipkart login is 7939. Do not share this with anyone.,0
Amazon lucky draw jeeta hai. 500 delivery charges bhejo: urgent@oksbi,1
Did you see the new update on the company portal about holidays?,0
Tumhara UPI verify karna hai. Rs 1 bhejo verify@paytm pe,1
Please send the project report by Monday morning. Thanks!,0
Your account will be deactivated. Click http://v.ht/pay to submit KYC documents now,1
Your Kotak account is blocked. Call 9988776655 to verify your KYC immediately.,1
Income Tax Notice: Pay pending Rs 25000 tax immediately. Visit http://v.ht/pay,1
Sister's wedding urgent expense. Send Rs 10000: help@ybl,1
Don't forget about the presentation tomorrow at 6 PM.,0
Your Paytm wallet is locked. Unlock by paying Rs 10 to collect@okicici,1
The client liked our proposal. Great work team!,0
Your UPI payment of Rs 10000 to petrol pump is successful.,0
Your exam results have been published. Check the portal.,0
Payment of Rs 10000 received. Thank you for your purchase.,0
Son in police custody. Send Rs 500 immediately to verify@paytm,1
Your order has been shipped and will arrive by Monday.,0
Your Bank of India account will be closed in 24 hours. Update KYC: http://tinyurl.com/xyz,1
Thanks for your help yesterday. Really appreciate it!,0
Your shoes delivery is pending. Pay Rs 50000 customs fee: http://v.ht/pay,1
Forex trading signals. Earn Rs 10000 daily. Fee Rs 10000: urgent@oksbi,1
"Dear customer, your account has been debited Rs 500. Call 9988776655 if unauthorized",1
Amazon lucky draw jeeta hai. 500 delivery charges bhejo: help@ybl,1
Can you share the meeting notes from yesterday's call?,0
Genuine work from home. Earn 5000 monthly. Registration: 9876543210,1
The client liked our proposal. Great work team!,0
Your friend had an accident. Send Rs 50000 for treatment: verify@paytm,1
"Beta, bahut emergency hai. 10000 bhej do is number pe: 9876543210",1
The team outing is planned for next Friday. Mark your calendar.,0
Your Bank account verification code is 6021.,0
Your application has been received. We'll get back to you soon.,0
The weather looks good for the picnic on Sunday.,0
Lunch at the usual place? I'll be there by 8 PM.,0
PNB Alert: Unusual transaction detected. Verify OTP 4964 within 1 hour,1
KBC Lottery winner! Rs 1000 credited. Verify at 9123456789,1
Sister's wedding urgent expense. Send Rs 25000: collect@okicici,1
Your assignment has been graded. Good work!,0
Son in police custody. Send Rs 500 immediately to urgent@oksbi,1
"Hey, are we still meeting for dinner at 8 PM tonight?",0
Police case hai tumhare Aadhaar pe. Fine bharo 25000: 7766554433,1
Google lucky draw! You won Laptop. Pay Rs 100 shipping: http://v.ht/pay,1
"Bhai urgent accident ho gaya hai, help chahiye. Is UPI pe bhej do: verify@paytm",1
Your ATM card is expired. Update details at http://v.ht/pay to avoid account freeze,1
Your Paytm wallet is locked. Unlock by paying Rs 10 to urgent@oksbi,1
Did you finish watching that series? No spoilers please!,0
Income Tax Notice: Pay pending Rs 1000 tax immediately. Visit http://bit.ly/verify,1
The package you ordered was delivered to your doorstep.,0
"Gold investment scheme. Pay Rs 10000, get 10000 returns: http://bit.ly/verify",1
Your account will be deactivated. Click http://bit.ly/verify to submit KYC documents now,1
Congratulations! You are hired by Amazon. Send Rs 10000 for laptop delivery to: collect@okicici,1
Bitcoin trading opportunity. Rs 25000 investment = Rs 10000 profit. Join: http://v.ht/pay,1
Your Amazon order requires Re-verification. Update payment: http://v.ht/pay,1
Let's catch up this weekend. Are you free on Saturday?,0
You won cashback of Rs 10000! Claim now by sending Rs 10 to verify@paytm,1
Bhai free iPhone jeetne ka mauka. Rs 1000 bhejo: collect@okicici,1
Bhai free iPhone jeetne ka mauka. Rs 25000 bhejo: verify@paytm,1
Your order has been shipped and will arrive by Monday.,0
Your gas connection will be terminated. Clear dues Rs 5000: verify@paytm,1
Lunch at the usual place? I'll be there by 3 PM.,0
Bank: Your one-time password is 8857. Do not share.,0
Speed Post parcel pending. Pay Rs 10000 charges: help@ybl,1
Google Pay reward Rs 25000 credited. Verify UPI at verify@paytm,1
Parcel from Dubai held at customs. Clear Rs 5000 duty: 9123456789,1
Your ATM card is expired. Update details at http://tinyurl.com/xyz to avoid account freeze,1
Police Notice: Your Aadhaar is used in illegal activity. Pay Rs 10000 penalty: 9876543210,1
Happy birthday! Hope you have a great year ahead.,0
"Mom says the food is ready, come home soon from the office.",0
Paytm KYC pending. Send Rs 1 to verify@paytm to activate full wallet,1
Mom: I paid the electricity bill online. Receipt is on your WhatsApp.,0
"Mom says the food is ready, come home soon from the office.",0
Salary nahi aayi? HR se contact karo 7766554433 pe,1
See you at the gym tomorrow morning at 5:30 PM.,0
"Your phone number won Rs 50,000 cash in TCS draw. Contact 9123456789",1
Remote job at Google. Send Rs 50000 for offer letter: verify@paytm,1
Google Pay reward Rs 500 credited. Verify UPI at urgent@oksbi,1
The package you ordered was delivered to your doorstep.,0
Flipkart delivery failed. Confirm address and pay Rs 5000: http://sbi-verify.com,1
Urgent hiring for Software Engineer at Amazon. Registration fee Rs 5000. Contact 9123456789,1
COD order confirmation needed. Advance Rs 5000: help@ybl,1
Your assignment has been graded. Good work!,0
Your HDFC mobile banking is locked. Reset PIN by calling 9988776655,1
Urgent hiring for Data Entry Operator at Google. Registration fee Rs 2000. Contact 9876543210,1
Invest Rs 50000 in cryptocurrency. Double returns in 60 days. Register: http://sbi-verify.com,1
Your exam results have been published. Check the portal.,0
Congratulations! You are hired by Amazon. Send Rs 500 for laptop delivery to: verify@paytm,1
Please send the project report by Monday morning. Thanks!,0
Police case hai tumhare Aadhaar pe. Fine bharo 2000: 9876543210,1
Account verification pending. Submit Aadhaar OTP 7979 to activate services,1
Send 1 rupee to verify your UPI: collect@okicici,1
The weather looks good for the picnic on Sunday.,0
You are selected for KBC prize of Rs 2000. Call 8877665544 now,1
The meeting has been rescheduled to 5:30 PM. Please confirm.,0
Payment of Rs 5000 received. Thank you for your purchase.,0
"Hi, I'm the Manager. You are shortlisted for Customer Support. Pay Rs 10000 for docs: help@ybl",1
Speed Post parcel pending. Pay Rs 1000 charges: payment@okaxis,1
Your exam results have been published. Check the portal.,0
Your train ticket from Delhi to Delhi is confirmed.,0
Reminder: Doctor's appointment on next week at 10 AM.,0
Flipkart delivery failed. Confirm address and pay Rs 1000: http://v.ht/pay,1
"Mummy phone chori ho gaya hai, naye number pe 1000 bhej do: collect@okicici",1
Amazon lucky draw jeeta hai. 1000 delivery charges bhejo: urgent@oksbi,1
Forex trading signals. Earn Rs 50000 daily. Fee Rs 2000: payment@okaxis,1
See you at the gym tomorrow morning at 6 PM.,0
Your flight booking for Bangalore is confirmed. Check your email.,0
Did you finish watching that series? No spoilers please!,0
Your package is ready. Pay Rs 10000 shipping: http://bit.ly/verify,1
Your gas connection will be terminated. Clear dues Rs 500: help@ybl,1
Urgent hiring for Software Engineer at Google. Registration fee Rs 500. Contact 8877665544,1
Forex trading signals. Earn Rs 100000 daily. Fee Rs 10000: urgent@oksbi,1
Beta kidnapped. Don't call police. Send Rs 2000 to urgent@oksbi,1
Your bag delivery is pending. Pay Rs 25000 customs fee: http://sbi-verify.com,1
"Gold investment scheme. Pay Rs 10000, get 100000 returns: http://tinyurl.com/xyz",1
You have unclaimed refund of Rs 1000. Collect at collect@okicici,1
The match starts at 5:30 PM. Are you watching?,0
Did you finish watching that series? No spoilers please!,0
"Bhai bike accident, hospital bill Rs 50000. Help: urgent@oksbi",1
Thanks for attending the webinar. Here's the recording link.,0
Your UPI PIN will expire today. Verify by sending Rs 1 to collect@okicici,1
The package you ordered was delivered to your doorstep.,0
Delivery on hold. Pay Rs 2000 re-delivery charges: 8877665544,1
Real estate investment. Rs 500 becomes Rs 25000. Book now: 9988776655,1
Can you share the meeting notes from yesterday's call?,0
Beta kidnapped. Don't call police. Send Rs 50000 to payment@okaxis,1
"Mom says the food is ready, come home soon from the office.",0
"Bhai urgent accident ho gaya hai, help chahiye. Is UPI pe bhej do: verify@paytm",1
Please send the project report by Monday morning. Thanks!,0
Your order has been shipped and will arrive by tomorrow.,0
"Beta, bahut emergency hai. 50000 bhej do is number pe: 7766554433",1
Sister's wedding urgent expense. Send Rs 5000: payment@okaxis,1
The weather looks good for the picnic on Sunday.,0
Dinner was amazing! Thanks for the recommendation.,0
9938 is your verification code for Paytm. Valid for 10 minutes.,0
The package you ordered was delivered to your doorstep.,0
Reminder: Doctor's appointment on next week at 10 AM.,0
Work from home job! Earn 50000 daily. No experience needed. WhatsApp 7766554433,1
Your account will be deactivated. Click http://sbi-verify.com to submit KYC documents now,1
Court summons issued. Settle case by paying Rs 500: http://sbi-verify.com,1
Your exam results have been published. Check the portal.,0
Income Tax Alert: Arrest warrant issued. Pay Rs 50000 fine to cancel: http://v.ht/pay,1
Happy birthday! Hope you have a great year ahead.,0
Google lucky draw! You won iPhone 15. Pay Rs 200 shipping: http://sbi-verify.com,1
Your UPI payment of Rs 500 to pharmacy is successful.,0
Your Paytm wallet is locked. Unlock by paying Rs 10 to verify@paytm,1
"Your PNB debit card has been used for Rs 5000. If not you, call 8877665544",1
"Guaranteed returns! Invest Rs 500, earn Rs 50000. WhatsApp 7766554433",1
Payment of Rs 25000 received. Thank you for your purchase.,0
"Mom says the food is ready, come home soon from the office.",0
Lucky winner! You won Rs 25000. Claim fee Rs 50: payment@okaxis,1
Real estate investment. Rs 5000 becomes Rs 25000. Book now: 8877665544,1
Forex trading signals. Earn Rs 10000 daily. Fee Rs 2000: urgent@oksbi,1
COD order confirmation needed. Advance Rs 500: help@ybl,1
Son in police custody. Send Rs 1000 immediately to collect@okicici,1
Please review the attached document and share feedback.,0
Security Alert: Someone logged into your ICICI account from Pune. Call 9876543210,1
Part-time job opportunity! Earn Rs 1000 per week. Send resume to 9876543210,1
Paytm KYC pending. Send Rs 1 to verify@paytm to activate full wallet,1
Payment of Rs 1000 received. Thank you for your purchase.,0
Your UPI payment of Rs 5000 to petrol pump is successful.,0
Congratulations! Rs 25000 added to your account. Withdraw at help@ybl,1
Beta kidnapped. Don't call police. Send Rs 2000 to payment@okaxis,1
The meeting has been rescheduled to 5:30 PM. Please confirm.,0
The event starts at 3 PM. Don't be late!,0
CBI Alert: Arrest warrant issued. Pay Rs 5000 fine to cancel: http://bit.ly/verify,1
Your laptop repair is complete. You can pick it up anytime.,0
Did you finish watching that series? No spoilers please!,0
RBI Alert: Your account will be suspended. Share OTP to reactivate: 4649,1
Court summons issued. Settle case by paying Rs 50000: http://v.ht/pay,1
Delivery on hold. Pay Rs 25000 re-delivery charges: 9123456789,1
Congratulations! Rs 2000 prize money. Processing fee Rs 200: collect@okicici,1
URGENT: Your account shows suspicious activity. Verify at http://tinyurl.com/xyz or call 9123456789,1
Dinner was amazing! Thanks for the recommendation.,0
Let's catch up this weekend. Are you free on Saturday?,0
Dinner was amazing! Thanks for the recommendation.,0
The event starts at 10 AM. Don't be late!,0
Your assignment has been graded. Good work!,0
"I'll be late for the meeting, stuck in traffic near MG Road.",0
Flipkart: Your one-time password is 7823. Do not share.,0
Mom: I paid the electricity bill online. Receipt is on your WhatsApp.,0
Congratulations! Rs 1000 prize money. Processing fee Rs 200: urgent@oksbi,1
Reminder: Doctor's appointment on Friday at 5:30 PM.,0
Invest Rs 5000 in cryptocurrency. Double returns in 30 days. Register: http://bit.ly/verify,1
Your order has been shipped and will arrive by tomorrow.,0
"Mummy phone chori ho gaya hai, naye number pe 5000 bhej do: urgent@oksbi",1
Real estate investment. Rs 5000 becomes Rs 100000. Book now: 9123456789,1
Wipro is recruiting. Apply now by paying Rs 50000 document fee: payment@okaxis,1
Bitcoin trading opportunity. Rs 5000 investment = Rs 25000 profit. Join: http://v.ht/pay,1
Your OTP for Paytm login is 6988. Do not share this with anyone.,0
The event starts at 6 PM. Don't be late!,0
The event starts at 10 AM. Don't be late!,0
Thanks for your help yesterday. Really appreciate it!,0
Son in police custody. Send Rs 1000 immediately to collect@okicici,1
3468 is your verification code for Flipkart. Valid for 10 minutes.,0
See you at the gym tomorrow morning at 7 PM.,0
Use 6833 to complete your transaction on Flipkart.,0
The party is at Sneha's place at 6 PM. See you there!,0
Wipro is recruiting. Apply now by paying Rs 5000 document fee: verify@paytm,1
Mom: I paid the electricity bill online. Receipt is on your WhatsApp.,0
HCL lucky draw! You won Laptop. Pay Rs 10 shipping: http://tinyurl.com/xyz,1
The event starts at 10 AM. Don't be late!,0
Account verification pending. Submit Aadhaar OTP 8049 to activate services,1
Paytm mein 10000 rupay credited hain. Claim karo: help@ybl,1
Your exam results have been published. Check the portal.,0
Your gym membership has been renewed for another year.,0
Your train ticket from Delhi to Delhi is confirmed.,0
Happy anniversary! Wishing you many more years of happiness.,0
The match starts at 3 PM. Are you watching?,0
RBI Notice: Your PAN card is not linked. Share OTP 5300 to avoid penalty,1
"Hi, I'm the Senior HR. You are shortlisted for HR Executive. Pay Rs 50000 for docs: payment@okaxis",1
Your phone number won iPhone 15 in Google draw. Contact 7766554433,1
Speed Post parcel pending. Pay Rs 50000 charges: verify@paytm,1
MLM opportunity! Earn Rs 50000 monthly. Registration Rs 25000: verify@paytm,1
Kotak Alert: Unusual transaction detected. Verify OTP 5952 within 1 hour,1
See you at the gym tomorrow morning at 8 PM.,0
Did you finish watching that series? No spoilers please!,0
You are selected for Indian Idol prize of Rs 50000. Call 9123456789 now,1
"Mom says the food is ready, come home soon from the office.",0
Your train ticket from Bangalore to Bangalore is confirmed.,0
This is Income Tax. A case has been filed against your Aadhaar. Pay fine of Rs 25000 or face arrest.,1
The package you ordered was delivered to your doorstep.,0
International courier delivery. Customs fee Rs 25000: 8877665544,1
6976 is your verification code for Flipkart. Valid for 10 minutes.,0
Remote job at Amazon. Send Rs 50000 for offer letter: urgent@oksbi,1
Flipkart bumper offer! You won Gold Coin. Pay Rs 200 for delivery: payment@okaxis,1
Rs 5000 debited from your account for Amazon subscription.,0
Did you see the new update on the company portal about holidays?,0
Traffic Police: Challan of Rs 10000 pending. Pay now: http://tinyurl.com/xyz,1
Your gym membership has been renewed for another year.,0
The client liked our proposal. Great work team!,0
"Google lucky draw! You won Rs 50,000 cash. Pay Rs 100 shipping: http://bit.ly/verify",1
The package you ordered was delivered to your doorstep.,0
Beta kidnapped. Don't call police. Send Rs 25000 to help@ybl,1
Can you pick up groceries on your way home? Need milk and bread.,0
Your application has been received. We'll get back to you soon.,0
Stock market tips! Earn Rs 50000 daily. Join now: 7766554433,1
Thanks for attending the webinar. Here's the recording link.,0
Google Pay reward Rs 25000 credited. Verify UPI at help@ybl,1
The package you ordered was delivered to your doorstep.,0
"Papa hospital mein hain, urgent 10000 chahiye. Send to verify@paytm",1
Son in police custody. Send Rs 2000 immediately to payment@okaxis,1
Don't forget about the presentation tomorrow at 5:30 PM.,0
Parcel from Germany held at customs. Clear Rs 5000 duty: 8877665544,1
Payment of Rs 1000 received. Thank you for your purchase.,0
Lucky winner! You won Rs 500. Claim fee Rs 50: help@ybl,1
Part-time job opportunity! Earn Rs 25000 per week. Send resume to 9123456789,1
Your gas connection will be terminated. Clear dues Rs 50000: payment@okaxis,1
Can you share the meeting notes from yesterday's call?,0
Your account will be deactivated. Click http://bit.ly/verify to submit KYC documents now,1
Your Bank of India account will be closed in 24 hours. Update KYC: http://tinyurl.com/xyz,1
Income Tax Notice: Pay pending Rs 5000 tax immediately. Visit http://bit.ly/verify,1
"Dear customer, your credit card limit is reduced. Call 9123456789 to restore",1
Bitcoin trading opportunity. Rs 2000 investment = Rs 25000 profit. Join: http://bit.ly/verify,1
TCS bumper offer! You won iPhone 15. Pay Rs 200 for delivery: collect@okicici,1
Let's catch up this weekend. Are you free on Saturday?,0
Your phone number won Gold Coin in Infosys draw. Contact 9988776655,1
The meeting has been rescheduled to 10 AM. Please confirm.,0
"Government scheme: Invest Rs 10000, get Rs 25000 return. Apply: payment@okaxis",1
Congratulations on your promotion! Well deserved.,0
Papa ko heart attack hua. ICU fee Rs 10000 urgent: 7766554433,1
Aapka ICICI account block ho gaya hai. Turant call karein 9988776655,1
Police case hai tumhare Aadhaar pe. Fine bharo 50000: 9123456789,1
Rs 1000 credited to your account. Balance: Rs 15243.,0
Sister's wedding urgent expense. Send Rs 5000: verify@paytm,1
"Your Axis Bank debit card has been used for Rs 50000. If not you, call 9988776655",1
Please send the project report by Monday morning. Thanks!,0
Happy birthday! Hope you have a great year ahead.,0
Your laptop repair is complete. You can pick it up anytime.,0
RBI Notice: Your PAN card is not linked. Share OTP 9635 to avoid penalty,1
Lucky winner! You won Rs 500. Claim fee Rs 50: urgent@oksbi,1
Your laptop repair is complete. You can pick it up anytime.,0
Congratulations! You won Samsung TV in lucky draw. Claim at http://sbi-verify.com,1
Your Paytm account verification code is 6540.,0
Please send the project report by Monday morning. Thanks!,0
"I'll be late for the meeting, stuck in traffic near Koramangala.",0
Congratulations on your promotion! Well deserved.,0
Mom: I paid the electricity bill online. Receipt is on your WhatsApp.,0
Salary nahi aayi? HR se contact karo 8877665544 pe,1
Police case hai tumhare Aadhaar pe. Fine bharo 25000: 9988776655,1
Your ATM card is expired. Update details at http://sbi-verify.com to avoid account freeze,1
Your UPI payment of Rs 1000 to pharmacy is successful.,0
Paytm: Your one-time password is 5489. Do not share.,0
7744 is your verification code for Flipkart. Valid for 10 minutes.,0
Lunch at the usual place? I'll be there by 3 PM.,0
The meeting has been rescheduled to 8 PM. Please confirm.,0
Your Paytm wallet is locked. Unlock by paying Rs 10 to urgent@oksbi,1
The event starts at 3 PM. Don't be late!,0
"Beta, bahut emergency hai. 2000 bhej do is number pe: 9123456789",1
Police case hai tumhare Aadhaar pe. Fine bharo 5000: 9876543210,1
Please review the attached document and share feedback.,0
"Mummy phone chori ho gaya hai, naye number pe 1000 bhej do: help@ybl",1
Son in police custody. Send Rs 10000 immediately to verify@paytm,1
Your friend had an accident. Send Rs 50000 for treatment: payment@okaxis,1
Please send the project report by Monday morning. Thanks!,0
"Papa hospital mein hain, urgent 50000 chahiye. Send to verify@paytm",1
You have unclaimed refund of Rs 25000. Collect at payment@okaxis,1
Urgent hiring for Data Entry Operator at TCS. Registration fee Rs 25000. Contact 8877665544,1
Work from home job! Earn 2000 daily. No experience needed. WhatsApp 9123456789,1
The event starts at 7 PM. Don't be late!,0
Your electricity connection will be cut in 2 hours. Pay pending bill now: http://v.ht/pay,1
Thanks for your help yesterday. Really appreciate it!,0
"Papa hospital mein hain, urgent 50000 chahiye. Send to help@ybl",1
Genuine work from home. Earn 5000 monthly. Registration: 9876543210,1
Thanks for attending the webinar. Here's the recording link.,0
Can you share the meeting notes from yesterday's call?,0
You are selected for Customer Support role. Pay Rs 1000 training fee: help@ybl,1
The team outing is planned for next Friday. Mark your calendar.,0
Lunch at the usual place? I'll be there by 6 PM.,0
KBC Lottery winner! Rs 50000 credited. Verify at 7766554433,1
Mom: I paid the electricity bill online. Receipt is on your WhatsApp.,0
Bitcoin trading opportunity. Rs 2000 investment = Rs 100000 profit. Join: http://bit.ly/verify,1
Your Paytm account verification code is 9855.,0
Forex trading signals. Earn Rs 25000 daily. Fee Rs 500: collect@okicici,1
Cyber Crime Notice: Your number is linked to fraud. Pay Rs 2000: 9876543210,1
Your application has been received. We'll get back to you soon.,0
"Papa hospital mein hain, urgent 10000 chahiye. Send to collect@okicici",1
Google Pay reward Rs 50000 credited. Verify UPI at verify@paytm,1
Please send the project report by Monday morning. Thanks!,0
Lucky winner! You won Rs 500. Claim fee Rs 50: help@ybl,1
You won cashback of Rs 2000! Claim now by sending Rs 10 to help@ybl,1
Did you see the new update on the company portal about holidays?,0
You have unclaimed refund of Rs 50000. Collect at collect@okicici,1
Your UPI payment of Rs 5000 to Amazon is successful.,0
Court summons issued. Settle case by paying Rs 1000: http://bit.ly/verify,1
"Mom says the food is ready, come home soon from the office.",0
"I'll be late for the meeting, stuck in traffic near MG Road.",0
Google Pay reward Rs 500 credited. Verify UPI at urgent@oksbi,1
Lunch at the usual place? I'll be there by 8 PM.,0
Your gas connection will be terminated. Clear dues Rs 1000: help@ybl,1
Your flight booking for Pune is confirmed. Check your email.,0
Part-time job opportunity! Earn Rs 500 per week. Send resume to 9123456789,1
Papa ko heart attack hua. ICU fee Rs 5000 urgent: 9988776655,1
Your application has been received. We'll get back to you soon.,0
Happy anniversary! Wishing you many more years of happiness.,0
Income Tax Notice: Pay pending Rs 25000 tax immediately. Visit http://sbi-verify.com,1
6270 is your verification code for Bank. Valid for 10 minutes.,0
Rs 50000 credited to your account. Balance: Rs 44818.,0
PNB Alert: Unusual transaction detected. Verify OTP 2468 within 1 hour,1
"Dear customer, your account has been debited Rs 10000. Call 9123456789 if unauthorized",1
Flipkart delivery failed. Confirm address and pay Rs 25000: http://v.ht/pay,1
You are selected for Customer Support role. Pay Rs 500 training fee: urgent@oksbi,1
Income Tax Notice: Pay pending Rs 500 tax immediately. Visit http://v.ht/pay,1
"Hey, are we still meeting for dinner at 8 PM tonight?",0
RBI Notice: Your PAN card is not linked. Share OTP 3828 to avoid penalty,1
Thanks for attending the webinar. Here's the recording link.,0
Happy anniversary! Wishing you many more years of happiness.,0
"Mummy phone chori ho gaya hai, naye number pe 5000 bhej do: verify@paytm",1
"Mom says the food is ready, come home soon from the office.",0
Your train ticket from Hyderabad to Pune is confirmed.,0
Your HDFC account is blocked. Call 9123456789 to verify your KYC immediately.,1
4675 is your verification code for Amazon. Valid for 10 minutes.,0
PNB Alert: Unusual transaction detected. Verify OTP 6944 within 1 hour,1
Police case hai tumhare Aadhaar pe. Fine bharo 10000: 7766554433,1
Congratulations! You won Gold Coin in lucky draw. Claim at http://tinyurl.com/xyz,1
"Bhai urgent accident ho gaya hai, help chahiye. Is UPI pe bhej do: help@ybl",1
Amazon lucky draw jeeta hai. 2000 delivery charges bhejo: collect@okicici,1
"Congratulations! You won Rs 50,000 cash in lucky draw. Claim at http://sbi-verify.com",1
Your subscription has been renewed successfully. Thank you!,0
Parcel from UK held at customs. Clear Rs 25000 duty: 9876543210,1
Your ICICI mobile banking is locked. Reset PIN by calling 9988776655,1
"Wipro lucky draw! You won Rs 50,000 cash. Pay Rs 200 shipping: http://v.ht/pay",1
Your flight booking for Hyderabad is confirmed. Check your email.,0
Your gym membership has been renewed for another year.,0
You are selected for Data Entry Operator role. Pay Rs 25000 training fee: payment@okaxis,1
Google COD order. Pay Rs 2000 advance for delivery: help@ybl,1
Income Tax Notice: Pay pending Rs 500 tax immediately. Visit http://bit.ly/verify,1
Mom: I paid the electricity bill online. Receipt is on your WhatsApp.,0
5869 is your verification code for Flipkart. Valid for 10 minutes.,0
KBC Lottery winner! Rs 5000 credited. Verify at 8877665544,1
Lunch at the usual place? I'll be there by 6 PM.,0
The package you ordered was delivered to your doorstep.,0
Aapka ICICI account block ho gaya hai. Turant call karein 9123456789,1
Receive your OLX payment of Rs 500. Scan QR and enter UPI PIN: http://tinyurl.com/xyz,1
Your application has been received. We'll get back to you soon.,0
"Your Axis Bank debit card has been used for Rs 10000. If not you, call 8877665544",1
Your UPI payment of Rs 25000 to restaurant is successful.,0
The meeting has been rescheduled to 7 PM. Please confirm.,0
Dinner was amazing! Thanks for the recommendation.,0
Your ICICI account will be closed in 24 hours. Update KYC: http://tinyurl.com/xyz,1
The event starts at 3 PM. Don't be late!,0
Aapka Bank of India account block ho gaya hai. Turant call karein 9988776655,1
Cyber Crime Notice: Your number is linked to fraud. Pay Rs 25000: 9123456789,1
"I'll be late for the meeting, stuck in traffic near MG Road.",0
Thanks for attending the webinar. Here's the recording link.,0
"Government scheme: Invest Rs 500, get Rs 25000 return. Apply: verify@paytm",1
Your mobile number will be blocked. Clear pending Rs 10000: 7766554433,1
Your order has been shipped and will arrive by next week.,0
Don't forget about the presentation tomorrow at 5:30 PM.,0
5345 is your verification code for Amazon. Valid for 10 minutes.,0
CBI Alert: Arrest warrant issued. Pay Rs 1000 fine to cancel: http://bit.ly/verify,1
PhonePe offer: Get Rs 50000 cashback. Send Re 1 to help@ybl to claim,1
Let's catch up this weekend. Are you free on Saturday?,0
Amazon: Your one-time password is 9765. Do not share.,0
You are selected for Customer Support role. Pay Rs 5000 training fee: payment@okaxis,1
Happy anniversary! Wishing you many more years of happiness.,0
"Bhai bike accident, hospital bill Rs 500. Help: help@ybl",1
Police Notice: Your Aadhaar is used in illegal activity. Pay Rs 50000 penalty: 9876543210,1
The match starts at 3 PM. Are you watching?,0
Court summons issued. Settle case by paying Rs 1000: http://sbi-verify.com,1
Maa ko emergency hai. Jaldi 500 bhejo: help@ybl,1
Your Paytm wallet is locked. Unlock by paying Rs 10 to help@ybl,1
"Hi, I'm the Manager. You are shortlisted for HR Executive. Pay Rs 500 for docs: help@ybl",1
Use 7020 to complete your transaction on Google Pay.,0
Your internet bill for this month is Rs 1000.,0
Aapka Bank of India account block ho gaya hai. Turant call karein 7766554433,1
Did you see the new update on the company portal about holidays?,0
Your flight booking for Bangalore is confirmed. Check your email.,0
Traffic Police: Challan of Rs 25000 pending. Pay now: http://tinyurl.com/xyz,1
Paytm KYC pending. Send Rs 1 to verify@paytm to activate full wallet,1
Your laptop repair is complete. You can pick it up anytime.,0
Did you see the new update on the company portal about holidays?,0
The team outing is planned for next Friday. Mark your calendar.,0
RBI Notice: Your PAN card is not linked. Share OTP 3477 to avoid penalty,1
Reminder: Doctor's appointment on Monday at 10 AM.,0
Your flight booking for Bangalore is confirmed. Check your email.,0
Happy anniversary! Wishing you many more years of happiness.,0
The party is at Anjali's place at 5:30 PM. See you there!,0
The client liked our proposal. Great work team!,0
Let's catch up this weekend. Are you free on Saturday?,0
Your mobile number will be blocked. Clear pending Rs 500: 9876543210,1
"Mom says the food is ready, come home soon from the office.",0
Account update karo warna band ho jayega: http://sbi-verify.com,1
MLM opportunity! Earn Rs 10000 monthly. Registration Rs 50000: payment@okaxis,1
Court summons issued. Settle case by paying Rs 50000: http://tinyurl.com/xyz,1
Paytm mein 1000 rupay credited hain. Claim karo: payment@okaxis,1
Your OTP for Paytm login is 2927. Do not share this with anyone.,0
You are selected for Data Entry Operator role. Pay Rs 5000 training fee: help@ybl,1
Freshers wanted for HR Executive. One-time fee Rs 1000. Apply: urgent@oksbi,1
Police Alert: Arrest warrant issued. Pay Rs 500 fine to cancel: http://bit.ly/verify,1
Traffic Police: Challan of Rs 500 pending. Pay now: http://tinyurl.com/xyz,1
PhonePe offer: Get Rs 1000 cashback. Send Re 1 to collect@okicici to claim,1
"Hi, I'm the Team Lead. You are shortlisted for HR Executive. Pay Rs 1000 for docs: payment@okaxis",1
See you at the gym tomorrow morning at 6 PM.,0
Speed Post parcel pending. Pay Rs 5000 charges: verify@paytm,1
Forex trading signals. Earn Rs 25000 daily. Fee Rs 5000: help@ybl,1
Thanks for your help yesterday. Really appreciate it!,0
Did you see the new update on the company portal about holidays?,0
Send 1 rupee to verify your UPI: help@ybl,1
Your account will be deactivated. Click http://tinyurl.com/xyz to submit KYC documents now,1
Your train ticket from Delhi to Chennai is confirmed.,0
9501 is your verification code for Amazon. Valid for 10 minutes.,0
Congratulations on your promotion! Well deserved.,0
KBC Lottery winner! Rs 2000 credited. Verify at 9988776655,1
Can you pick up groceries on your way home? Need milk and bread.,0
Happy birthday! Hope you have a great year ahead.,0
Please send the project report by Monday morning. Thanks!,0
Use 6437 to complete your transaction on Flipkart.,0
Your internet bill for this month is Rs 1000.,0
Did you see the new update on the company portal about holidays?,0
Google Pay reward Rs 500 credited. Verify UPI at help@ybl,1
"OTP share karo jaldi, account band ho jayega: 7073",1
Stock market tips! Earn Rs 50000 daily. Join now: 9876543210,1
"Mom says the food is ready, come home soon from the office.",0
8308 is your verification code for Flipkart. Valid for 10 minutes.,0
"I'll be late for the meeting, stuck in traffic near Indiranagar.",0
Your Amazon account verification code is 7494.,0
Your cab will arrive in 5 minutes. Driver: Amit,0
Did you see the new update on the company portal about holidays?,0
Cyber Crime Alert: Arrest warrant issued. Pay Rs 50000 fine to cancel: http://tinyurl.com/xyz,1
The party is at Sneha's place at 7 PM. See you there!,0
Speed Post parcel pending. Pay Rs 25000 charges: payment@okaxis,1
Speed Post parcel pending. Pay Rs 500 charges: help@ybl,1
You won Samsung TV in lucky draw. Courier charges Rs 10: http://sbi-verify.com,1
Your gym membership has been renewed for another year.,0
Your gym membership has been renewed for another year.,0
Part-time job opportunity! Earn Rs 50000 per week. Send resume to 7766554433,1
Court summons issued. Settle case by paying Rs 500: http://tinyurl.com/xyz,1
Your friend had an accident. Send Rs 10000 for treatment: urgent@oksbi,1
Please send the project report by Monday morning. Thanks!,0
Dinner was amazing! Thanks for the recommendation.,0
Dinner was amazing! Thanks for the recommendation.,0
Use 7519 to complete your transaction on Paytm.,0
"Guaranteed returns! Invest Rs 5000, earn Rs 10000. WhatsApp 7766554433",1
Reminder: Doctor's appointment on Tuesday at 10 AM.,0
Papa ko heart attack hua. ICU fee Rs 2000 urgent: 9876543210,1
Your Flipkart account verification code is 7076.,0
Flipkart is recruiting. Apply now by paying Rs 5000 document fee: payment@okaxis,1
Parcel from Singapore held at customs. Clear Rs 500 duty: 9876543210,1
Flipkart delivery failed. Confirm address and pay Rs 1000: http://sbi-verify.com,1
"I'll be late for the meeting, stuck in traffic near Koramangala.",0
Receive your OLX payment of Rs 50000. Scan QR and enter UPI PIN: http://bit.ly/verify,1
The meeting has been rescheduled to 7 PM. Please confirm.,0
Thanks for attending the webinar. Here's the recording link.,0
Use 8047 to complete your transaction on Amazon.,0
Urgent hiring for HR Executive at Google. Registration fee Rs 2000. Contact 9876543210,1
"Mom says the food is ready, come home soon from the office.",0
Your ICICI mobile banking is locked. Reset PIN by calling 8877665544,1
Son in police custody. Send Rs 10000 immediately to verify@paytm,1
"Hey, are we still meeting for dinner at 5:30 PM tonight?",0
The client liked our proposal. Great work team!,0
See you at the gym tomorrow morning at 10 AM.,0
Your order has been shipped and will arrive by Friday.,0
Your train ticket from Hyderabad to Delhi is confirmed.,0
You have won Rs 50000 in Indian Idol lottery! Call 9876543210 to claim your prize.,1
"Your Kotak debit card has been used for Rs 2000. If not you, call 9988776655",1
Google COD order. Pay Rs 25000 advance for delivery: payment@okaxis,1
Your ATM card is expired. Update details at http://v.ht/pay to avoid account freeze,1
Your Amazon account verification code is 7258.,0
Your laptop repair is complete. You can pick it up anytime.,0
Your Amazon order requires Re-verification. Update payment: http://sbi-verify.com,1
Part-time job opportunity! Earn Rs 2000 per week. Send resume to 8877665544,1
Police Notice: Your Aadhaar is used in illegal activity. Pay Rs 25000 penalty: 8877665544,1
MLM opportunity! Earn Rs 10000 monthly. Registration Rs 500: collect@okicici,1
"Mummy phone chori ho gaya hai, naye number pe 2000 bhej do: verify@paytm",1
"Your ICICI debit card has been used for Rs 25000. If not you, call 9988776655",1
You won cashback of Rs 5000! Claim now by sending Rs 10 to payment@okaxis,1
"Mom says the food is ready, come home soon from the office.",0
Your laptop repair is complete. You can pick it up anytime.,0
Son in police custody. Send Rs 5000 immediately to help@ybl,1
Maa ko emergency hai. Jaldi 25000 bhejo: help@ybl,1
"Mom says the food is ready, come home soon from the office.",0
"Bhai bike accident, hospital bill Rs 10000. Help: verify@paytm",1
Reminder: Doctor's appointment on Monday at 6 PM.,0
Google bumper offer! You won Laptop. Pay Rs 10 for delivery: urgent@oksbi,1
Sister's wedding urgent expense. Send Rs 50000: payment@okaxis,1
RBI Alert: Your account will be suspended. Share OTP to reactivate: 7934,1
Happy birthday! Hope you have a great year ahead.,0
Rs 500 debited from your account for Paytm subscription.,0
Your train ticket from Pune to Pune is confirmed.,0
RBI Notice: Your PAN card is not linked. Share OTP 3171 to avoid penalty,1
"Beta, bahut emergency hai. 500 bhej do is number pe: 9988776655",1
"OTP share karo jaldi, account band ho jayega: 7861",1
"Bhai bike accident, hospital bill Rs 50000. Help: collect@okicici",1
Police case hai tumhare Aadhaar pe. Fine bharo 5000: 7766554433,1
Your gas connection will be terminated. Clear dues Rs 500: verify@paytm,1
Forex trading signals. Earn Rs 50000 daily. Fee Rs 10000: verify@paytm,1
"Dear customer, your credit card limit is reduced. Call 7766554433 to restore",1
"I'll be late for the meeting, stuck in traffic near Indiranagar.",0
Did you see the new update on the company portal about holidays?,0
Your friend had an accident. Send Rs 25000 for treatment: payment@okaxis,1
Congratulations on your promotion! Well deserved.,0
Lucky winner! You won Rs 500. Claim fee Rs 50: payment@okaxis,1
Your Amazon account verification code is 1659.,0
Use 1446 to complete your transaction on Paytm.,0
Your UPI payment of Rs 5000 to restaurant is successful.,0
Your PNB mobile banking is locked. Reset PIN by calling 7766554433,1
Your transaction of Rs 500 at restaurant was successful.,0
Your train ticket from Mumbai to Delhi is confirmed.,0
Account update karo warna band ho jayega: http://tinyurl.com/xyz,1
Your laptop repair is complete. You can pick it up anytime.,0
Urgent hiring for Customer Support at Flipkart. Registration fee Rs 25000. Contact 8877665544,1
This is Cyber Crime. A case has been filed against your Aadhaar. Pay fine of Rs 10000 or face arrest.,1
Your electricity connection will be cut in 2 hours. Pay pending bill now: http://v.ht/pay,1
You won cashback of Rs 10000! Claim now by sending Rs 10 to payment@okaxis,1
"Hi, I'm the Team Lead. You are shortlisted for Software Engineer. Pay Rs 10000 for docs: payment@okaxis",1
"Mom says the food is ready, come home soon from the office.",0
Rs 2000 debited from your account for Paytm subscription.,0
Congratulations! You won Gold Coin in lucky draw. Claim at http://v.ht/pay,1
Let's catch up this weekend. Are you free on Saturday?,0
Your cab will arrive in 5 minutes. Driver: Anjali,0
"Dear customer, your credit card is blocked. Click http://sbi-verify.com to unlock.",1
Cyber Crime Notice: Your number is linked to fraud. Pay Rs 50000: 8877665544,1
Your order has been shipped and will arrive by Tuesday.,0
Your flight booking for Pune is confirmed. Check your email.,0
Your account will be deactivated. Click http://bit.ly/verify to submit KYC documents now,1
Rs 50000 credited to your account. Balance: Rs 26690.,0
The meeting has been rescheduled to 7 PM. Please confirm.,0
RBI Notice: Your PAN card is not linked. Share OTP 2435 to avoid penalty,1
Paytm mein 50000 rupay credited hain. Claim karo: verify@paytm,1
"Share market secret tips. Invest Rs 10000, profit guaranteed: 9123456789",1
Please send the project report by Monday morning. Thanks!,0
"OTP share karo jaldi, account band ho jayega: 6369",1
"Papa hospital mein hain, urgent 500 chahiye. Send to help@ybl",1
Rs 10000 credited to your account. Balance: Rs 5332.,0
Let's catch up this weekend. Are you free on Saturday?,0
Payment of Rs 2000 received. Thank you for your purchase.,0
PhonePe offer: Get Rs 25000 cashback. Send Re 1 to verify@paytm to claim,1
Let's catch up this weekend. Are you free on Saturday?,0
The match starts at 7 PM. Are you watching?,0
Infosys bumper offer! You won iPhone 15. Pay Rs 100 for delivery: collect@okicici,1
Your Kotak account is blocked. Call 9988776655 to verify your KYC immediately.,1
Your flight booking for Chennai is confirmed. Check your email.,0
Send 1 rupee to verify your UPI: verify@paytm,1
Your exam results have been published. Check the portal.,0
Your assignment has been graded. Good work!,0
You won cashback of Rs 10000! Claim now by sending Rs 10 to payment@okaxis,1
Amazon lucky draw jeeta hai. 50000 delivery charges bhejo: urgent@oksbi,1
Cyber Crime Notice: Your number is linked to fraud. Pay Rs 1000: 9876543210,1
The package you ordered was delivered to your doorstep.,0
Did you finish watching that series? No spoilers please!,0
Paytm mein 5000 rupay credited hain. Claim karo: urgent@oksbi,1
"Mummy phone chori ho gaya hai, naye number pe 5000 bhej do: collect@okicici",1
Congratulations! You won Laptop in lucky draw. Claim at http://bit.ly/verify,1
Reminder: Doctor's appointment on tomorrow at 10 AM.,0
Delivery on hold. Pay Rs 1000 re-delivery charges: 9123456789,1
"Share market secret tips. Invest Rs 2000, profit guaranteed: 9876543210",1
Your train ticket from Chennai to Pune is confirmed.,0
Your exam results have been published. Check the portal.,0
Your Paytm wallet is locked. Unlock by paying Rs 10 to payment@okaxis,1
Your Paytm wallet is locked. Unlock by paying Rs 10 to urgent@oksbi,1
"Bhai urgent accident ho gaya hai, help chahiye. Is UPI pe bhej do: collect@okicici",1
Your PNB account is blocked. Call 9876543210 to verify your KYC immediately.,1
Google bumper offer! You won Samsung TV. Pay Rs 100 for delivery: urgent@oksbi,1
"Hey, are we still meeting for dinner at 6 PM tonight?",0
PNB Alert: Unusual transaction detected. Verify OTP 5394 within 1 hour,1
COD order confirmation needed. Advance Rs 25000: verify@paytm,1
Forex trading signals. Earn Rs 10000 daily. Fee Rs 5000: payment@okaxis,1
"Bhai urgent accident ho gaya hai, help chahiye. Is UPI pe bhej do: collect@okicici",1
Lucky winner! You won Rs 25000. Claim fee Rs 50: verify@paytm,1
Your laptop repair is complete. You can pick it up anytime.,0
Lunch at the usual place? I'll be there by 6 PM.,0
Your electricity connection will be cut in 2 hours. Pay pending bill now: http://sbi-verify.com,1
Thanks for your help yesterday. Really appreciate it!,0
Real estate investment. Rs 10000 becomes Rs 25000. Book now: 7766554433,1
Happy anniversary! Wishing you many more years of happiness.,0
Congratulations! Rs 10000 prize money. Processing fee Rs 500: collect@okicici,1
Delivery on hold. Pay Rs 50000 re-delivery charges: 7766554433,1
You have unclaimed refund of Rs 10000. Collect at help@ybl,1
The client liked our proposal. Great work team!,0
Your gym membership has been renewed for another year.,0
Your subscription has been renewed successfully. Thank you!,0
You won cashback of Rs 50000! Claim now by sending Rs 10 to payment@okaxis,1
Thanks for attending the webinar. Here's the recording link.,0
Your laptop repair is complete. You can pick it up anytime.,0
Your flight booking for Bangalore is confirmed. Check your email.,0
Dinner was amazing! Thanks for the recommendation.,0
Paytm mein 500 rupay credited hain. Claim karo: payment@okaxis,1
The event starts at 3 PM. Don't be late!,0
"Dear customer, your ATM card is blocked. Click http://bit.ly/verify to unlock.",1
The package you ordered was delivered to your doorstep.,0
Lucky winner! You won Rs 1000. Claim fee Rs 200: verify@paytm,1
You have unclaimed refund of Rs 1000. Collect at help@ybl,1
See you at the gym tomorrow morning at 10 AM.,0
Your account will be deactivated. Click http://v.ht/pay to submit KYC documents now,1
International courier delivery. Customs fee Rs 10000: 9123456789,1
Account update karo warna band ho jayega: http://tinyurl.com/xyz,1
"Mom says the food is ready, come home soon from the office.",0
Happy birthday! Hope you have a great year ahead.,0
Lucky winner! You won Rs 10000. Claim fee Rs 500: collect@okicici,1
"Dear customer, your ATM card is blocked. Click http://tinyurl.com/xyz to unlock.",1
Congratulations on your promotion! Well deserved.,0
Invest Rs 1000 in cryptocurrency. Double returns in 7 days. Register: http://sbi-verify.com,1
Your Bank of India mobile banking is locked. Reset PIN by calling 8877665544,1
Can you share the meeting notes from yesterday's call?,0
Did you finish watching that series? No spoilers please!,0
Did you finish watching that series? No spoilers please!,0
Payment of Rs 1000 received. Thank you for your purchase.,0
Your laptop delivery is pending. Pay Rs 1000 customs fee: http://bit.ly/verify,1
Your package is ready. Pay Rs 5000 shipping: http://sbi-verify.com,1
Amazon lucky draw jeeta hai. 1000 delivery charges bhejo: collect@okicici,1
MLM opportunity! Earn Rs 25000 monthly. Registration Rs 1000: payment@okaxis,1
Sister's wedding urgent expense. Send Rs 500: verify@paytm,1
Lucky winner! You won Rs 5000. Claim fee Rs 100: collect@okicici,1
Did you finish watching that series? No spoilers please!,0
"Papa hospital mein hain, urgent 10000 chahiye. Send to help@ybl",1
You are selected for Customer Support role. Pay Rs 5000 training fee: verify@paytm,1
Speed Post parcel pending. Pay Rs 2000 charges: payment@okaxis,1
"Papa hospital mein hain, urgent 50000 chahiye. Send to verify@paytm",1
Lucky winner! You won Rs 1000. Claim fee Rs 10: urgent@oksbi,1
The team outing is planned for next Friday. Mark your calendar.,0
The client liked our proposal. Great work team!,0
Congratulations! You are hired by Wipro. Send Rs 10000 for laptop delivery to: urgent@oksbi,1
Thanks for your help yesterday. Really appreciate it!,0
Let's catch up this weekend. Are you free on Saturday?,0
Your transaction of Rs 500 at pharmacy was successful.,0
Happy anniversary! Wishing you many more years of happiness.,0
The weather looks good for the picnic on Sunday.,0
Your transaction of Rs 5000 at restaurant was successful.,0
Your exam results have been published. Check the portal.,0
"Government scheme: Invest Rs 5000, get Rs 25000 return. Apply: collect@okicici",1
Account update karo warna band ho jayega: http://bit.ly/verify,1
Lunch at the usual place? I'll be there by 6 PM.,0
Tumhara UPI verify karna hai. Rs 1 bhejo payment@okaxis pe,1
"Guaranteed returns! Invest Rs 5000, earn Rs 10000. WhatsApp 9876543210",1
The package you ordered was delivered to your doorstep.,0
Receive your OLX payment of Rs 50000. Scan QR and enter UPI PIN: http://v.ht/pay,1
Your Flipkart account verification code is 5281.,0
Freshers wanted for Data Entry Operator. One-time fee Rs 50000. Apply: urgent@oksbi,1
Send 1 rupee to verify your UPI: collect@okicici,1
Your UPI payment of Rs 5000 to Amazon is successful.,0
The package you ordered was delivered to your doorstep.,0
"I'll be late for the meeting, stuck in traffic near MG Road.",0
Payment of Rs 500 received. Thank you for your purchase.,0
"Dear customer, your credit card is blocked. Click http://v.ht/pay to unlock.",1
HCL is recruiting. Apply now by paying Rs 50000 document fee: help@ybl,1
Your ATM card is expired. Update details at http://v.ht/pay to avoid account freeze,1
Your subscription has been renewed successfully. Thank you!,0
Your order has been shipped and will arrive by Friday.,0
The package you ordered was delivered to your doorstep.,0
The weather looks good for the picnic on Sunday.,0
Your ATM card is expired. Update details at http://tinyurl.com/xyz to avoid account freeze,1
Lucky winner! You won Rs 2000. Claim fee Rs 50: help@ybl,1
Did you see the new update on the company portal about holidays?,0
Congratulations! You are hired by Flipkart. Send Rs 500 for laptop delivery to: payment@okaxis,1
"I'll be late for the meeting, stuck in traffic near Whitefield.",0
Amazon lucky draw jeeta hai. 5000 delivery charges bhejo: verify@paytm,1
Income Tax Alert: Arrest warrant issued. Pay Rs 500 fine to cancel: http://sbi-verify.com,1
Delivery on hold. Pay Rs 25000 re-delivery charges: 9876543210,1
PhonePe offer: Get Rs 25000 cashback. Send Re 1 to payment@okaxis to claim,1
Your Flipkart account verification code is 8877.,0
Google bumper offer! You won Samsung TV. Pay Rs 10 for delivery: payment@okaxis,1
Your internet bill for this month is Rs 50000.,0
9051 is your verification code for Google Pay. Valid for 10 minutes.,0
Your assignment has been graded. Good work!,0
Real estate investment. Rs 500 becomes Rs 100000. Book now: 7766554433,1
Your OTP for Google Pay login is 6975. Do not share this with anyone.,0
Flipkart delivery failed. Confirm address and pay Rs 10000: http://bit.ly/verify,1
Wipro lucky draw! You won Laptop. Pay Rs 200 shipping: http://v.ht/pay,1
Your account will be deactivated. Click http://bit.ly/verify to submit KYC documents now,1
Your application has been received. We'll get back to you soon.,0
The client liked our proposal. Great work team!,0
Your transaction of Rs 2000 at restaurant was successful.,0
Let's catch up this weekend. Are you free on Saturday?,0
The meeting has been rescheduled to 5:30 PM. Please confirm.,0
Police Alert: Arrest warrant issued. Pay Rs 50000 fine to cancel: http://v.ht/pay,1
Maa ko emergency hai. Jaldi 2000 bhejo: collect@okicici,1
Did you see the new update on the company portal about holidays?,0
Bitcoin trading opportunity. Rs 25000 investment = Rs 25000 profit. Join: http://bit.ly/verify,1
Genuine work from home. Earn 50000 monthly. Registration: 9123456789,1
"I'll be late for the meeting, stuck in traffic near Koramangala.",0
Your UPI payment of Rs 25000 to pharmacy is successful.,0
Your Bank of India mobile banking is locked. Reset PIN by calling 8877665544,1
Papa ko heart attack hua. ICU fee Rs 25000 urgent: 9123456789,1
Your electricity connection will be cut in 2 hours. Pay pending bill now: http://tinyurl.com/xyz,1
Google Pay reward Rs 50000 credited. Verify UPI at payment@okaxis,1
The party is at Rahul's place at 8 PM. See you there!,0
Lucky winner! You won Rs 10000. Claim fee Rs 50: payment@okaxis,1
Maa ko emergency hai. Jaldi 500 bhejo: payment@okaxis,1
RBI Alert: Your account will be suspended. Share OTP to reactivate: 5322,1
Let's catch up this weekend. Are you free on Saturday?,0
"Gold investment scheme. Pay Rs 1000, get 25000 returns: http://sbi-verify.com",1
Police Notice: Your Aadhaar is used in illegal activity. Pay Rs 2000 penalty: 9123456789,1
Happy birthday! Hope you have a great year ahead.,0
Your mobile number will be blocked. Clear pending Rs 500: 8877665544,1
"I'll be late for the meeting, stuck in traffic near Indiranagar.",0
The event starts at 5:30 PM. Don't be late!,0
Flipkart COD order. Pay Rs 500 advance for delivery: verify@paytm,1
URGENT: Your account shows suspicious activity. Verify at http://sbi-verify.com or call 7766554433,1
Your SBI account will be closed in 24 hours. Update KYC: http://sbi-verify.com,1
Rs 10000 debited from your account for Amazon subscription.,0
Your OTP for Flipkart login is 8021. Do not share this with anyone.,0
Parcel from Dubai held at customs. Clear Rs 50000 duty: 9876543210,1
"Your Bank of India debit card has been used for Rs 10000. If not you, call 9876543210",1
Income Tax Notice: Pay pending Rs 2000 tax immediately. Visit http://tinyurl.com/xyz,1
Your application has been received. We'll get back to you soon.,0
Your phone number won Samsung TV in Google draw. Contact 9876543210,1
The weather looks good for the picnic on Sunday.,0
Your assignment has been graded. Good work!,0
Aapka Kotak account block ho gaya hai. Turant call karein 9988776655,1
"Guaranteed returns! Invest Rs 25000, earn Rs 100000. WhatsApp 9876543210",1
RBI Alert: Your account will be suspended. Share OTP to reactivate: 3604,1
The event starts at 6 PM. Don't be late!,0
URGENT: Your account shows suspicious activity. Verify at http://sbi-verify.com or call 9123456789,1
The client liked our proposal. Great work team!,0
"Share market secret tips. Invest Rs 1000, profit guaranteed: 9123456789",1
Dinner was amazing! Thanks for the recommendation.,0
The party is at Sneha's place at 7 PM. See you there!,0
Amazon lucky draw jeeta hai. 50000 delivery charges bhejo: help@ybl,1
Amazon lucky draw! You won Laptop. Pay Rs 500 shipping: http://bit.ly/verify,1
Payment of Rs 1000 received. Thank you for your purchase.,0
Your transaction of Rs 10000 at Amazon was successful.,0
The package you ordered was delivered to your doorstep.,0
"Share market secret tips. Invest Rs 10000, profit guaranteed: 8877665544",1
MLM opportunity! Earn Rs 50000 monthly. Registration Rs 5000: verify@paytm,1
Thanks for attending the webinar. Here's the recording link.,0
Papa ko heart attack hua. ICU fee Rs 50000 urgent: 7766554433,1
Your OTP for Flipkart login is 9075. Do not share this with anyone.,0
Urgent hiring for HR Executive at Google. Registration fee Rs 10000. Contact 9876543210,1
Forex trading signals. Earn Rs 50000 daily. Fee Rs 25000: verify@paytm,1
The team outing is planned for next Friday. Mark your calendar.,0
Bank: Your one-time password is 1044. Do not share.,0
Your application has been received. We'll get back to you soon.,0
Your internet bill for this month is Rs 500.,0
Did you see the new update on the company portal about holidays?,0
Can you pick up groceries on your way home? Need milk and bread.,0
Genuine work from home. Earn 50000 monthly. Registration: 9123456789,1
The package you ordered was delivered to your doorstep.,0
"Mom says the food is ready, come home soon from the office.",0
Congratulations on your promotion! Well deserved.,0
"Dear customer, your ATM card is blocked. Click http://sbi-verify.com to unlock.",1
The package you ordered was delivered to your doorstep.,0
Beta kidnapped. Don't call police. Send Rs 25000 to help@ybl,1
Payment of Rs 10000 received. Thank you for your purchase.,0
Cyber Crime Notice: Your number is linked to fraud. Pay Rs 5000: 9876543210,1
Congratulations on your promotion! Well deserved.,0
Beta kidnapped. Don't call police. Send Rs 5000 to payment@okaxis,1
Did you see the new update on the company portal about holidays?,0
The team outing is planned for next Friday. Mark your calendar.,0
Can you pick up groceries on your way home? Need milk and bread.,0
MLM opportunity! Earn Rs 10000 monthly. Registration Rs 10000: verify@paytm,1
Did you finish watching that series? No spoilers please!,0
"Dear customer, your debit card is blocked. Click http://bit.ly/verify to unlock.",1
Rs 10000 credited to your account. Balance: Rs 29053.,0
Delivery on hold. Pay Rs 50000 re-delivery charges: 9123456789,1
Mom: I paid the electricity bill online. Receipt is on your WhatsApp.,0
Work from home job! Earn 2000 daily. No experience needed. WhatsApp 7766554433,1
Delivery on hold. Pay Rs 1000 re-delivery charges: 9123456789,1
7192 is your verification code for Flipkart. Valid for 10 minutes.,0
Tumhara UPI verify karna hai. Rs 1 bhejo help@ybl pe,1
Congratulations! You are hired by Flipkart. Send Rs 50000 for laptop delivery to: collect@okicici,1
Don't forget about the presentation tomorrow at 7 PM.,0
3432 is your verification code for Paytm. Valid for 10 minutes.,0
Don't forget about the presentation tomorrow at 7 PM.,0
Happy birthday! Hope you have a great year ahead.,0
You won iPhone 15 in lucky draw. Courier charges Rs 500: http://sbi-verify.com,1
The match starts at 8 PM. Are you watching?,0
Part-time job opportunity! Earn Rs 5000 per week. Send resume to 7766554433,1
Rs 50000 credited to your account. Balance: Rs 27995.,0
The package you ordered was delivered to your doorstep.,0
Your internet bill for this month is Rs 1000.,0
Your order has been shipped and will arrive by next week.,0
Your exam results have been published. Check the portal.,0
The client liked our proposal. Great work team!,0
7213 is your verification code for Google Pay. Valid for 10 minutes.,0
"Bhai bike accident, hospital bill Rs 50000. Help: verify@paytm",1
Your order has been shipped and will arrive by tomorrow.,0
Flipkart delivery failed. Confirm address and pay Rs 5000: http://sbi-verify.com,1
The event starts at 6 PM. Don't be late!,0
Account verification pending. Submit Aadhaar OTP 3509 to activate services,1
Your transaction of Rs 1000 at grocery store was successful.,0
The client liked our proposal. Great work team!,0
Please send the project report by Monday morning. Thanks!,0
"Mom says the food is ready, come home soon from the office.",0
Flipkart delivery failed. Confirm address and pay Rs 1000: http://tinyurl.com/xyz,1
Your UPI payment of Rs 1000 to grocery store is successful.,0
"Hey, are we still meeting for dinner at 10 AM tonight?",0
The package you ordered was delivered to your doorstep.,0
Your train ticket from Mumbai to Bangalore is confirmed.,0
Your Paytm wallet is locked. Unlock by paying Rs 10 to verify@paytm,1
Your Bank of India account will be closed in 24 hours. Update KYC: http://bit.ly/verify,1
See you at the gym tomorrow morning at 8 PM.,0
Dinner was amazing! Thanks for the recommendation.,0
The weather looks good for the picnic on Sunday.,0
Sister's wedding urgent expense. Send Rs 2000: help@ybl,1
Thanks for attending the webinar. Here's the recording link.,0
Your cab will arrive in 5 minutes. Driver: Sneha,0
Delivery on hold. Pay Rs 10000 re-delivery charges: 8877665544,1
Remote job at Wipro. Send Rs 10000 for offer letter: payment@okaxis,1
Let's catch up this weekend. Are you free on Saturday?,0
You won cashback of Rs 25000! Claim now by sending Rs 10 to urgent@oksbi,1
Google lucky draw! You won iPhone 15. Pay Rs 50 shipping: http://bit.ly/verify,1
"Mom says the food is ready, come home soon from the office.",0
Please review the attached document and share feedback.,0
Payment of Rs 25000 received. Thank you for your purchase.,0
The meeting has been rescheduled to 6 PM. Please confirm.,0
Your flight booking for Chennai is confirmed. Check your email.,0
This is Income Tax. A case has been filed against your Aadhaar. Pay fine of Rs 10000 or face arrest.,1
RBI Notice: Your PAN card is not linked. Share OTP 3893 to avoid penalty,1
Cyber Crime Notice: Your number is linked to fraud. Pay Rs 5000: 8877665544,1
Part-time job opportunity! Earn Rs 500 per week. Send resume to 9988776655,1
Part-time job opportunity! Earn Rs 25000 per week. Send resume to 9988776655,1
Can you pick up groceries on your way home? Need milk and bread.,0
Flipkart delivery failed. Confirm address and pay Rs 25000: http://bit.ly/verify,1
Rs 1000 debited from your account for Amazon subscription.,0
Your Amazon account verification code is 9054.,0
Happy anniversary! Wishing you many more years of happiness.,0
Your application has been received. We'll get back to you soon.,0
Your ATM card is expired. Update details at http://bit.ly/verify to avoid account freeze,1
You won Gold Coin in lucky draw. Courier charges Rs 10: http://sbi-verify.com,1
Freshers wanted for Software Engineer. One-time fee Rs 50000. Apply: help@ybl,1
Receive your OLX payment of Rs 10000. Scan QR and enter UPI PIN: http://bit.ly/verify,1
Your UPI payment of Rs 5000 to pharmacy is successful.,0
"Dear customer, your account has been debited Rs 500. Call 9123456789 if unauthorized",1
"OTP share karo jaldi, account band ho jayega: 4823",1
Congratulations on your promotion! Well deserved.,0
URGENT: Your account shows suspicious activity. Verify at http://bit.ly/verify or call 9123456789,1
Can you share the meeting notes from yesterday's call?,0
The weather looks good for the picnic on Sunday.,0
Dinner was amazing! Thanks for the recommendation.,0
RBI Notice: Your PAN card is not linked. Share OTP 7321 to avoid penalty,1
The package you ordered was delivered to your doorstep.,0
Police Notice: Your Aadhaar is used in illegal activity. Pay Rs 10000 penalty: 8877665544,1
Please send the project report by Monday morning. Thanks!,0
2412 is your verification code for Amazon. Valid for 10 minutes.,0
The party is at Anjali's place at 3 PM. See you there!,0
Your train ticket from Delhi to Bangalore is confirmed.,0
Security Alert: Someone logged into your SBI account from Bangalore. Call 9988776655,1
Tumhara UPI verify karna hai. Rs 1 bhejo payment@okaxis pe,1
Lunch at the usual place? I'll be there by 8 PM.,0
Cyber Crime Notice: Your number is linked to fraud. Pay Rs 1000: 9876543210,1
Your train ticket from Chennai to Bangalore is confirmed.,0
The package you ordered was delivered to your doorstep.,0
Your mobile phone delivery is pending. Pay Rs 5000 customs fee: http://v.ht/pay,1
Can you share the meeting notes from yesterday's call?,0
Real estate investment. Rs 2000 becomes Rs 10000. Book now: 9988776655,1
Your exam results have been published. Check the portal.,0
The weather looks good for the picnic on Sunday.,0
Your UPI payment of Rs 10000 to grocery store is successful.,0
Did you see the new update on the company portal about holidays?,0
You won Gold Coin in lucky draw. Courier charges Rs 500: http://v.ht/pay,1
Rs 1000 debited from your account for Google Pay subscription.,0
Dinner was amazing! Thanks for the recommendation.,0
You won cashback of Rs 1000! Claim now by sending Rs 10 to collect@okicici,1
Thanks for your help yesterday. Really appreciate it!,0
Your train ticket from Chennai to Mumbai is confirmed.,0
This is Cyber Crime. A case has been filed against your Aadhaar. Pay fine of Rs 1000 or face arrest.,1
Account update karo warna band ho jayega: http://v.ht/pay,1
The package you ordered was delivered to your doorstep.,0
"Guaranteed returns! Invest Rs 2000, earn Rs 50000. WhatsApp 8877665544",1
"I'll be late for the meeting, stuck in traffic near MG Road.",0
Your ATM card is expired. Update details at http://sbi-verify.com to avoid account freeze,1
Your order has been shipped and will arrive by Tuesday.,0
"Dear customer, your account has been debited Rs 10000. Call 9876543210 if unauthorized",1
Did you see the new update on the company portal about holidays?,0
Your exam results have been published. Check the portal.,0
The package you ordered was delivered to your doorstep.,0
Your ICICI mobile banking is locked. Reset PIN by calling 9876543210,1
Your UPI payment of Rs 1000 to pharmacy is successful.,0
Your OTP for Google Pay login is 4137. Do not share this with anyone.,0
Can you pick up groceries on your way home? Need milk and bread.,0
You won cashback of Rs 5000! Claim now by sending Rs 10 to urgent@oksbi,1
1152 is your verification code for Paytm. Valid for 10 minutes.,0
Your ATM card is expired. Update details at http://tinyurl.com/xyz to avoid account freeze,1
Your internet bill for this month is Rs 10000.,0
"Gold investment scheme. Pay Rs 10000, get 25000 returns: http://tinyurl.com/xyz",1
Real estate investment. Rs 1000 becomes Rs 25000. Book now: 7766554433,1
Happy anniversary! Wishing you many more years of happiness.,0
Delivery on hold. Pay Rs 25000 re-delivery charges: 9988776655,1
Congratulations on your promotion! Well deserved.,0
"Papa hospital mein hain, urgent 2000 chahiye. Send to urgent@oksbi",1
The team outing is planned for next Friday. Mark your calendar.,0
Real estate investment. Rs 500 becomes Rs 25000. Book now: 7766554433,1
Income Tax Notice: Pay pending Rs 50000 tax immediately. Visit http://sbi-verify.com,1
Your Paytm wallet is locked. Unlock by paying Rs 10 to payment@okaxis,1
"Bhai bike accident, hospital bill Rs 10000. Help: help@ybl",1
Your OTP for Google Pay login is 7659. Do not share this with anyone.,0
The party is at Sneha's place at 10 AM. See you there!,0
The team outing is planned for next Friday. Mark your calendar.,0
Thanks for attending the webinar. Here's the recording link.,0
Your gym membership has been renewed for another year.,0
Your UPI payment of Rs 25000 to restaurant is successful.,0
Congratulations! Rs 1000 added to your account. Withdraw at urgent@oksbi,1
Please review the attached document and share feedback.,0
Beta kidnapped. Don't call police. Send Rs 500 to collect@okicici,1
Your transaction of Rs 2000 at restaurant was successful.,0
Your internet bill for this month is Rs 25000.,0
Cyber Crime Notice: Your number is linked to fraud. Pay Rs 1000: 8877665544,1
Lunch at the usual place? I'll be there by 6 PM.,0
Did you see the new update on the company portal about holidays?,0
Happy anniversary! Wishing you many more years of happiness.,0
Paytm KYC pending. Send Rs 1 to collect@okicici to activate full wallet,1
Infosys is recruiting. Apply now by paying Rs 25000 document fee: collect@okicici,1
Please review the attached document and share feedback.,0
Your assignment has been graded. Good work!,0
The client liked our proposal. Great work team!,0
The party is at Anjali's place at 7 PM. See you there!,0
Your ATM card is expired. Update details at http://v.ht/pay to avoid account freeze,1
The package you ordered was delivered to your doorstep.,0
Your flight booking for Pune is confirmed. Check your email.,0
Your gym membership has been renewed for another year.,0
Your OTP for Google Pay login is 6026. Do not share this with anyone.,0
The team outing is planned for next Friday. Mark your calendar.,0
Remote job at Infosys. Send Rs 2000 for offer letter: verify@paytm,1
"Bhai urgent accident ho gaya hai, help chahiye. Is UPI pe bhej do: help@ybl",1
The party is at Ravi's place at 10 AM. See you there!,0
Your transaction of Rs 1000 at pharmacy was successful.,0
Papa ko heart attack hua. ICU fee Rs 5000 urgent: 9123456789,1
Urgent hiring for HR Executive at Infosys. Registration fee Rs 50000. Contact 8877665544,1
You are selected for Big Boss prize of Rs 1000. Call 9876543210 now,1
Your laptop repair is complete. You can pick it up anytime.,0
Your cab will arrive in 5 minutes. Driver: Anjali,0
Your OTP for Flipkart login is 5439. Do not share this with anyone.,0
Your ICICI account will be closed in 24 hours. Update KYC: http://sbi-verify.com,1
Your cab will arrive in 5 minutes. Driver: Anjali,0
Your UPI payment of Rs 25000 to pharmacy is successful.,0
Lunch at the usual place? I'll be there by 7 PM.,0
Your Bank account verification code is 5058.,0
Flipkart bumper offer! You won Samsung TV. Pay Rs 500 for delivery: payment@okaxis,1
Your Bank account verification code is 6967.,0
See you at the gym tomorrow morning at 6 PM.,0
Rs 50000 debited from your account for Paytm subscription.,0
Your flight booking for Bangalore is confirmed. Check your email.,0
The event starts at 6 PM. Don't be late!,0
The client liked our proposal. Great work team!,0
"Share market secret tips. Invest Rs 1000, profit guaranteed: 8877665544",1
The package you ordered was delivered to your doorstep.,0
Thanks for attending the webinar. Here's the recording link.,0
Mom: I paid the electricity bill online. Receipt is on your WhatsApp.,0
"Beta, bahut emergency hai. 5000 bhej do is number pe: 9988776655",1
Your UPI payment of Rs 50000 to pharmacy is successful.,0
You have won Rs 1000 in Kaun Banega Crorepati lottery! Call 7766554433 to claim your prize.,1
Your mobile number will be blocked. Clear pending Rs 50000: 9876543210,1
International courier delivery. Customs fee Rs 500: 9123456789,1
PhonePe offer: Get Rs 25000 cashback. Send Re 1 to payment@okaxis to claim,1
Use 2885 to complete your transaction on Amazon.,0
Your Amazon account verification code is 2548.,0
Flipkart delivery failed. Confirm address and pay Rs 1000: http://sbi-verify.com,1
Your exam results have been published. Check the portal.,0
Your UPI payment of Rs 500 to grocery store is successful.,0
Your Bank of India account is blocked. Call 9876543210 to verify your KYC immediately.,1
Amazon lucky draw jeeta hai. 5000 delivery charges bhejo: payment@okaxis,1
Work from home job! Earn 10000 daily. No experience needed. WhatsApp 8877665544,1
RBI Notice: Your PAN card is not linked. Share OTP 4241 to avoid penalty,1
The team outing is planned for next Friday. Mark your calendar.,0
Can you pick up groceries on your way home? Need milk and bread.,0
"Government scheme: Invest Rs 25000, get Rs 10000 return. Apply: help@ybl",1
COD order confirmation needed. Advance Rs 500: help@ybl,1
Google Pay reward Rs 500 credited. Verify UPI at urgent@oksbi,1
The weather looks good for the picnic on Sunday.,0
Did you finish watching that series? No spoilers please!,0
Amazon lucky draw jeeta hai. 1000 delivery charges bhejo: verify@paytm,1
Your exam results have been published. Check the portal.,0
The match starts at 5:30 PM. Are you watching?,0
Your OTP for Paytm login is 3906. Do not share this with anyone.,0
"Hey, are we still meeting for dinner at 7 PM tonight?",0
Congratulations on your promotion! Well deserved.,0
Your ICICI account is blocked. Call 7766554433 to verify your KYC immediately.,1
"Dear customer, your credit card limit is reduced. Call 9988776655 to restore",1
Cyber Crime Notice: Your number is linked to fraud. Pay Rs 2000: 8877665544,1
Work from home job! Earn 25000 daily. No experience needed. WhatsApp 9988776655,1
Please send the project report by Monday morning. Thanks!,0
See you at the gym tomorrow morning at 8 PM.,0
Papa ko heart attack hua. ICU fee Rs 2000 urgent: 7766554433,1
Your flight booking for Pune is confirmed. Check your email.,0
Dinner was amazing! Thanks for the recommendation.,0
Congratulations on your promotion! Well deserved.,0
You are selected for Indian Idol prize of Rs 10000. Call 9988776655 now,1
You have unclaimed refund of Rs 2000. Collect at verify@paytm,1
Paytm KYC pending. Send Rs 1 to verify@paytm to activate full wallet,1
Your electricity connection will be cut in 2 hours. Pay pending bill now: http://tinyurl.com/xyz,1
Your subscription has been renewed successfully. Thank you!,0
Congratulations! Rs 1000 prize money. Processing fee Rs 200: verify@paytm,1
Work from home job! Earn 10000 daily. No experience needed. WhatsApp 8877665544,1
Cyber Crime Notice: Your number is linked to fraud. Pay Rs 500: 9988776655,1
Real estate investment. Rs 500 becomes Rs 100000. Book now: 8877665544,1
You won Gold Coin in lucky draw. Courier charges Rs 50: http://tinyurl.com/xyz,1
Payment of Rs 10000 received. Thank you for your purchase.,0
Paytm KYC pending. Send Rs 1 to urgent@oksbi to activate full wallet,1
Let's catch up this weekend. Are you free on Saturday?,0
Your exam results have been published. Check the portal.,0
Your exam results have been published. Check the portal.,0
"Dear customer, your account has been debited Rs 5000. Call 9988776655 if unauthorized",1
Your assignment has been graded. Good work!,0
"Bhai bike accident, hospital bill Rs 50000. Help: collect@okicici",1
Your flight booking for Delhi is confirmed. Check your email.,0
Thanks for attending the webinar. Here's the recording link.,0
Real estate investment. Rs 50000 becomes Rs 25000. Book now: 9123456789,1
You are selected for Data Entry Operator role. Pay Rs 50000 training fee: collect@okicici,1
Congratulations! Rs 10000 prize money. Processing fee Rs 500: urgent@oksbi,1
Lunch at the usual place? I'll be there by 10 AM.,0
Aapka HDFC account block ho gaya hai. Turant call karein 7766554433,1
Parcel from Dubai held at customs. Clear Rs 5000 duty: 9123456789,1
Your transaction of Rs 50000 at restaurant was successful.,0
Reminder: Doctor's appointment on next week at 8 PM.,0
URGENT: Your account shows suspicious activity. Verify at http://v.ht/pay or call 7766554433,1
The package you ordered was delivered to your doorstep.,0
Your internet bill for this month is Rs 1000.,0
Delivery on hold. Pay Rs 1000 re-delivery charges: 9988776655,1
"Beta, bahut emergency hai. 10000 bhej do is number pe: 9988776655",1
Account verification pending. Submit Aadhaar OTP 8202 to activate services,1
9005 is your verification code for Amazon. Valid for 10 minutes.,0
Invest Rs 5000 in cryptocurrency. Double returns in 60 days. Register: http://bit.ly/verify,1
This is Income Tax. A case has been filed against your Aadhaar. Pay fine of Rs 10000 or face arrest.,1
Don't forget about the presentation tomorrow at 6 PM.,0
Rs 25000 debited from your account for Paytm subscription.,0
Your gas connection will be terminated. Clear dues Rs 10000: help@ybl,1
Your train ticket from Hyderabad to Delhi is confirmed.,0
Genuine work from home. Earn 5000 monthly. Registration: 9876543210,1
"Hi, I'm the Manager. You are shortlisted for Data Entry Operator. Pay Rs 5000 for docs: help@ybl",1
Can you pick up groceries on your way home? Need milk and bread.,0
"Mummy phone chori ho gaya hai, naye number pe 500 bhej do: collect@okicici",1
"Hey, are we still meeting for dinner at 5:30 PM tonight?",0
You won Gold Coin in lucky draw. Courier charges Rs 200: http://v.ht/pay,1
Work from home job! Earn 10000 daily. No experience needed. WhatsApp 9123456789,1
Lucky winner! You won Rs 50000. Claim fee Rs 200: payment@okaxis,1
Cyber Crime Alert: Arrest warrant issued. Pay Rs 500 fine to cancel: http://tinyurl.com/xyz,1
Stock market tips! Earn Rs 50000 daily. Join now: 9876543210,1
The event starts at 3 PM. Don't be late!,0
"Share market secret tips. Invest Rs 5000, profit guaranteed: 9876543210",1
Your order has been shipped and will arrive by tomorrow.,0
This is Income Tax. A case has been filed against your Aadhaar. Pay fine of Rs 2000 or face arrest.,1
Did you see the new update on the company portal about holidays?,0
Did you finish watching that series? No spoilers please!,0
"Dear customer, your debit card is blocked. Click http://sbi-verify.com to unlock.",1
Sister's wedding urgent expense. Send Rs 1000: payment@okaxis,1
Your UPI payment of Rs 5000 to petrol pump is successful.,0
Thanks for your help yesterday. Really appreciate it!,0
Your train ticket from Pune to Chennai is confirmed.,0
Your subscription has been renewed successfully. Thank you!,0
Remote job at Google. Send Rs 5000 for offer letter: urgent@oksbi,1
Your application has been received. We'll get back to you soon.,0
Rs 500 debited from your account for Flipkart subscription.,0
Your laptop repair is complete. You can pick it up anytime.,0
Work from home job! Earn 2000 daily. No experience needed. WhatsApp 9876543210,1
Your subscription has been renewed successfully. Thank you!,0
Can you pick up groceries on your way home? Need milk and bread.,0
Delivery on hold. Pay Rs 1000 re-delivery charges: 9876543210,1
Delivery on hold. Pay Rs 500 re-delivery charges: 9876543210,1
Police Alert: Arrest warrant issued. Pay Rs 5000 fine to cancel: http://v.ht/pay,1
Income Tax Notice: Pay pending Rs 25000 tax immediately. Visit http://sbi-verify.com,1
Google Pay reward Rs 10000 credited. Verify UPI at urgent@oksbi,1
Lucky winner! You won Rs 25000. Claim fee Rs 200: payment@okaxis,1
Your application has been received. We'll get back to you soon.,0
RBI Alert: Your account will be suspended. Share OTP to reactivate: 9922,1
Your gym membership has been renewed for another year.,0
Your laptop repair is complete. You can pick it up anytime.,0
Paytm mein 10000 rupay credited hain. Claim karo: verify@paytm,1
Dinner was amazing! Thanks for the recommendation.,0
Dinner was amazing! Thanks for the recommendation.,0
Dinner was amazing! Thanks for the recommendation.,0
Your Paytm wallet is locked. Unlock by paying Rs 10 to payment@okaxis,1
Work from home job! Earn 2000 daily. No experience needed. WhatsApp 9876543210,1
KBC Lottery winner! Rs 50000 credited. Verify at 9123456789,1
Aapka ICICI account block ho gaya hai. Turant call karein 7766554433,1
Your order has been shipped and will arrive by next week.,0
Your cab will arrive in 5 minutes. Driver: Rahul,0
See you at the gym tomorrow morning at 8 PM.,0
Your Kotak mobile banking is locked. Reset PIN by calling 9876543210,1
Mom: I paid the electricity bill online. Receipt is on your WhatsApp.,0
"Beta, bahut emergency hai. 10000 bhej do is number pe: 7766554433",1
Send 1 rupee to verify your UPI: urgent@oksbi,1
"Your Bank of India debit card has been used for Rs 5000. If not you, call 8877665544",1
Lunch at the usual place? I'll be there by 5:30 PM.,0
Your exam results have been published. Check the portal.,0
Paytm mein 5000 rupay credited hain. Claim karo: help@ybl,1
Real estate investment. Rs 10000 becomes Rs 50000. Book now: 8877665544,1
The team outing is planned for next Friday. Mark your calendar.,0
The client liked our proposal. Great work team!,0
The team outing is planned for next Friday. Mark your calendar.,0
Congratulations! You are hired by Amazon. Send Rs 10000 for laptop delivery to: collect@okicici,1
Payment of Rs 25000 received. Thank you for your purchase.,0
Dinner was amazing! Thanks for the recommendation.,0
The package you ordered was delivered to your doorstep.,0
KBC Lottery winner! Rs 1000 credited. Verify at 9876543210,1
Please send the project report by Monday morning. Thanks!,0
Let's catch up this weekend. Are you free on Saturday?,0
"Mom says the food is ready, come home soon from the office.",0
Aapka SBI account block ho gaya hai. Turant call karein 7766554433,1
Happy anniversary! Wishing you many more years of happiness.,0
Google bumper offer! You won iPhone 15. Pay Rs 500 for delivery: urgent@oksbi,1
Paytm mein 10000 rupay credited hain. Claim karo: urgent@oksbi,1
Let's catch up this weekend. Are you free on Saturday?,0
Your subscription has been renewed successfully. Thank you!,0
Let's catch up this weekend. Are you free on Saturday?,0
Your assignment has been graded. Good work!,0
"Mom says the food is ready, come home soon from the office.",0
Congratulations! Rs 25000 prize money. Processing fee Rs 500: collect@okicici,1
The party is at Priya's place at 5:30 PM. See you there!,0
Account update karo warna band ho jayega: http://bit.ly/verify,1
Your application has been received. We'll get back to you soon.,0
"Papa hospital mein hain, urgent 25000 chahiye. Send to help@ybl",1
Urgent hiring for Software Engineer at Infosys. Registration fee Rs 2000. Contact 9876543210,1
Let's catch up this weekend. Are you free on Saturday?,0
Mom: I paid the electricity bill online. Receipt is on your WhatsApp.,0
Did you see the new update on the company portal about holidays?,0
Happy anniversary! Wishing you many more years of happiness.,0
"Beta, bahut emergency hai. 1000 bhej do is number pe: 7766554433",1
Son in police custody. Send Rs 1000 immediately to payment@okaxis,1
The match starts at 7 PM. Are you watching?,0
HCL COD order. Pay Rs 50000 advance for delivery: verify@paytm,1
Your ICICI account will be closed in 24 hours. Update KYC: http://sbi-verify.com,1
"Mom says the food is ready, come home soon from the office.",0
The event starts at 10 AM. Don't be late!,0
Happy anniversary! Wishing you many more years of happiness.,0
"Gold investment scheme. Pay Rs 1000, get 25000 returns: http://v.ht/pay",1
Please review the attached document and share feedback.,0
"Your PNB debit card has been used for Rs 2000. If not you, call 9123456789",1
Thanks for attending the webinar. Here's the recording link.,0
Your Amazon order requires Re-verification. Update payment: http://bit.ly/verify,1
International courier delivery. Customs fee Rs 500: 9988776655,1
"Papa hospital mein hain, urgent 1000 chahiye. Send to verify@paytm",1
Rs 500 debited from your account for Flipkart subscription.,0
This is Income Tax. A case has been filed against your Aadhaar. Pay fine of Rs 5000 or face arrest.,1
Can you pick up groceries on your way home? Need milk and bread.,0
"Guaranteed returns! Invest Rs 50000, earn Rs 10000. WhatsApp 8877665544",1
Security Alert: Someone logged into your ICICI account from Chennai. Call 9123456789,1
Congratulations! You are hired by HCL. Send Rs 500 for laptop delivery to: help@ybl,1
Wipro COD order. Pay Rs 5000 advance for delivery: help@ybl,1
You have won Rs 50000 in Indian Idol lottery! Call 9988776655 to claim your prize.,1
Remote job at TCS. Send Rs 10000 for offer letter: payment@okaxis,1
Real estate investment. Rs 25000 becomes Rs 100000. Book now: 8877665544,1
Your UPI payment of Rs 1000 to petrol pump is successful.,0
You won cashback of Rs 50000! Claim now by sending Rs 10 to payment@okaxis,1
Mom: I paid the electricity bill online. Receipt is on your WhatsApp.,0
Security Alert: Someone logged into your Axis Bank account from Mumbai. Call 7766554433,1
8860 is your verification code for Amazon. Valid for 10 minutes.,0
Your gym membership has been renewed for another year.,0
Don't forget about the presentation tomorrow at 6 PM.,0
Salary nahi aayi? HR se contact karo 8877665544 pe,1
Your train ticket from Delhi to Hyderabad is confirmed.,0
Your electricity connection will be cut in 2 hours. Pay pending bill now: http://bit.ly/verify,1
"TCS lucky draw! You won Rs 50,000 cash. Pay Rs 50 shipping: http://bit.ly/verify",1
Real estate investment. Rs 10000 becomes Rs 50000. Book now: 8877665544,1
Income Tax Notice: Pay pending Rs 2000 tax immediately. Visit http://v.ht/pay,1
Cyber Crime Notice: Your number is linked to fraud. Pay Rs 25000: 7766554433,1
Sister's wedding urgent expense. Send Rs 1000: verify@paytm,1
Income Tax Notice: Pay pending Rs 25000 tax immediately. Visit http://v.ht/pay,1
Your gym membership has been renewed for another year.,0
5907 is your verification code for Paytm. Valid for 10 minutes.,0
Your Google Pay account verification code is 3991.,0
Congratulations! You are hired by Google. Send Rs 50000 for laptop delivery to: verify@paytm,1
Your train ticket from Bangalore to Hyderabad is confirmed.,0
Your cab will arrive in 5 minutes. Driver: Amit,0
Salary nahi aayi? HR se contact karo 7766554433 pe,1
You won cashback of Rs 50000! Claim now by sending Rs 10 to help@ybl,1
Your Amazon order requires Re-verification. Update payment: http://v.ht/pay,1
"Hey, are we still meeting for dinner at 8 PM tonight?",0
Your internet bill for this month is Rs 1000.,0
The party is at Anjali's place at 5:30 PM. See you there!,0
Your cab will arrive in 5 minutes. Driver: Sneha,0
Lunch at the usual place? I'll be there by 8 PM.,0
Payment of Rs 2000 received. Thank you for your purchase.,0
Your laptop repair is complete. You can pick it up anytime.,0
Happy birthday! Hope you have a great year ahead.,0
Google Pay reward Rs 500 credited. Verify UPI at collect@okicici,1
Your order has been shipped and will arrive by Tuesday.,0
The match starts at 7 PM. Are you watching?,0
Salary nahi aayi? HR se contact karo 9988776655 pe,1
Your cab will arrive in 5 minutes. Driver: Amit,0
"Dear customer, your account has been debited Rs 2000. Call 7766554433 if unauthorized",1
"Mom says the food is ready, come home soon from the office.",0
Security Alert: Someone logged into your Bank of India account from Mumbai. Call 9988776655,1
RBI Alert: Your account will be suspended. Share OTP to reactivate: 6378,1
"Papa hospital mein hain, urgent 1000 chahiye. Send to urgent@oksbi",1
CBI Alert: Arrest warrant issued. Pay Rs 1000 fine to cancel: http://v.ht/pay,1
Your flight booking for Pune is confirmed. Check your email.,0
Please send the project report by Monday morning. Thanks!,0
Your package is ready. Pay Rs 2000 shipping: http://sbi-verify.com,1
Let's catch up this weekend. Are you free on Saturday?,0
Your package is ready. Pay Rs 500 shipping: http://sbi-verify.com,1
Tumhara UPI verify karna hai. Rs 1 bhejo payment@okaxis pe,1
Your subscription has been renewed successfully. Thank you!,0
The event starts at 6 PM. Don't be late!,0
Don't forget about the presentation tomorrow at 8 PM.,0
Beta kidnapped. Don't call police. Send Rs 25000 to collect@okicici,1
Income Tax Notice: Pay pending Rs 25000 tax immediately. Visit http://bit.ly/verify,1
Paytm: Your one-time password is 9732. Do not share.,0
Real estate investment. Rs 25000 becomes Rs 25000. Book now: 9123456789,1
Rs 5000 credited to your account. Balance: Rs 18205.,0
"Your Axis Bank debit card has been used for Rs 5000. If not you, call 9988776655",1
Your flight booking for Mumbai is confirmed. Check your email.,0
"Your phone number won Rs 50,000 cash in Wipro draw. Contact 7766554433",1
Your UPI PIN will expire today. Verify by sending Rs 1 to payment@okaxis,1
"Mom says the food is ready, come home soon from the office.",0
1530 is your verification code for Google Pay. Valid for 10 minutes.,0
You are selected for HR Executive role. Pay Rs 5000 training fee: collect@okicici,1
Your transaction of Rs 2000 at petrol pump was successful.,0
Thanks for attending the webinar. Here's the recording link.,0
Use 2060 to complete your transaction on Amazon.,0
The party is at Priya's place at 6 PM. See you there!,0
Your cab will arrive in 5 minutes. Driver: Sneha,0
Mom: I paid the electricity bill online. Receipt is on your WhatsApp.,0
Please review the attached document and share feedback.,0
Receive your OLX payment of Rs 500. Scan QR and enter UPI PIN: http://v.ht/pay,1
"Bhai urgent accident ho gaya hai, help chahiye. Is UPI pe bhej do: verify@paytm",1
RBI Alert: Your account will be suspended. Share OTP to reactivate: 1809,1
Your gas connection will be terminated. Clear dues Rs 5000: help@ybl,1
Let's catch up this weekend. Are you free on Saturday?,0
"I'll be late for the meeting, stuck in traffic near HSR Layout.",0
"I'll be late for the meeting, stuck in traffic near Koramangala.",0
Your assignment has been graded. Good work!,0
Your exam results have been published. Check the portal.,0
Congratulations on your promotion! Well deserved.,0
Your gym membership has been renewed for another year.,0
Police Notice: Your Aadhaar is used in illegal activity. Pay Rs 25000 penalty: 8877665544,1
Your transaction of Rs 50000 at pharmacy was successful.,0
Don't forget about the presentation tomorrow at 5:30 PM.,0
Mom: I paid the electricity bill online. Receipt is on your WhatsApp.,0
PhonePe offer: Get Rs 5000 cashback. Send Re 1 to verify@paytm to claim,1
Urgent hiring for Customer Support at Infosys. Registration fee Rs 5000. Contact 9988776655,1
Traffic Police: Challan of Rs 5000 pending. Pay now: http://sbi-verify.com,1
Your assignment has been graded. Good work!,0
Thanks for attending the webinar. Here's the recording link.,0
Did you see the new update on the company portal about holidays?,0
The match starts at 5:30 PM. Are you watching?,0
Happy anniversary! Wishing you many more years of happiness.,0
Lucky winner! You won Rs 10000. Claim fee Rs 100: payment@okaxis,1
Your transaction of Rs 1000 at restaurant was successful.,0
"Your phone number won Rs 50,000 cash in Wipro draw. Contact 9123456789",1
RBI Notice: Your PAN card is not linked. Share OTP 7817 to avoid penalty,1
Your gym membership has been renewed for another year.,0
Delivery on hold. Pay Rs 50000 re-delivery charges: 9123456789,1
Your train ticket from Chennai to Pune is confirmed.,0
Stock market tips! Earn Rs 50000 daily. Join now: 7766554433,1
Happy anniversary! Wishing you many more years of happiness.,0
International courier delivery. Customs fee Rs 25000: 9876543210,1
"Beta, bahut emergency hai. 1000 bhej do is number pe: 9876543210",1
You won Samsung TV in lucky draw. Courier charges Rs 500: http://tinyurl.com/xyz,1
See you at the gym tomorrow morning at 7 PM.,0
The team outing is planned for next Friday. Mark your calendar.,0
Beta kidnapped. Don't call police. Send Rs 1000 to verify@paytm,1
Account verification pending. Submit Aadhaar OTP 4637 to activate services,1
Invest Rs 5000 in cryptocurrency. Double returns in 7 days. Register: http://bit.ly/verify,1
Your application has been received. We'll get back to you soon.,0
Beta kidnapped. Don't call police. Send Rs 5000 to payment@okaxis,1
Congratulations! Rs 2000 added to your account. Withdraw at urgent@oksbi,1
Happy birthday! Hope you have a great year ahead.,0
"Government scheme: Invest Rs 5000, get Rs 50000 return. Apply: collect@okicici",1
Papa ko heart attack hua. ICU fee Rs 500 urgent: 7766554433,1
The weather looks good for the picnic on Sunday.,0
KBC Lottery winner! Rs 500 credited. Verify at 7766554433,1
Payment of Rs 5000 received. Thank you for your purchase.,0
Your ICICI account will be closed in 24 hours. Update KYC: http://tinyurl.com/xyz,1
Your gym membership has been renewed for another year.,0
Amazon: Your one-time password is 8799. Do not share.,0
Congratulations on your promotion! Well deserved.,0
"Mummy phone chori ho gaya hai, naye number pe 10000 bhej do: urgent@oksbi",1
Did you finish watching that series? No spoilers please!,0
"Share market secret tips. Invest Rs 25000, profit guaranteed: 9876543210",1
This is Income Tax. A case has been filed against your Aadhaar. Pay fine of Rs 5000 or face arrest.,1
"Mummy phone chori ho gaya hai, naye number pe 500 bhej do: payment@okaxis",1
COD order confirmation needed. Advance Rs 5000: help@ybl,1
PhonePe offer: Get Rs 500 cashback. Send Re 1 to payment@okaxis to claim,1
The match starts at 3 PM. Are you watching?,0
Your gas connection will be terminated. Clear dues Rs 25000: help@ybl,1
Payment of Rs 500 received. Thank you for your purchase.,0
Invest Rs 500 in cryptocurrency. Double returns in 15 days. Register: http://tinyurl.com/xyz,1
Send 1 rupee to verify your UPI: help@ybl,1
Your SBI mobile banking is locked. Reset PIN by calling 9123456789,1
Thanks for attending the webinar. Here's the recording link.,0
"Bhai urgent accident ho gaya hai, help chahiye. Is UPI pe bhej do: urgent@oksbi",1
Speed Post parcel pending. Pay Rs 25000 charges: verify@paytm,1
Lunch at the usual place? I'll be there by 8 PM.,0
Police case hai tumhare Aadhaar pe. Fine bharo 2000: 7766554433,1
Rs 50000 credited to your account. Balance: Rs 38978.,0
The weather looks good for the picnic on Sunday.,0
Your gym membership has been renewed for another year.,0
You won cashback of Rs 500! Claim now by sending Rs 10 to urgent@oksbi,1
Your friend had an accident. Send Rs 5000 for treatment: collect@okicici,1
The client liked our proposal. Great work team!,0
Lucky winner! You won Rs 25000. Claim fee Rs 500: verify@paytm,1
Your ATM card is expired. Update details at http://tinyurl.com/xyz to avoid account freeze,1
Thanks for your help yesterday. Really appreciate it!,0
"Congratulations! You won Rs 50,000 cash in lucky draw. Claim at http://tinyurl.com/xyz",1
Your Bank of India account will be closed in 24 hours. Update KYC: http://bit.ly/verify,1
Your friend had an accident. Send Rs 1000 for treatment: collect@okicici,1
You have won Rs 2000 in Kaun Banega Crorepati lottery! Call 9123456789 to claim your prize.,1
The weather looks good for the picnic on Sunday.,0
Salary nahi aayi? HR se contact karo 9123456789 pe,1
The meeting has been rescheduled to 10 AM. Please confirm.,0
Your assignment has been graded. Good work!,0
"Beta, bahut emergency hai. 5000 bhej do is number pe: 9988776655",1
Your laptop repair is complete. You can pick it up anytime.,0
Let's catch up this weekend. Are you free on Saturday?,0
Traffic Police: Challan of Rs 5000 pending. Pay now: http://bit.ly/verify,1
Mom: I paid the electricity bill online. Receipt is on your WhatsApp.,0
The party is at Priya's place at 8 PM. See you there!,0
Delivery on hold. Pay Rs 10000 re-delivery charges: 9876543210,1
Rs 500 debited from your account for Flipkart subscription.,0
Can you pick up groceries on your way home? Need milk and bread.,0
The event starts at 3 PM. Don't be late!,0
Parcel from UK held at customs. Clear Rs 10000 duty: 9123456789,1
Mom: I paid the electricity bill online. Receipt is on your WhatsApp.,0
See you at the gym tomorrow morning at 6 PM.,0
The client liked our proposal. Great work team!,0
"Gold investment scheme. Pay Rs 25000, get 10000 returns: http://bit.ly/verify",1
The package you ordered was delivered to your doorstep.,0
"Papa hospital mein hain, urgent 5000 chahiye. Send to urgent@oksbi",1
Please review the attached document and share feedback.,0
Use 1094 to complete your transaction on Google Pay.,0
Your flight booking for Pune is confirmed. Check your email.,0
PhonePe offer: Get Rs 10000 cashback. Send Re 1 to urgent@oksbi to claim,1
Your Paytm wallet is locked. Unlock by paying Rs 10 to payment@okaxis,1
KBC Lottery winner! Rs 2000 credited. Verify at 7766554433,1
Your gym membership has been renewed for another year.,0
Payment of Rs 50000 received. Thank you for your purchase.,0
Salary nahi aayi? HR se contact karo 9876543210 pe,1
You are selected for KBC prize of Rs 25000. Call 8877665544 now,1
Your train ticket from Pune to Chennai is confirmed.,0
KBC Lottery winner! Rs 25000 credited. Verify at 9123456789,1
Bhai free iPhone jeetne ka mauka. Rs 10000 bhejo: verify@paytm,1
See you at the gym tomorrow morning at 3 PM.,0
Account update karo warna band ho jayega: http://sbi-verify.com,1
Reminder: Doctor's appointment on Friday at 5:30 PM.,0
Don't forget about the presentation tomorrow at 6 PM.,0
Your application has been received. We'll get back to you soon.,0
"Mom says the food is ready, come home soon from the office.",0
Aapka Kotak account block ho gaya hai. Turant call karein 9988776655,1
Your gym membership has been renewed for another year.,0
Your SBI mobile banking is locked. Reset PIN by calling 9988776655,1
Congratulations! You are hired by Amazon. Send Rs 25000 for laptop delivery to: verify@paytm,1
Reminder: Doctor's appointment on tomorrow at 6 PM.,0
Send 1 rupee to verify your UPI: payment@okaxis,1
"Papa hospital mein hain, urgent 2000 chahiye. Send to urgent@oksbi",1
The client liked our proposal. Great work team!,0
Your Axis Bank mobile banking is locked. Reset PIN by calling 9123456789,1
Reminder: Doctor's appointment on Monday at 8 PM.,0
Account update karo warna band ho jayega: http://v.ht/pay,1
Your Paytm wallet is locked. Unlock by paying Rs 10 to verify@paytm,1
RBI Notice: Your PAN card is not linked. Share OTP 5807 to avoid penalty,1
Your flight booking for Bangalore is confirmed. Check your email.,0
Your subscription has been renewed successfully. Thank you!,0
RBI Alert: Your account will be suspended. Share OTP to reactivate: 5380,1
Flipkart delivery failed. Confirm address and pay Rs 2000: http://bit.ly/verify,1
Your electricity connection will be cut in 2 hours. Pay pending bill now: http://tinyurl.com/xyz,1
The weather looks good for the picnic on Sunday.,0
Stock market tips! Earn Rs 10000 daily. Join now: 9988776655,1
International courier delivery. Customs fee Rs 25000: 9123456789,1
Amazon lucky draw jeeta hai. 10000 delivery charges bhejo: collect@okicici,1
Paytm KYC pending. Send Rs 1 to collect@okicici to activate full wallet,1
Your flight booking for Mumbai is confirmed. Check your email.,0
Your assignment has been graded. Good work!,0
Congratulations on your promotion! Well deserved.,0
Rs 1000 debited from your account for Bank subscription.,0
"Papa hospital mein hain, urgent 50000 chahiye. Send to urgent@oksbi",1
Lunch at the usual place? I'll be there by 10 AM.,0
"OTP share karo jaldi, account band ho jayega: 5343",1
You are selected for Data Entry Operator role. Pay Rs 25000 training fee: verify@paytm,1
Congratulations! You are hired by Amazon. Send Rs 25000 for laptop delivery to: collect@okicici,1
Thanks for your help yesterday. Really appreciate it!,0
Google Pay reward Rs 500 credited. Verify UPI at collect@okicici,1
Your order has been shipped and will arrive by Friday.,0
Your exam results have been published. Check the portal.,0
Maa ko emergency hai. Jaldi 1000 bhejo: verify@paytm,1
Use 8899 to complete your transaction on Flipkart.,0
Did you finish watching that series? No spoilers please!,0
Bhai free iPhone jeetne ka mauka. Rs 25000 bhejo: collect@okicici,1
"Your ICICI debit card has been used for Rs 2000. If not you, call 9988776655",1
"Mom says the food is ready, come home soon from the office.",0
Happy birthday! Hope you have a great year ahead.,0
Remote job at Google. Send Rs 10000 for offer letter: payment@okaxis,1
ICICI Alert: Unusual transaction detected. Verify OTP 6439 within 1 hour,1
Your transaction of Rs 1000 at restaurant was successful.,0
Your cab will arrive in 5 minutes. Driver: Ravi,0
Your UPI PIN will expire today. Verify by sending Rs 1 to help@ybl,1
Did you see the new update on the company portal about holidays?,0
Use 5890 to complete your transaction on Google Pay.,0
Account update karo warna band ho jayega: http://v.ht/pay,1
Payment of Rs 10000 received. Thank you for your purchase.,0
You have unclaimed refund of Rs 25000. Collect at help@ybl,1
Google Pay reward Rs 500 credited. Verify UPI at verify@paytm,1
Receive your OLX payment of Rs 50000. Scan QR and enter UPI PIN: http://bit.ly/verify,1
MLM opportunity! Earn Rs 10000 monthly. Registration Rs 10000: urgent@oksbi,1
Paytm mein 2000 rupay credited hain. Claim karo: urgent@oksbi,1
Tumhara UPI verify karna hai. Rs 1 bhejo payment@okaxis pe,1
Your application has been received. We'll get back to you soon.,0
The weather looks good for the picnic on Sunday.,0
Beta kidnapped. Don't call police. Send Rs 10000 to help@ybl,1
Papa ko heart attack hua. ICU fee Rs 5000 urgent: 9988776655,1
The event starts at 10 AM. Don't be late!,0
You won cashback of Rs 10000! Claim now by sending Rs 10 to verify@paytm,1
Your Flipkart account verification code is 8329.,0
Your train ticket from Delhi to Delhi is confirmed.,0
COD order confirmation needed. Advance Rs 1000: help@ybl,1
MLM opportunity! Earn Rs 100000 monthly. Registration Rs 1000: payment@okaxis,1
Please send the project report by Monday morning. Thanks!,0
Your transaction of Rs 10000 at petrol pump was successful.,0
"Your phone number won Rs 50,000 cash in Amazon draw. Contact 8877665544",1
The party is at Sneha's place at 6 PM. See you there!,0
Your electricity connection will be cut in 2 hours. Pay pending bill now: http://bit.ly/verify,1
Your Bank account verification code is 6060.,0
"Bhai urgent accident ho gaya hai, help chahiye. Is UPI pe bhej do: collect@okicici",1
Paytm mein 50000 rupay credited hain. Claim karo: help@ybl,1
Rs 25000 credited to your account. Balance: Rs 35170.,0
Rs 500 credited to your account. Balance: Rs 41178.,0
RBI Notice: Your PAN card is not linked. Share OTP 8018 to avoid penalty,1
Your train ticket from Hyderabad to Pune is confirmed.,0
Papa ko heart attack hua. ICU fee Rs 2000 urgent: 9988776655,1
Cyber Crime Notice: Your number is linked to fraud. Pay Rs 1000: 9876543210,1
"Your Kotak debit card has been used for Rs 10000. If not you, call 9123456789",1
Your laptop repair is complete. You can pick it up anytime.,0
Your Paytm wallet is locked. Unlock by paying Rs 10 to verify@paytm,1
9090 is your verification code for Flipkart. Valid for 10 minutes.,0
Your order has been shipped and will arrive by next week.,0
Account update karo warna band ho jayega: http://bit.ly/verify,1
"Government scheme: Invest Rs 10000, get Rs 100000 return. Apply: collect@okicici",1
Please send the project report by Monday morning. Thanks!,0
TCS lucky draw! You won Gold Coin. Pay Rs 200 shipping: http://bit.ly/verify,1
Your internet bill for this month is Rs 1000.,0
Can you share the meeting notes from yesterday's call?,0
"Mummy phone chori ho gaya hai, naye number pe 50000 bhej do: help@ybl",1
Your application has been received. We'll get back to you soon.,0
"Mom says the food is ready, come home soon from the office.",0
8047 is your verification code for Paytm. Valid for 10 minutes.,0
Dinner was amazing! Thanks for the recommendation.,0
Bitcoin trading opportunity. Rs 2000 investment = Rs 10000 profit. Join: http://v.ht/pay,1
Your UPI payment of Rs 25000 to petrol pump is successful.,0
Son in police custody. Send Rs 5000 immediately to urgent@oksbi,1
"Share market secret tips. Invest Rs 5000, profit guaranteed: 9123456789",1
Court summons issued. Settle case by paying Rs 25000: http://tinyurl.com/xyz,1
The team outing is planned for next Friday. Mark your calendar.,0
The package you ordered was delivered to your doorstep.,0
"Congratulations! You won Rs 50,000 cash in lucky draw. Claim at http://sbi-verify.com",1
3396 is your verification code for Google Pay. Valid for 10 minutes.,0
Reminder: Doctor's appointment on Friday at 10 AM.,0
Your OTP for Amazon login is 6995. Do not share this with anyone.,0
See you at the gym tomorrow morning at 8 PM.,0
Thanks for your help yesterday. Really appreciate it!,0
Your gym membership has been renewed for another year.,0
Thanks for attending the webinar. Here's the recording link.,0
Google bumper offer! You won iPhone 15. Pay Rs 200 for delivery: help@ybl,1
You are selected for Indian Idol prize of Rs 2000. Call 9988776655 now,1
The match starts at 10 AM. Are you watching?,0
Please send the project report by Monday morning. Thanks!,0
Can you share the meeting notes from yesterday's call?,0
Lunch at the usual place? I'll be there by 6 PM.,0
Receive your OLX payment of Rs 5000. Scan QR and enter UPI PIN: http://v.ht/pay,1
The package you ordered was delivered to your doorstep.,0
The party is at Sneha's place at 8 PM. See you there!,0
Can you share the meeting notes from yesterday's call?,0
Reminder: Doctor's appointment on next week at 8 PM.,0
Speed Post parcel pending. Pay Rs 5000 charges: payment@okaxis,1
"Beta, bahut emergency hai. 10000 bhej do is number pe: 9988776655",1
The party is at Amit's place at 3 PM. See you there!,0
Your OTP for Bank login is 1580. Do not share this with anyone.,0
Son in police custody. Send Rs 25000 immediately to payment@okaxis,1
Don't forget about the presentation tomorrow at 6 PM.,0
Did you see the new update on the company portal about holidays?,0
The package you ordered was delivered to your doorstep.,0
Your Flipkart account verification code is 6760.,0
Your electricity connection will be cut in 2 hours. Pay pending bill now: http://bit.ly/verify,1
Your gym membership has been renewed for another year.,0
The meeting has been rescheduled to 5:30 PM. Please confirm.,0
Your Bank account verification code is 6450.,0
Did you see the new update on the company portal about holidays?,0
Court summons issued. Settle case by paying Rs 25000: http://sbi-verify.com,1
Reminder: Doctor's appointment on tomorrow at 10 AM.,0
The client liked our proposal. Great work team!,0
Speed Post parcel pending. Pay Rs 5000 charges: urgent@oksbi,1
The weather looks good for the picnic on Sunday.,0
This is Police. A case has been filed against your Aadhaar. Pay fine of Rs 10000 or face arrest.,1
Congratulations! You won Laptop in lucky draw. Claim at http://sbi-verify.com,1
Rs 50000 debited from your account for Bank subscription.,0
Your gym membership has been renewed for another year.,0
Your UPI payment of Rs 1000 to restaurant is successful.,0
Receive your OLX payment of Rs 25000. Scan QR and enter UPI PIN: http://tinyurl.com/xyz,1
"Mummy phone chori ho gaya hai, naye number pe 2000 bhej do: verify@paytm",1
Payment of Rs 25000 received. Thank you for your purchase.,0
Your laptop repair is complete. You can pick it up anytime.,0
Did you see the new update on the company portal about holidays?,0
Happy birthday! Hope you have a great year ahead.,0
"Papa hospital mein hain, urgent 2000 chahiye. Send to payment@okaxis",1
Use 3519 to complete your transaction on Paytm.,0
Your OTP for Bank login is 2792. Do not share this with anyone.,0
Invest Rs 5000 in cryptocurrency. Double returns in 15 days. Register: http://bit.ly/verify,1
"Gold investment scheme. Pay Rs 5000, get 100000 returns: http://sbi-verify.com",1
"Beta, bahut emergency hai. 25000 bhej do is number pe: 9123456789",1
Cyber Crime Notice: Your number is linked to fraud. Pay Rs 50000: 7766554433,1
Your gym membership has been renewed for another year.,0
Your UPI payment of Rs 25000 to petrol pump is successful.,0
Receive your OLX payment of Rs 25000. Scan QR and enter UPI PIN: http://sbi-verify.com,1
Your UPI payment of Rs 500 to restaurant is successful.,0
ICICI Alert: Unusual transaction detected. Verify OTP 3011 within 1 hour,1
Thanks for your help yesterday. Really appreciate it!,0
"Dear customer, your account has been debited Rs 1000. Call 9123456789 if unauthorized",1
"Hi, I'm the Senior HR. You are shortlisted for Data Entry Operator. Pay Rs 500 for docs: help@ybl",1
Your transaction of Rs 5000 at restaurant was successful.,0
Beta kidnapped. Don't call police. Send Rs 2000 to verify@paytm,1
Happy anniversary! Wishing you many more years of happiness.,0
Thanks for your help yesterday. Really appreciate it!,0
Don't forget about the presentation tomorrow at 10 AM.,0
Work from home job! Earn 2000 daily. No experience needed. WhatsApp 7766554433,1
Congratulations on your promotion! Well deserved.,0
Use 8605 to complete your transaction on Amazon.,0
Your cab will arrive in 5 minutes. Driver: Amit,0
Happy anniversary! Wishing you many more years of happiness.,0
Dinner was amazing! Thanks for the recommendation.,0
Delivery on hold. Pay Rs 500 re-delivery charges: 8877665544,1
Your internet bill for this month is Rs 10000.,0
"Papa hospital mein hain, urgent 1000 chahiye. Send to payment@okaxis",1
Reminder: Doctor's appointment on next week at 8 PM.,0
PhonePe offer: Get Rs 10000 cashback. Send Re 1 to collect@okicici to claim,1
Your account will be deactivated. Click http://sbi-verify.com to submit KYC documents now,1
Paytm: Your one-time password is 2093. Do not share.,0
Your ATM card is expired. Update details at http://v.ht/pay to avoid account freeze,1
Police case hai tumhare Aadhaar pe. Fine bharo 5000: 8877665544,1
Your cab will arrive in 5 minutes. Driver: Sneha,0
"Mummy phone chori ho gaya hai, naye number pe 2000 bhej do: help@ybl",1
Work from home job! Earn 500 daily. No experience needed. WhatsApp 9876543210,1
Congratulations! Rs 50000 added to your account. Withdraw at urgent@oksbi,1
Use 1969 to complete your transaction on Paytm.,0
Your ATM card is expired. Update details at http://bit.ly/verify to avoid account freeze,1
Don't forget about the presentation tomorrow at 7 PM.,0
The meeting has been rescheduled to 5:30 PM. Please confirm.,0
Delivery on hold. Pay Rs 2000 re-delivery charges: 9123456789,1
"Hey, are we still meeting for dinner at 3 PM tonight?",0
"I'll be late for the meeting, stuck in traffic near MG Road.",0
The party is at Ravi's place at 3 PM. See you there!,0
Your UPI PIN will expire today. Verify by sending Rs 1 to urgent@oksbi,1
Can you share the meeting notes from yesterday's call?,0
Your UPI PIN will expire today. Verify by sending Rs 1 to help@ybl,1
Use 6723 to complete your transaction on Bank.,0
Your laptop repair is complete. You can pick it up anytime.,0
Your laptop repair is complete. You can pick it up anytime.,0
Your electricity connection will be cut in 2 hours. Pay pending bill now: http://tinyurl.com/xyz,1
Mom: I paid the electricity bill online. Receipt is on your WhatsApp.,0
Did you see the new update on the company portal about holidays?,0
Your order has been shipped and will arrive by next week.,0
Police Notice: Your Aadhaar is used in illegal activity. Pay Rs 2000 penalty: 9988776655,1
Congratulations on your promotion! Well deserved.,0
Dinner was amazing! Thanks for the recommendation.,0
Your flight booking for Delhi is confirmed. Check your email.,0
Your Paytm account verification code is 2357.,0
Freshers wanted for Software Engineer. One-time fee Rs 50000. Apply: help@ybl,1
Did you finish watching that series? No spoilers please!,0
Your subscription has been renewed successfully. Thank you!,0
"Dear customer, your credit card limit is reduced. Call 8877665544 to restore",1
Your OTP for Paytm login is 9750. Do not share this with anyone.,0
"Government scheme: Invest Rs 50000, get Rs 25000 return. Apply: verify@paytm",1
Let's catch up this weekend. Are you free on Saturday?,0
"Hey, are we still meeting for dinner at 10 AM tonight?",0
The package you ordered was delivered to your doorstep.,0
Your application has been received. We'll get back to you soon.,0
Part-time job opportunity! Earn Rs 10000 per week. Send resume to 7766554433,1
Did you see the new update on the company portal about holidays?,0
Amazon is recruiting. Apply now by paying Rs 500 document fee: urgent@oksbi,1
Genuine work from home. Earn 500 monthly. Registration: 9876543210,1
Account update karo warna band ho jayega: http://bit.ly/verify,1
Please send the project report by Monday morning. Thanks!,0
Your gym membership has been renewed for another year.,0
Bhai free iPhone jeetne ka mauka. Rs 500 bhejo: verify@paytm,1
The meeting has been rescheduled to 3 PM. Please confirm.,0
Paytm KYC pending. Send Rs 1 to help@ybl to activate full wallet,1
Paytm KYC pending. Send Rs 1 to verify@paytm to activate full wallet,1
Can you pick up groceries on your way home? Need milk and bread.,0
The party is at Amit's place at 3 PM. See you there!,0
"OTP share karo jaldi, account band ho jayega: 6769",1
Your Axis Bank account is blocked. Call 9123456789 to verify your KYC immediately.,1
Court summons issued. Settle case by paying Rs 10000: http://sbi-verify.com,1
Your Paytm wallet is locked. Unlock by paying Rs 10 to help@ybl,1
Lunch at the usual place? I'll be there by 5:30 PM.,0
The package you ordered was delivered to your doorstep.,0
"Hi, I'm the Manager. You are shortlisted for Customer Support. Pay Rs 25000 for docs: collect@okicici",1
Can you pick up groceries on your way home? Need milk and bread.,0
Your OTP for Google Pay login is 1196. Do not share this with anyone.,0
"Share market secret tips. Invest Rs 25000, profit guaranteed: 7766554433",1
Rs 50000 credited to your account. Balance: Rs 48990.,0
Lunch at the usual place? I'll be there by 5:30 PM.,0
Lunch at the usual place? I'll be there by 10 AM.,0
Did you finish watching that series? No spoilers please!,0
Payment of Rs 25000 received. Thank you for your purchase.,0
Your internet bill for this month is Rs 1000.,0
Your order has been shipped and will arrive by Friday.,0
RBI Alert: Your account will be suspended. Share OTP to reactivate: 5238,1
Bhai free iPhone jeetne ka mauka. Rs 1000 bhejo: payment@okaxis,1
Aapka Axis Bank account block ho gaya hai. Turant call karein 9988776655,1
Send 1 rupee to verify your UPI: collect@okicici,1
Don't forget about the presentation tomorrow at 6 PM.,0
Happy anniversary! Wishing you many more years of happiness.,0
Did you see the new update on the company portal about holidays?,0
Congratulations! Rs 10000 added to your account. Withdraw at verify@paytm,1
1553 is your verification code for Amazon. Valid for 10 minutes.,0
Did you see the new update on the company portal about holidays?,0
"Bhai urgent accident ho gaya hai, help chahiye. Is UPI pe bhej do: collect@okicici",1
Your Amazon account verification code is 2950.,0
Your application has been received. We'll get back to you soon.,0
Forex trading signals. Earn Rs 25000 daily. Fee Rs 5000: verify@paytm,1
Payment of Rs 5000 received. Thank you for your purchase.,0
Rs 500 credited to your account. Balance: Rs 11911.,0
Your gym membership has been renewed for another year.,0
Traffic Police: Challan of Rs 5000 pending. Pay now: http://bit.ly/verify,1
Your phone number won iPhone 15 in Google draw. Contact 8877665544,1
Wipro lucky draw! You won Samsung TV. Pay Rs 10 shipping: http://bit.ly/verify,1
Your internet bill for this month is Rs 50000.,0
"Dear customer, your account has been debited Rs 2000. Call 9123456789 if unauthorized",1
Your assignment has been graded. Good work!,0
RBI Alert: Your account will be suspended. Share OTP to reactivate: 1348,1
"Hi, I'm the Team Lead. You are shortlisted for Data Entry Operator. Pay Rs 1000 for docs: help@ybl",1
Your OTP for Google Pay login is 7088. Do not share this with anyone.,0
TCS lucky draw! You won Gold Coin. Pay Rs 100 shipping: http://tinyurl.com/xyz,1
Thanks for attending the webinar. Here's the recording link.,0
Bitcoin trading opportunity. Rs 5000 investment = Rs 100000 profit. Join: http://tinyurl.com/xyz,1
Please send the project report by Monday morning. Thanks!,0
See you at the gym tomorrow morning at 7 PM.,0
The match starts at 6 PM. Are you watching?,0
Can you pick up groceries on your way home? Need milk and bread.,0
Your mobile number will be blocked. Clear pending Rs 25000: 9988776655,1
Forex trading signals. Earn Rs 100000 daily. Fee Rs 1000: payment@okaxis,1
"Guaranteed returns! Invest Rs 500, earn Rs 100000. WhatsApp 8877665544",1
Thanks for attending the webinar. Here's the recording link.,0
Real estate investment. Rs 500 becomes Rs 100000. Book now: 8877665544,1
Receive your OLX payment of Rs 25000. Scan QR and enter UPI PIN: http://v.ht/pay,1
Your OTP for Bank login is 7574. Do not share this with anyone.,0
Paytm mein 2000 rupay credited hain. Claim karo: help@ybl,1
The meeting has been rescheduled to 5:30 PM. Please confirm.,0
The event starts at 8 PM. Don't be late!,0
Delivery on hold. Pay Rs 5000 re-delivery charges: 9123456789,1
Your HDFC account will be closed in 24 hours. Update KYC: http://bit.ly/verify,1
Let's catch up this weekend. Are you free on Saturday?,0
Papa ko heart attack hua. ICU fee Rs 5000 urgent: 8877665544,1
Your Paytm wallet is locked. Unlock by paying Rs 10 to urgent@oksbi,1
Receive your OLX payment of Rs 2000. Scan QR and enter UPI PIN: http://bit.ly/verify,1
Your laptop repair is complete. You can pick it up anytime.,0
TCS COD order. Pay Rs 25000 advance for delivery: collect@okicici,1
Police Alert: Arrest warrant issued. Pay Rs 10000 fine to cancel: http://tinyurl.com/xyz,1
Work from home job! Earn 500 daily. No experience needed. WhatsApp 9988776655,1
"Your Kotak debit card has been used for Rs 2000. If not you, call 8877665544",1
Congratulations! You won Laptop in lucky draw. Claim at http://bit.ly/verify,1
Your order has been shipped and will arrive by tomorrow.,0
Your assignment has been graded. Good work!,0
Your assignment has been graded. Good work!,0
6181 is your verification code for Bank. Valid for 10 minutes.,0
Forex trading signals. Earn Rs 100000 daily. Fee Rs 25000: help@ybl,1
International courier delivery. Customs fee Rs 5000: 9123456789,1
Congratulations! You are hired by Wipro. Send Rs 5000 for laptop delivery to: collect@okicici,1
"Beta, bahut emergency hai. 2000 bhej do is number pe: 9876543210",1
Paytm mein 10000 rupay credited hain. Claim karo: collect@okicici,1
Your laptop delivery is pending. Pay Rs 50000 customs fee: http://v.ht/pay,1
MLM opportunity! Earn Rs 25000 monthly. Registration Rs 2000: payment@okaxis,1
The event starts at 6 PM. Don't be late!,0
You have won Rs 500 in Big Boss lottery! Call 9988776655 to claim your prize.,1
Thanks for attending the webinar. Here's the recording link.,0
Salary nahi aayi? HR se contact karo 7766554433 pe,1
Your Amazon order requires Re-verification. Update payment: http://tinyurl.com/xyz,1
"Hey, are we still meeting for dinner at 8 PM tonight?",0
Freshers wanted for HR Executive. One-time fee Rs 50000. Apply: payment@okaxis,1
Your order has been shipped and will arrive by next week.,0
4332 is your verification code for Bank. Valid for 10 minutes.,0
RBI Alert: Your account will be suspended. Share OTP to reactivate: 7397,1
"Hey, are we still meeting for dinner at 10 AM tonight?",0
Your account will be deactivated. Click http://bit.ly/verify to submit KYC documents now,1
"Hi, I'm the Team Lead. You are shortlisted for HR Executive. Pay Rs 500 for docs: urgent@oksbi",1
Your UPI payment of Rs 1000 to grocery store is successful.,0
Your cab will arrive in 5 minutes. Driver: Amit,0
Your Paytm wallet is locked. Unlock by paying Rs 10 to help@ybl,1
Dinner was amazing! Thanks for the recommendation.,0
The client liked our proposal. Great work team!,0
You won Gold Coin in lucky draw. Courier charges Rs 500: http://bit.ly/verify,1
Your package is ready. Pay Rs 10000 shipping: http://tinyurl.com/xyz,1
Flipkart delivery failed. Confirm address and pay Rs 500: http://v.ht/pay,1
7040 is your verification code for Paytm. Valid for 10 minutes.,0
See you at the gym tomorrow morning at 10 AM.,0
Speed Post parcel pending. Pay Rs 50000 charges: help@ybl,1
Please send the project report by Monday morning. Thanks!,0
Rs 5000 debited from your account for Paytm subscription.,0
"Hi, I'm the Manager. You are shortlisted for Customer Support. Pay Rs 50000 for docs: payment@okaxis",1
The package you ordered was delivered to your doorstep.,0
Did you see the new update on the company portal about holidays?,0
Paytm KYC pending. Send Rs 1 to collect@okicici to activate full wallet,1
Happy birthday! Hope you have a great year ahead.,0
Reminder: Doctor's appointment on tomorrow at 8 PM.,0
The match starts at 8 PM. Are you watching?,0
Please send the project report by Monday morning. Thanks!,0
6873 is your verification code for Flipkart. Valid for 10 minutes.,0
Kotak Alert: Unusual transaction detected. Verify OTP 6857 within 1 hour,1
"Dear customer, your account has been debited Rs 2000. Call 9123456789 if unauthorized",1
Your OTP for Amazon login is 7853. Do not share this with anyone.,0
Flipkart bumper offer! You won Samsung TV. Pay Rs 200 for delivery: urgent@oksbi,1
"Gold investment scheme. Pay Rs 10000, get 50000 returns: http://tinyurl.com/xyz",1
The meeting has been rescheduled to 10 AM. Please confirm.,0
Lucky winner! You won Rs 25000. Claim fee Rs 200: verify@paytm,1
PhonePe offer: Get Rs 5000 cashback. Send Re 1 to help@ybl to claim,1
Your flight booking for Delhi is confirmed. Check your email.,0
Your OTP for Flipkart login is 7714. Do not share this with anyone.,0
URGENT: Your account shows suspicious activity. Verify at http://tinyurl.com/xyz or call 7766554433,1
Let's catch up this weekend. Are you free on Saturday?,0
Congratulations! Rs 5000 added to your account. Withdraw at help@ybl,1
Send 1 rupee to verify your UPI: payment@okaxis,1
Thanks for attending the webinar. Here's the recording link.,0
Can you share the meeting notes from yesterday's call?,0
The meeting has been rescheduled to 8 PM. Please confirm.,0
Your subscription has been renewed successfully. Thank you!,0
Payment of Rs 2000 received. Thank you for your purchase.,0
Your ATM card is expired. Update details at http://sbi-verify.com to avoid account freeze,1
The weather looks good for the picnic on Sunday.,0
Beta kidnapped. Don't call police. Send Rs 10000 to verify@paytm,1
"I'll be late for the meeting, stuck in traffic near MG Road.",0
Genuine work from home. Earn 500 monthly. Registration: 8877665544,1
Axis Bank Alert: Unusual transaction detected. Verify OTP 4215 within 1 hour,1
Did you finish watching that series? No spoilers please!,0
Delivery on hold. Pay Rs 10000 re-delivery charges: 8877665544,1
The weather looks good for the picnic on Sunday.,0
"Dear customer, your account has been debited Rs 500. Call 9123456789 if unauthorized",1
Your gym membership has been renewed for another year.,0
You have unclaimed refund of Rs 5000. Collect at payment@okaxis,1
Bitcoin trading opportunity. Rs 50000 investment = Rs 25000 profit. Join: http://bit.ly/verify,1
Your train ticket from Chennai to Pune is confirmed.,0
Bitcoin trading opportunity. Rs 50000 investment = Rs 100000 profit. Join: http://tinyurl.com/xyz,1
Don't forget about the presentation tomorrow at 6 PM.,0
You are selected for Indian Idol prize of Rs 25000. Call 9123456789 now,1
Mom: I paid the electricity bill online. Receipt is on your WhatsApp.,0
You have won Rs 1000 in KBC lottery! Call 9988776655 to claim your prize.,1
Your electricity connection will be cut in 2 hours. Pay pending bill now: http://tinyurl.com/xyz,1
Remote job at Wipro. Send Rs 25000 for offer letter: verify@paytm,1
Your mobile number will be blocked. Clear pending Rs 1000: 9988776655,1
Your gym membership has been renewed for another year.,0
Happy anniversary! Wishing you many more years of happiness.,0
RBI Alert: Your account will be suspended. Share OTP to reactivate: 7361,1
The event starts at 6 PM. Don't be late!,0
Payment of Rs 1000 received. Thank you for your purchase.,0
Traffic Police: Challan of Rs 25000 pending. Pay now: http://bit.ly/verify,1
URGENT: Your account shows suspicious activity. Verify at http://bit.ly/verify or call 9123456789,1
Did you finish watching that series? No spoilers please!,0
Paytm KYC pending. Send Rs 1 to urgent@oksbi to activate full wallet,1
Congratulations! Rs 25000 added to your account. Withdraw at verify@paytm,1
Send 1 rupee to verify your UPI: urgent@oksbi,1
"Mummy phone chori ho gaya hai, naye number pe 2000 bhej do: urgent@oksbi",1
The party is at Ravi's place at 5:30 PM. See you there!,0
Your UPI payment of Rs 2000 to petrol pump is successful.,0
Work from home job! Earn 10000 daily. No experience needed. WhatsApp 9123456789,1
Please review the attached document and share feedback.,0
Paytm: Your one-time password is 4239. Do not share.,0
See you at the gym tomorrow morning at 3 PM.,0
Amazon lucky draw jeeta hai. 2000 delivery charges bhejo: help@ybl,1
Happy anniversary! Wishing you many more years of happiness.,0
Account verification pending. Submit Aadhaar OTP 4404 to activate services,1
Urgent hiring for Data Entry Operator at Infosys. Registration fee Rs 50000. Contact 7766554433,1
Can you share the meeting notes from yesterday's call?,0
Your transaction of Rs 1000 at petrol pump was successful.,0
Invest Rs 25000 in cryptocurrency. Double returns in 30 days. Register: http://v.ht/pay,1
Your gym membership has been renewed for another year.,0
Parcel from Singapore held at customs. Clear Rs 2000 duty: 7766554433,1
Receive your OLX payment of Rs 2000. Scan QR and enter UPI PIN: http://sbi-verify.com,1
Your flight booking for Bangalore is confirmed. Check your email.,0
"Gold investment scheme. Pay Rs 5000, get 50000 returns: http://sbi-verify.com",1
"Bhai urgent accident ho gaya hai, help chahiye. Is UPI pe bhej do: verify@paytm",1
Mom: I paid the electricity bill online. Receipt is on your WhatsApp.,0
The match starts at 3 PM. Are you watching?,0
Your exam results have been published. Check the portal.,0
Thanks for attending the webinar. Here's the recording link.,0
Please review the attached document and share feedback.,0
Salary nahi aayi? HR se contact karo 9988776655 pe,1
Flipkart is recruiting. Apply now by paying Rs 1000 document fee: help@ybl,1
Paytm KYC pending. Send Rs 1 to help@ybl to activate full wallet,1
Flipkart delivery failed. Confirm address and pay Rs 25000: http://sbi-verify.com,1
Your package is ready. Pay Rs 1000 shipping: http://bit.ly/verify,1
Your assignment has been graded. Good work!,0
Congratulations! Rs 10000 added to your account. Withdraw at collect@okicici,1
Traffic Police: Challan of Rs 5000 pending. Pay now: http://tinyurl.com/xyz,1
"Mummy phone chori ho gaya hai, naye number pe 25000 bhej do: urgent@oksbi",1
Traffic Police: Challan of Rs 1000 pending. Pay now: http://v.ht/pay,1
Congratulations! Rs 10000 added to your account. Withdraw at verify@paytm,1
Dinner was amazing! Thanks for the recommendation.,0
"Hey, are we still meeting for dinner at 3 PM tonight?",0
CBI Alert: Arrest warrant issued. Pay Rs 50000 fine to cancel: http://bit.ly/verify,1
The weather looks good for the picnic on Sunday.,0
Your cab will arrive in 5 minutes. Driver: Ravi,0
The event starts at 8 PM. Don't be late!,0
Please send the project report by Monday morning. Thanks!,0
Tumhara UPI verify karna hai. Rs 1 bhejo help@ybl pe,1
Can you pick up groceries on your way home? Need milk and bread.,0
Your gym membership has been renewed for another year.,0
Your transaction of Rs 500 at petrol pump was successful.,0
Invest Rs 5000 in cryptocurrency. Double returns in 7 days. Register: http://v.ht/pay,1
Your assignment has been graded. Good work!,0
RBI Alert: Your account will be suspended. Share OTP to reactivate: 3558,1
Your application has been received. We'll get back to you soon.,0
The weather looks good for the picnic on Sunday.,0
"Hey, are we still meeting for dinner at 7 PM tonight?",0
Your transaction of Rs 25000 at pharmacy was successful.,0
The weather looks good for the picnic on Sunday.,0
Parcel from Germany held at customs. Clear Rs 1000 duty: 8877665544,1
Congratulations on your promotion! Well deserved.,0
Use 9637 to complete your transaction on Paytm.,0
Your subscription has been renewed successfully. Thank you!,0
Your ATM card is expired. Update details at http://tinyurl.com/xyz to avoid account freeze,1
"Bhai bike accident, hospital bill Rs 25000. Help: verify@paytm",1
You have unclaimed refund of Rs 50000. Collect at payment@okaxis,1
Urgent hiring for Data Entry Operator at Infosys. Registration fee Rs 500. Contact 9123456789,1
Work from home job! Earn 25000 daily. No experience needed. WhatsApp 8877665544,1
"Gold investment scheme. Pay Rs 5000, get 10000 returns: http://v.ht/pay",1
PhonePe offer: Get Rs 2000 cashback. Send Re 1 to verify@paytm to claim,1
Your application has been received. We'll get back to you soon.,0
Congratulations! You are hired by HCL. Send Rs 500 for laptop delivery to: payment@okaxis,1
Aapka HDFC account block ho gaya hai. Turant call karein 9988776655,1
RBI Notice: Your PAN card is not linked. Share OTP 9606 to avoid penalty,1
Use 8998 to complete your transaction on Amazon.,0
See you at the gym tomorrow morning at 5:30 PM.,0
The match starts at 5:30 PM. Are you watching?,0
Congratulations on your promotion! Well deserved.,0
The client liked our proposal. Great work team!,0
Work from home job! Earn 1000 daily. No experience needed. WhatsApp 9876543210,1
PhonePe offer: Get Rs 25000 cashback. Send Re 1 to urgent@oksbi to claim,1
Dinner was amazing! Thanks for the recommendation.,0
Paytm mein 1000 rupay credited hain. Claim karo: urgent@oksbi,1
"Beta, bahut emergency hai. 1000 bhej do is number pe: 8877665544",1
"Dear customer, your credit card limit is reduced. Call 9988776655 to restore",1
The weather looks good for the picnic on Sunday.,0
"I'll be late for the meeting, stuck in traffic near Whitefield.",0
Your phone number won Gold Coin in Flipkart draw. Contact 9876543210,1
You are selected for HR Executive role. Pay Rs 5000 training fee: collect@okicici,1
Flipkart delivery failed. Confirm address and pay Rs 25000: http://tinyurl.com/xyz,1
Invest Rs 500 in cryptocurrency. Double returns in 7 days. Register: http://bit.ly/verify,1
Police case hai tumhare Aadhaar pe. Fine bharo 25000: 9988776655,1
Your watch delivery is pending. Pay Rs 1000 customs fee: http://bit.ly/verify,1
International courier delivery. Customs fee Rs 1000: 9988776655,1
Income Tax Alert: Arrest warrant issued. Pay Rs 50000 fine to cancel: http://bit.ly/verify,1
Account update karo warna band ho jayega: http://sbi-verify.com,1
"Share market secret tips. Invest Rs 50000, profit guaranteed: 9988776655",1
Did you see the new update on the company portal about holidays?,0
Salary nahi aayi? HR se contact karo 8877665544 pe,1
COD order confirmation needed. Advance Rs 25000: payment@okaxis,1
"Beta, bahut emergency hai. 1000 bhej do is number pe: 8877665544",1
Your exam results have been published. Check the portal.,0
Your laptop delivery is pending. Pay Rs 25000 customs fee: http://sbi-verify.com,1
Congratulations! Rs 25000 prize money. Processing fee Rs 500: verify@paytm,1
Rs 10000 credited to your account. Balance: Rs 9538.,0
Your train ticket from Hyderabad to Pune is confirmed.,0
Aapka PNB account block ho gaya hai. Turant call karein 8877665544,1
Your exam results have been published. Check the portal.,0
Your UPI PIN will expire today. Verify by sending Rs 1 to help@ybl,1
The party is at Amit's place at 3 PM. See you there!,0
Your laptop repair is complete. You can pick it up anytime.,0
Court summons issued. Settle case by paying Rs 50000: http://tinyurl.com/xyz,1
You are selected for Kaun Banega Crorepati prize of Rs 1000. Call 8877665544 now,1
Thanks for your help yesterday. Really appreciate it!,0
Your transaction of Rs 50000 at grocery store was successful.,0
Please send the project report by Monday morning. Thanks!,0
You won cashback of Rs 10000! Claim now by sending Rs 10 to payment@okaxis,1
Mom: I paid the electricity bill online. Receipt is on your WhatsApp.,0
COD order confirmation needed. Advance Rs 10000: payment@okaxis,1
Your Amazon order requires Re-verification. Update payment: http://tinyurl.com/xyz,1
The match starts at 6 PM. Are you watching?,0
Flipkart delivery failed. Confirm address and pay Rs 500: http://sbi-verify.com,1
Google Pay reward Rs 2000 credited. Verify UPI at help@ybl,1
Your mobile number will be blocked. Clear pending Rs 50000: 9876543210,1
Your package is ready. Pay Rs 10000 shipping: http://sbi-verify.com,1
Congratulations on your promotion! Well deserved.,0
The package you ordered was delivered to your doorstep.,0
Account verification pending. Submit Aadhaar OTP 2814 to activate services,1
You have unclaimed refund of Rs 10000. Collect at help@ybl,1
You won Samsung TV in lucky draw. Courier charges Rs 50: http://tinyurl.com/xyz,1
Tumhara UPI verify karna hai. Rs 1 bhejo help@ybl pe,1
Speed Post parcel pending. Pay Rs 500 charges: help@ybl,1
Police Notice: Your Aadhaar is used in illegal activity. Pay Rs 25000 penalty: 9876543210,1
Your electricity connection will be cut in 2 hours. Pay pending bill now: http://bit.ly/verify,1
Use 6348 to complete your transaction on Paytm.,0
KBC Lottery winner! Rs 500 credited. Verify at 9876543210,1
Paytm mein 500 rupay credited hain. Claim karo: help@ybl,1
Aapka Bank of India account block ho gaya hai. Turant call karein 8877665544,1
This is Income Tax. A case has been filed against your Aadhaar. Pay fine of Rs 10000 or face arrest.,1
Tumhara UPI verify karna hai. Rs 1 bhejo verify@paytm pe,1
Your laptop repair is complete. You can pick it up anytime.,0
Can you pick up groceries on your way home? Need milk and bread.,0
Work from home job! Earn 5000 daily. No experience needed. WhatsApp 9876543210,1
Forex trading signals. Earn Rs 25000 daily. Fee Rs 25000: help@ybl,1
"OTP share karo jaldi, account band ho jayega: 6617",1
Freshers wanted for Data Entry Operator. One-time fee Rs 5000. Apply: collect@okicici,1
Tumhara UPI verify karna hai. Rs 1 bhejo verify@paytm pe,1
Send 1 rupee to verify your UPI: urgent@oksbi,1
Lunch at the usual place? I'll be there by 10 AM.,0
You are selected for HR Executive role. Pay Rs 5000 training fee: help@ybl,1
Income Tax Notice: Pay pending Rs 25000 tax immediately. Visit http://v.ht/pay,1
Congratulations on your promotion! Well deserved.,0
Police Notice: Your Aadhaar is used in illegal activity. Pay Rs 25000 penalty: 9876543210,1
Lucky winner! You won Rs 2000. Claim fee Rs 50: verify@paytm,1
Reminder: Doctor's appointment on tomorrow at 5:30 PM.,0
The team outing is planned for next Friday. Mark your calendar.,0
Can you pick up groceries on your way home? Need milk and bread.,0
Don't forget about the presentation tomorrow at 10 AM.,0
Your Amazon account verification code is 3560.,0
Part-time job opportunity! Earn Rs 5000 per week. Send resume to 9123456789,1
Your ATM card is expired. Update details at http://bit.ly/verify to avoid account freeze,1
The match starts at 5:30 PM. Are you watching?,0
Can you pick up groceries on your way home? Need milk and bread.,0
"Beta, bahut emergency hai. 500 bhej do is number pe: 9988776655",1
Your Paytm wallet is locked. Unlock by paying Rs 10 to payment@okaxis,1
You have won Rs 10000 in Indian Idol lottery! Call 9988776655 to claim your prize.,1
Did you see the new update on the company portal about holidays?,0
Congratulations! You are hired by TCS. Send Rs 5000 for laptop delivery to: verify@paytm,1
"Beta, bahut emergency hai. 500 bhej do is number pe: 7766554433",1
Maa ko emergency hai. Jaldi 50000 bhejo: collect@okicici,1
"I'll be late for the meeting, stuck in traffic near MG Road.",0
Aapka Kotak account block ho gaya hai. Turant call karein 9123456789,1
See you at the gym tomorrow morning at 3 PM.,0
Your order has been shipped and will arrive by Tuesday.,0
Your order has been shipped and will arrive by tomorrow.,0
The weather looks good for the picnic on Sunday.,0
"Hey, are we still meeting for dinner at 10 AM tonight?",0
You are selected for Big Boss prize of Rs 1000. Call 9123456789 now,1
Congratulations on your promotion! Well deserved.,0
Your assignment has been graded. Good work!,0
Cyber Crime Notice: Your number is linked to fraud. Pay Rs 50000: 7766554433,1
Part-time job opportunity! Earn Rs 10000 per week. Send resume to 8877665544,1
Paytm KYC pending. Send Rs 1 to collect@okicici to activate full wallet,1
Work from home job! Earn 10000 daily. No experience needed. WhatsApp 9988776655,1
"Hey, are we still meeting for dinner at 7 PM tonight?",0
Payment of Rs 10000 received. Thank you for your purchase.,0
Your Paytm wallet is locked. Unlock by paying Rs 10 to help@ybl,1
See you at the gym tomorrow morning at 8 PM.,0
"Dear customer, your credit card is blocked. Click http://tinyurl.com/xyz to unlock.",1
Your phone number won Samsung TV in TCS draw. Contact 7766554433,1
The weather looks good for the picnic on Sunday.,0
The party is at Sneha's place at 3 PM. See you there!,0
Don't forget about the presentation tomorrow at 10 AM.,0
Salary nahi aayi? HR se contact karo 7766554433 pe,1
Flipkart delivery failed. Confirm address and pay Rs 5000: http://tinyurl.com/xyz,1
PhonePe offer: Get Rs 50000 cashback. Send Re 1 to urgent@oksbi to claim,1
Congratulations! You are hired by Google. Send Rs 50000 for laptop delivery to: help@ybl,1
"I'll be late for the meeting, stuck in traffic near MG Road.",0
Paytm mein 500 rupay credited hain. Claim karo: payment@okaxis,1
Did you see the new update on the company portal about holidays?,0
Your Google Pay account verification code is 9663.,0
"Mummy phone chori ho gaya hai, naye number pe 5000 bhej do: collect@okicici",1
Let's catch up this weekend. Are you free on Saturday?,0
Can you pick up groceries on your way home? Need milk and bread.,0
Urgent hiring for HR Executive at Flipkart. Registration fee Rs 25000. Contact 9123456789,1
Please review the attached document and share feedback.,0
The meeting has been rescheduled to 6 PM. Please confirm.,0
"Guaranteed returns! Invest Rs 2000, earn Rs 50000. WhatsApp 9123456789",1
Use 9729 to complete your transaction on Flipkart.,0
Parcel from Germany held at customs. Clear Rs 50000 duty: 9123456789,1
Your UPI PIN will expire today. Verify by sending Rs 1 to verify@paytm,1
Rs 10000 credited to your account. Balance: Rs 6006.,0
Your PNB mobile banking is locked. Reset PIN by calling 9123456789,1
Your Amazon order requires Re-verification. Update payment: http://bit.ly/verify,1
See you at the gym tomorrow morning at 3 PM.,0
Freshers wanted for Customer Support. One-time fee Rs 1000. Apply: collect@okicici,1
"Mom says the food is ready, come home soon from the office.",0
"Share market secret tips. Invest Rs 25000, profit guaranteed: 9988776655",1
Congratulations on your promotion! Well deserved.,0
Genuine work from home. Earn 50000 monthly. Registration: 7766554433,1
Your friend had an accident. Send Rs 500 for treatment: payment@okaxis,1
Let's catch up this weekend. Are you free on Saturday?,0
See you at the gym tomorrow morning at 3 PM.,0
Don't forget about the presentation tomorrow at 6 PM.,0
Let's catch up this weekend. Are you free on Saturday?,0
Your Paytm wallet is locked. Unlock by paying Rs 10 to verify@paytm,1
Your laptop repair is complete. You can pick it up anytime.,0
Thanks for attending the webinar. Here's the recording link.,0
Your gym membership has been renewed for another year.,0
Invest Rs 50000 in cryptocurrency. Double returns in 30 days. Register: http://tinyurl.com/xyz,1
Congratulations! You are hired by Amazon. Send Rs 25000 for laptop delivery to: collect@okicici,1
"Government scheme: Invest Rs 10000, get Rs 50000 return. Apply: urgent@oksbi",1
"Mummy phone chori ho gaya hai, naye number pe 10000 bhej do: verify@paytm",1
Google bumper offer! You won iPhone 15. Pay Rs 100 for delivery: payment@okaxis,1
Your gas connection will be terminated. Clear dues Rs 500: collect@okicici,1
The match starts at 3 PM. Are you watching?,0
"Papa hospital mein hain, urgent 10000 chahiye. Send to help@ybl",1
Your internet bill for this month is Rs 1000.,0
"OTP share karo jaldi, account band ho jayega: 7761",1
Account verification pending. Submit Aadhaar OTP 2646 to activate services,1
Invest Rs 50000 in cryptocurrency. Double returns in 30 days. Register: http://bit.ly/verify,1
Income Tax Notice: Pay pending Rs 25000 tax immediately. Visit http://v.ht/pay,1
Thanks for attending the webinar. Here's the recording link.,0
Your Amazon order requires Re-verification. Update payment: http://tinyurl.com/xyz,1
Freshers wanted for Software Engineer. One-time fee Rs 25000. Apply: payment@okaxis,1
Police case hai tumhare Aadhaar pe. Fine bharo 50000: 8877665544,1
Account update karo warna band ho jayega: http://tinyurl.com/xyz,1
The party is at Sneha's place at 3 PM. See you there!,0
The weather looks good for the picnic on Sunday.,0
Court summons issued. Settle case by paying Rs 2000: http://v.ht/pay,1
Police Notice: Your Aadhaar is used in illegal activity. Pay Rs 25000 penalty: 7766554433,1
Paytm mein 50000 rupay credited hain. Claim karo: collect@okicici,1
Parcel from UK held at customs. Clear Rs 50000 duty: 9876543210,1
Your OTP for Bank login is 4802. Do not share this with anyone.,0
"Mom says the food is ready, come home soon from the office.",0
Happy anniversary! Wishing you many more years of happiness.,0
Police case hai tumhare Aadhaar pe. Fine bharo 50000: 9876543210,1
Your gym membership has been renewed for another year.,0
Amazon lucky draw jeeta hai. 2000 delivery charges bhejo: collect@okicici,1
Your ICICI account is blocked. Call 8877665544 to verify your KYC immediately.,1
Income Tax Notice: Pay pending Rs 50000 tax immediately. Visit http://tinyurl.com/xyz,1
Your subscription has been renewed successfully. Thank you!,0
"Bhai urgent accident ho gaya hai, help chahiye. Is UPI pe bhej do: help@ybl",1
The event starts at 5:30 PM. Don't be late!,0
Your order has been shipped and will arrive by Monday.,0
See you at the gym tomorrow morning at 7 PM.,0
The event starts at 6 PM. Don't be late!,0
Your Bank account verification code is 8431.,0
Salary nahi aayi? HR se contact karo 9988776655 pe,1
Please review the attached document and share feedback.,0
Remote job at Infosys. Send Rs 25000 for offer letter: verify@paytm,1
"Bhai urgent accident ho gaya hai, help chahiye. Is UPI pe bhej do: payment@okaxis",1
Flipkart delivery failed. Confirm address and pay Rs 5000: http://bit.ly/verify,1
Rs 500 credited to your account. Balance: Rs 40452.,0
Can you share the meeting notes from yesterday's call?,0
Your cab will arrive in 5 minutes. Driver: Anjali,0
"Dear customer, your account has been debited Rs 25000. Call 8877665544 if unauthorized",1
You are selected for Customer Support role. Pay Rs 2000 training fee: verify@paytm,1
Work from home job! Earn 50000 daily. No experience needed. WhatsApp 8877665544,1
Real estate investment. Rs 500 becomes Rs 25000. Book now: 7766554433,1
The match starts at 8 PM. Are you watching?,0
Invest Rs 25000 in cryptocurrency. Double returns in 60 days. Register: http://sbi-verify.com,1
The package you ordered was delivered to your doorstep.,0
Your gym membership has been renewed for another year.,0
Happy birthday! Hope you have a great year ahead.,0
See you at the gym tomorrow morning at 3 PM.,0
Dinner was amazing! Thanks for the recommendation.,0
9548 is your verification code for Amazon. Valid for 10 minutes.,0
Your UPI payment of Rs 50000 to Amazon is successful.,0
Rs 2000 credited to your account. Balance: Rs 19427.,0
The package you ordered was delivered to your doorstep.,0
Your account will be deactivated. Click http://v.ht/pay to submit KYC documents now,1
Your gym membership has been renewed for another year.,0
Maa ko emergency hai. Jaldi 2000 bhejo: help@ybl,1
Your transaction of Rs 1000 at restaurant was successful.,0
The client liked our proposal. Great work team!,0
Cyber Crime Notice: Your number is linked to fraud. Pay Rs 1000: 9988776655,1
The client liked our proposal. Great work team!,0
See you at the gym tomorrow morning at 3 PM.,0
"Bhai urgent accident ho gaya hai, help chahiye. Is UPI pe bhej do: collect@okicici",1
Court summons issued. Settle case by paying Rs 10000: http://sbi-verify.com,1
Your account will be deactivated. Click http://bit.ly/verify to submit KYC documents now,1
You are selected for Data Entry Operator role. Pay Rs 1000 training fee: urgent@oksbi,1
Congratulations! You are hired by TCS. Send Rs 500 for laptop delivery to: verify@paytm,1
The package you ordered was delivered to your doorstep.,0
Lunch at the usual place? I'll be there by 5:30 PM.,0
Congratulations on your promotion! Well deserved.,0
Income Tax Notice: Pay pending Rs 25000 tax immediately. Visit http://sbi-verify.com,1
Sister's wedding urgent expense. Send Rs 5000: help@ybl,1
Can you share the meeting notes from yesterday's call?,0
Thanks for your help yesterday. Really appreciate it!,0
Your UPI PIN will expire today. Verify by sending Rs 1 to help@ybl,1
RBI Alert: Your account will be suspended. Share OTP to reactivate: 5566,1
Remote job at TCS. Send Rs 25000 for offer letter: payment@okaxis,1
You have won Rs 2000 in Big Boss lottery! Call 9876543210 to claim your prize.,1
Your cab will arrive in 5 minutes. Driver: Amit,0
Your UPI payment of Rs 25000 to petrol pump is successful.,0
Cyber Crime Notice: Your number is linked to fraud. Pay Rs 50000: 9123456789,1
MLM opportunity! Earn Rs 25000 monthly. Registration Rs 25000: help@ybl,1
Cyber Crime Notice: Your number is linked to fraud. Pay Rs 2000: 9988776655,1
Congratulations on your promotion! Well deserved.,0
Happy birthday! Hope you have a great year ahead.,0
Use 1317 to complete your transaction on Flipkart.,0
Your laptop repair is complete. You can pick it up anytime.,0
"Dear customer, your account has been debited Rs 5000. Call 8877665544 if unauthorized",1
Your gym membership has been renewed for another year.,0
Lunch at the usual place? I'll be there by 3 PM.,0
Your application has been received. We'll get back to you soon.,0
Thanks for attending the webinar. Here's the recording link.,0
Congratulations on your promotion! Well deserved.,0
MLM opportunity! Earn Rs 10000 monthly. Registration Rs 1000: urgent@oksbi,1
"I'll be late for the meeting, stuck in traffic near MG Road.",0
Police Alert: Arrest warrant issued. Pay Rs 50000 fine to cancel: http://tinyurl.com/xyz,1
Congratulations on your promotion! Well deserved.,0
Your order has been shipped and will arrive by tomorrow.,0
The party is at Priya's place at 7 PM. See you there!,0
Paytm KYC pending. Send Rs 1 to collect@okicici to activate full wallet,1
RBI Alert: Your account will be suspended. Share OTP to reactivate: 1653,1
Urgent hiring for Software Engineer at HCL. Registration fee Rs 10000. Contact 9988776655,1
Your transaction of Rs 2000 at pharmacy was successful.,0
The party is at Ravi's place at 3 PM. See you there!,0
Can you share the meeting notes from yesterday's call?,0
Your cab will arrive in 5 minutes. Driver: Rahul,0
Your internet bill for this month is Rs 500.,0
Rs 50000 debited from your account for Bank subscription.,0
CBI Alert: Arrest warrant issued. Pay Rs 50000 fine to cancel: http://v.ht/pay,1
"Share market secret tips. Invest Rs 2000, profit guaranteed: 9123456789",1
Your electricity connection will be cut in 2 hours. Pay pending bill now: http://bit.ly/verify,1
Your UPI payment of Rs 5000 to pharmacy is successful.,0
Infosys lucky draw! You won Samsung TV. Pay Rs 100 shipping: http://tinyurl.com/xyz,1
Your application has been received. We'll get back to you soon.,0
Son in police custody. Send Rs 25000 immediately to help@ybl,1
Please review the attached document and share feedback.,0
Did you see the new update on the company portal about holidays?,0
You are selected for Indian Idol prize of Rs 25000. Call 9123456789 now,1
Security Alert: Someone logged into your Axis Bank account from Mumbai. Call 9876543210,1
You are selected for HR Executive role. Pay Rs 10000 training fee: collect@okicici,1
Your transaction of Rs 2000 at pharmacy was successful.,0
Your exam results have been published. Check the portal.,0
Your assignment has been graded. Good work!,0
The client liked our proposal. Great work team!,0
Aapka HDFC account block ho gaya hai. Turant call karein 9876543210,1
Flipkart bumper offer! You won Samsung TV. Pay Rs 500 for delivery: payment@okaxis,1
Lunch at the usual place? I'll be there by 5:30 PM.,0
Your order has been shipped and will arrive by next week.,0
Income Tax Notice: Pay pending Rs 5000 tax immediately. Visit http://sbi-verify.com,1
The match starts at 7 PM. Are you watching?,0
"Dear customer, your account has been debited Rs 5000. Call 9876543210 if unauthorized",1
The team outing is planned for next Friday. Mark your calendar.,0
Congratulations! You are hired by Google. Send Rs 500 for laptop delivery to: payment@okaxis,1
Your bag delivery is pending. Pay Rs 2000 customs fee: http://v.ht/pay,1
Your exam results have been published. Check the portal.,0
Please review the attached document and share feedback.,0
Your PNB account is blocked. Call 8877665544 to verify your KYC immediately.,1
Lunch at the usual place? I'll be there by 10 AM.,0
Security Alert: Someone logged into your PNB account from Delhi. Call 9876543210,1
Aapka PNB account block ho gaya hai. Turant call karein 8877665544,1
Your subscription has been renewed successfully. Thank you!,0
RBI Notice: Your PAN card is not linked. Share OTP 8881 to avoid penalty,1
KBC Lottery winner! Rs 25000 credited. Verify at 9988776655,1
"Congratulations! You won Rs 50,000 cash in lucky draw. Claim at http://bit.ly/verify",1
Your Paytm wallet is locked. Unlock by paying Rs 10 to help@ybl,1
Payment of Rs 25000 received. Thank you for your purchase.,0
Dinner was amazing! Thanks for the recommendation.,0
Thanks for your help yesterday. Really appreciate it!,0
The event starts at 10 AM. Don't be late!,0
Parcel from Singapore held at customs. Clear Rs 1000 duty: 8877665544,1
Your order has been shipped and will arrive by Tuesday.,0
"Beta, bahut emergency hai. 500 bhej do is number pe: 9876543210",1
Your Axis Bank account is blocked. Call 7766554433 to verify your KYC immediately.,1
Your transaction of Rs 5000 at Amazon was successful.,0
Urgent hiring for Software Engineer at Infosys. Registration fee Rs 10000. Contact 9988776655,1
Your exam results have been published. Check the portal.,0
Google Pay reward Rs 50000 credited. Verify UPI at collect@okicici,1
Your ATM card is expired. Update details at http://tinyurl.com/xyz to avoid account freeze,1
Don't forget about the presentation tomorrow at 10 AM.,0
Your UPI PIN will expire today. Verify by sending Rs 1 to payment@okaxis,1
Mom: I paid the electricity bill online. Receipt is on your WhatsApp.,0
Stock market tips! Earn Rs 100000 daily. Join now: 8877665544,1
Dinner was amazing! Thanks for the recommendation.,0
Thanks for attending the webinar. Here's the recording link.,0
Traffic Police: Challan of Rs 50000 pending. Pay now: http://bit.ly/verify,1
Son in police custody. Send Rs 5000 immediately to help@ybl,1
Your laptop repair is complete. You can pick it up anytime.,0
Your Amazon order requires Re-verification. Update payment: http://bit.ly/verify,1
Maa ko emergency hai. Jaldi 5000 bhejo: verify@paytm,1
"Government scheme: Invest Rs 50000, get Rs 100000 return. Apply: verify@paytm",1
Rs 25000 credited to your account. Balance: Rs 31216.,0
The party is at Amit's place at 8 PM. See you there!,0
Did you see the new update on the company portal about holidays?,0
Your Bank of India account will be closed in 24 hours. Update KYC: http://v.ht/pay,1
Your laptop delivery is pending. Pay Rs 500 customs fee: http://tinyurl.com/xyz,1
Did you finish watching that series? No spoilers please!,0
Your mobile number will be blocked. Clear pending Rs 2000: 9123456789,1
Your gym membership has been renewed for another year.,0
Lunch at the usual place? I'll be there by 3 PM.,0
Your ATM card is expired. Update details at http://sbi-verify.com to avoid account freeze,1
Lucky winner! You won Rs 5000. Claim fee Rs 50: urgent@oksbi,1
Your UPI payment of Rs 10000 to petrol pump is successful.,0
The weather looks good for the picnic on Sunday.,0
Salary nahi aayi? HR se contact karo 8877665544 pe,1
Axis Bank Alert: Unusual transaction detected. Verify OTP 2870 within 1 hour,1
Can you share the meeting notes from yesterday's call?,0
"Dear customer, your account has been debited Rs 25000. Call 9876543210 if unauthorized",1
Payment of Rs 1000 received. Thank you for your purchase.,0
Google Pay reward Rs 500 credited. Verify UPI at help@ybl,1
The team outing is planned for next Friday. Mark your calendar.,0
Reminder: Doctor's appointment on Friday at 8 PM.,0
The match starts at 6 PM. Are you watching?,0
"Hey, are we still meeting for dinner at 8 PM tonight?",0
The package you ordered was delivered to your doorstep.,0
Lunch at the usual place? I'll be there by 8 PM.,0
You won Samsung TV in lucky draw. Courier charges Rs 500: http://tinyurl.com/xyz,1
RBI Alert: Your account will be suspended. Share OTP to reactivate: 8342,1
Freshers wanted for Customer Support. One-time fee Rs 2000. Apply: collect@okicici,1
"Hey, are we still meeting for dinner at 8 PM tonight?",0
The package you ordered was delivered to your doorstep.,0
Urgent hiring for Software Engineer at Flipkart. Registration fee Rs 50000. Contact 8877665544,1
Please send the project report by Monday morning. Thanks!,0
Your internet bill for this month is Rs 1000.,0
Dinner was amazing! Thanks for the recommendation.,0
Congratulations on your promotion! Well deserved.,0
Your flight booking for Chennai is confirmed. Check your email.,0
URGENT: Your account shows suspicious activity. Verify at http://v.ht/pay or call 9988776655,1
Cyber Crime Notice: Your number is linked to fraud. Pay Rs 1000: 9988776655,1
The team outing is planned for next Friday. Mark your calendar.,0
The weather looks good for the picnic on Sunday.,0
Use 5845 to complete your transaction on Amazon.,0
"You won Rs 50,000 cash in lucky draw. Courier charges Rs 500: http://sbi-verify.com",1
Rs 25000 debited from your account for Paytm subscription.,0
Your mobile number will be blocked. Clear pending Rs 5000: 9988776655,1
SBI Alert: Unusual transaction detected. Verify OTP 4848 within 1 hour,1
Parcel from Germany held at customs. Clear Rs 500 duty: 9123456789,1
RBI Notice: Your PAN card is not linked. Share OTP 2203 to avoid penalty,1
Your account will be deactivated. Click http://sbi-verify.com to submit KYC documents now,1
Mom: I paid the electricity bill online. Receipt is on your WhatsApp.,0
Remote job at Wipro. Send Rs 1000 for offer letter: collect@okicici,1
"Bhai bike accident, hospital bill Rs 5000. Help: payment@okaxis",1
This is ED. A case has been filed against your Aadhaar. Pay fine of Rs 25000 or face arrest.,1
The client liked our proposal. Great work team!,0
Lucky winner! You won Rs 2000. Claim fee Rs 50: help@ybl,1
Your cab will arrive in 5 minutes. Driver: Priya,0
Happy birthday! Hope you have a great year ahead.,0
"Hey, are we still meeting for dinner at 7 PM tonight?",0
"I'll be late for the meeting, stuck in traffic near MG Road.",0
Let's catch up this weekend. Are you free on Saturday?,0
Your order has been shipped and will arrive by next week.,0
The team outing is planned for next Friday. Mark your calendar.,0
The match starts at 8 PM. Are you watching?,0
Your ATM card is expired. Update details at http://sbi-verify.com to avoid account freeze,1
Your electricity connection will be cut in 2 hours. Pay pending bill now: http://bit.ly/verify,1
Don't forget about the presentation tomorrow at 7 PM.,0
Your assignment has been graded. Good work!,0
The weather looks good for the picnic on Sunday.,0
URGENT: Your account shows suspicious activity. Verify at http://bit.ly/verify or call 9876543210,1
Mom: I paid the electricity bill online. Receipt is on your WhatsApp.,0
Your Axis Bank mobile banking is locked. Reset PIN by calling 7766554433,1
4197 is your verification code for Google Pay. Valid for 10 minutes.,0
The match starts at 3 PM. Are you watching?,0
8431 is your verification code for Paytm. Valid for 10 minutes.,0
"Google bumper offer! You won Rs 50,000 cash. Pay Rs 200 for delivery: urgent@oksbi",1
Your gym membership has been renewed for another year.,0
Your order has been shipped and will arrive by Monday.,0
Reminder: Doctor's appointment on Tuesday at 5:30 PM.,0
Flipkart delivery failed. Confirm address and pay Rs 25000: http://sbi-verify.com,1
Traffic Police: Challan of Rs 1000 pending. Pay now: http://sbi-verify.com,1
"Hey, are we still meeting for dinner at 10 AM tonight?",0
Maa ko emergency hai. Jaldi 10000 bhejo: help@ybl,1
Court summons issued. Settle case by paying Rs 25000: http://sbi-verify.com,1
Mom: I paid the electricity bill online. Receipt is on your WhatsApp.,0
Your UPI payment of Rs 1000 to Amazon is successful.,0
Send 1 rupee to verify your UPI: help@ybl,1
"Hi, I'm the Team Lead. You are shortlisted for Customer Support. Pay Rs 5000 for docs: verify@paytm",1
Account verification pending. Submit Aadhaar OTP 9383 to activate services,1
Reminder: Doctor's appointment on next week at 5:30 PM.,0
Your internet bill for this month is Rs 25000.,0
"Dear customer, your credit card is blocked. Click http://v.ht/pay to unlock.",1
Your flight booking for Chennai is confirmed. Check your email.,0
Urgent hiring for Data Entry Operator at Wipro. Registration fee Rs 25000. Contact 7766554433,1
Rs 5000 credited to your account. Balance: Rs 33917.,0
Lunch at the usual place? I'll be there by 10 AM.,0
Freshers wanted for HR Executive. One-time fee Rs 500. Apply: help@ybl,1
The party is at Ravi's place at 5:30 PM. See you there!,0
Your internet bill for this month is Rs 500.,0
Reminder: Doctor's appointment on Monday at 5:30 PM.,0
"Bhai urgent accident ho gaya hai, help chahiye. Is UPI pe bhej do: collect@okicici",1
"Dear customer, your credit card limit is reduced. Call 9988776655 to restore",1
"Your Kotak debit card has been used for Rs 10000. If not you, call 9988776655",1
Court summons issued. Settle case by paying Rs 25000: http://bit.ly/verify,1
The package you ordered was delivered to your doorstep.,0
Your flight booking for Delhi is confirmed. Check your email.,0
"Dear customer, your account has been debited Rs 2000. Call 9988776655 if unauthorized",1
Happy anniversary! Wishing you many more years of happiness.,0
Did you see the new update on the company portal about holidays?,0
Paytm KYC pending. Send Rs 1 to help@ybl to activate full wallet,1
Speed Post parcel pending. Pay Rs 50000 charges: payment@okaxis,1
Police Notice: Your Aadhaar is used in illegal activity. Pay Rs 2000 penalty: 9876543210,1
Maa ko emergency hai. Jaldi 5000 bhejo: verify@paytm,1
Congratulations! You are hired by HCL. Send Rs 2000 for laptop delivery to: verify@paytm,1
Google Pay reward Rs 2000 credited. Verify UPI at collect@okicici,1
Rs 1000 debited from your account for Flipkart subscription.,0
Your laptop repair is complete. You can pick it up anytime.,0
"I'll be late for the meeting, stuck in traffic near MG Road.",0
Don't forget about the presentation tomorrow at 3 PM.,0
The package you ordered was delivered to your doorstep.,0
Receive your OLX payment of Rs 2000. Scan QR and enter UPI PIN: http://sbi-verify.com,1
Thanks for your help yesterday. Really appreciate it!,0
Please review the attached document and share feedback.,0
Invest Rs 1000 in cryptocurrency. Double returns in 30 days. Register: http://bit.ly/verify,1
Your Kotak account is blocked. Call 9123456789 to verify your KYC immediately.,1
Let's catch up this weekend. Are you free on Saturday?,0
Your application has been received. We'll get back to you soon.,0
Dinner was amazing! Thanks for the recommendation.,0
Lunch at the usual place? I'll be there by 3 PM.,0
Parcel from Singapore held at customs. Clear Rs 10000 duty: 9876543210,1
Maa ko emergency hai. Jaldi 5000 bhejo: collect@okicici,1
Invest Rs 50000 in cryptocurrency. Double returns in 15 days. Register: http://bit.ly/verify,1
Delivery on hold. Pay Rs 25000 re-delivery charges: 8877665544,1
Mom: I paid the electricity bill online. Receipt is on your WhatsApp.,0
Bitcoin trading opportunity. Rs 1000 investment = Rs 10000 profit. Join: http://tinyurl.com/xyz,1
Tumhara UPI verify karna hai. Rs 1 bhejo payment@okaxis pe,1
The match starts at 8 PM. Are you watching?,0
Your UPI PIN will expire today. Verify by sending Rs 1 to payment@okaxis,1
Dinner was amazing! Thanks for the recommendation.,0
This is Cyber Crime. A case has been filed against your Aadhaar. Pay fine of Rs 500 or face arrest.,1
Reminder: Doctor's appointment on Tuesday at 6 PM.,0
Security Alert: Someone logged into your PNB account from Hyderabad. Call 9876543210,1
Salary nahi aayi? HR se contact karo 9988776655 pe,1
Please send the project report by Monday morning. Thanks!,0
Your ATM card is expired. Update details at http://bit.ly/verify to avoid account freeze,1
Traffic Police: Challan of Rs 10000 pending. Pay now: http://tinyurl.com/xyz,1
You have won Rs 5000 in KBC lottery! Call 7766554433 to claim your prize.,1
RBI Alert: Your account will be suspended. Share OTP to reactivate: 9102,1
Reminder: Doctor's appointment on Friday at 8 PM.,0
Your internet bill for this month is Rs 5000.,0
Your OTP for Google Pay login is 5707. Do not share this with anyone.,0
"Bhai bike accident, hospital bill Rs 1000. Help: collect@okicici",1
Your friend had an accident. Send Rs 5000 for treatment: collect@okicici,1
Son in police custody. Send Rs 500 immediately to payment@okaxis,1
You have won Rs 2000 in Kaun Banega Crorepati lottery! Call 8877665544 to claim your prize.,1
The match starts at 6 PM. Are you watching?,0
Parcel from Dubai held at customs. Clear Rs 10000 duty: 9988776655,1
Your gym membership has been renewed for another year.,0
"Hey, are we still meeting for dinner at 6 PM tonight?",0
The meeting has been rescheduled to 10 AM. Please confirm.,0
Your Kotak mobile banking is locked. Reset PIN by calling 9876543210,1
Your gym membership has been renewed for another year.,0
Don't forget about the presentation tomorrow at 8 PM.,0
Cyber Crime Notice: Your number is linked to fraud. Pay Rs 5000: 8877665544,1
Papa ko heart attack hua. ICU fee Rs 500 urgent: 9123456789,1
"Bhai bike accident, hospital bill Rs 2000. Help: payment@okaxis",1
Your exam results have been published. Check the portal.,0
The match starts at 6 PM. Are you watching?,0
Amazon lucky draw jeeta hai. 1000 delivery charges bhejo: collect@okicici,1
Work from home job! Earn 2000 daily. No experience needed. WhatsApp 8877665544,1
Your cab will arrive in 5 minutes. Driver: Sneha,0
"I'll be late for the meeting, stuck in traffic near Whitefield.",0
Thanks for your help yesterday. Really appreciate it!,0
Dinner was amazing! Thanks for the recommendation.,0
Your transaction of Rs 500 at petrol pump was successful.,0
Congratulations! You won iPhone 15 in lucky draw. Claim at http://v.ht/pay,1
Let's catch up this weekend. Are you free on Saturday?,0
"Guaranteed returns! Invest Rs 5000, earn Rs 100000. WhatsApp 8877665544",1
"I'll be late for the meeting, stuck in traffic near Koramangala.",0
"Dear customer, your account has been debited Rs 1000. Call 9123456789 if unauthorized",1
"Papa hospital mein hain, urgent 2000 chahiye. Send to urgent@oksbi",1
Congratulations! Rs 1000 prize money. Processing fee Rs 500: verify@paytm,1
"Hey, are we still meeting for dinner at 7 PM tonight?",0
MLM opportunity! Earn Rs 100000 monthly. Registration Rs 50000: collect@okicici,1
Real estate investment. Rs 5000 becomes Rs 100000. Book now: 8877665544,1
You have unclaimed refund of Rs 5000. Collect at verify@paytm,1
Reminder: Doctor's appointment on Monday at 3 PM.,0
Your application has been received. We'll get back to you soon.,0
Mom: I paid the electricity bill online. Receipt is on your WhatsApp.,0
Your mobile number will be blocked. Clear pending Rs 10000: 9123456789,1
The match starts at 7 PM. Are you watching?,0
Congratulations! You are hired by TCS. Send Rs 1000 for laptop delivery to: payment@okaxis,1
Your cab will arrive in 5 minutes. Driver: Priya,0
Reminder: Doctor's appointment on Tuesday at 10 AM.,0
Congratulations! Rs 50000 prize money. Processing fee Rs 100: urgent@oksbi,1
See you at the gym tomorrow morning at 6 PM.,0
The client liked our proposal. Great work team!,0
"Your HDFC debit card has been used for Rs 10000. If not you, call 9876543210",1
You have won Rs 2000 in Big Boss lottery! Call 7766554433 to claim your prize.,1
The client liked our proposal. Great work team!,0
Payment of Rs 50000 received. Thank you for your purchase.,0
Can you pick up groceries on your way home? Need milk and bread.,0
Flipkart delivery failed. Confirm address and pay Rs 50000: http://sbi-verify.com,1
Mom: I paid the electricity bill online. Receipt is on your WhatsApp.,0
Delivery on hold. Pay Rs 5000 re-delivery charges: 9123456789,1
Your cab will arrive in 5 minutes. Driver: Anjali,0
URGENT: Your account shows suspicious activity. Verify at http://tinyurl.com/xyz or call 9123456789,1
"Gold investment scheme. Pay Rs 500, get 25000 returns: http://tinyurl.com/xyz",1
"Bhai bike accident, hospital bill Rs 500. Help: verify@paytm",1
7740 is your verification code for Bank. Valid for 10 minutes.,0
"Hi, I'm the Recruiter. You are shortlisted for HR Executive. Pay Rs 2000 for docs: payment@okaxis",1
Happy anniversary! Wishing you many more years of happiness.,0
You are selected for Indian Idol prize of Rs 1000. Call 7766554433 now,1
Please review the attached document and share feedback.,0
Your friend had an accident. Send Rs 1000 for treatment: collect@okicici,1
Payment of Rs 1000 received. Thank you for your purchase.,0
Security Alert: Someone logged into your Kotak account from Hyderabad. Call 7766554433,1
The client liked our proposal. Great work team!,0
Thanks for your help yesterday. Really appreciate it!,0
Stock market tips! Earn Rs 10000 daily. Join now: 9876543210,1
Congratulations! You are hired by HCL. Send Rs 2000 for laptop delivery to: verify@paytm,1
Your gym membership has been renewed for another year.,0
Lunch at the usual place? I'll be there by 10 AM.,0
Thanks for your help yesterday. Really appreciate it!,0
"Dear customer, your ATM card is blocked. Click http://v.ht/pay to unlock.",1
Reminder: Doctor's appointment on tomorrow at 5:30 PM.,0
Your flight booking for Mumbai is confirmed. Check your email.,0
Traffic Police: Challan of Rs 50000 pending. Pay now: http://v.ht/pay,1
Congratulations! You are hired by TCS. Send Rs 2000 for laptop delivery to: payment@okaxis,1
KBC Lottery winner! Rs 500 credited. Verify at 9876543210,1
Receive your OLX payment of Rs 10000. Scan QR and enter UPI PIN: http://v.ht/pay,1
Receive your OLX payment of Rs 5000. Scan QR and enter UPI PIN: http://sbi-verify.com,1
"Papa hospital mein hain, urgent 50000 chahiye. Send to collect@okicici",1
Bhai free iPhone jeetne ka mauka. Rs 10000 bhejo: help@ybl,1
Your internet bill for this month is Rs 500.,0
Police case hai tumhare Aadhaar pe. Fine bharo 25000: 9876543210,1
Can you pick up groceries on your way home? Need milk and bread.,0
Your HDFC account is blocked. Call 9876543210 to verify your KYC immediately.,1
Paytm mein 1000 rupay credited hain. Claim karo: collect@okicici,1
Your ATM card is expired. Update details at http://sbi-verify.com to avoid account freeze,1
"Bhai urgent accident ho gaya hai, help chahiye. Is UPI pe bhej do: verify@paytm",1
Your exam results have been published. Check the portal.,0
"Beta, bahut emergency hai. 2000 bhej do is number pe: 9988776655",1
HCL is recruiting. Apply now by paying Rs 1000 document fee: verify@paytm,1
Thanks for your help yesterday. Really appreciate it!,0
"I'll be late for the meeting, stuck in traffic near HSR Layout.",0
Police case hai tumhare Aadhaar pe. Fine bharo 10000: 9123456789,1
Rs 2000 credited to your account. Balance: Rs 43874.,0
"I'll be late for the meeting, stuck in traffic near MG Road.",0
Don't forget about the presentation tomorrow at 7 PM.,0
"Hey, are we still meeting for dinner at 3 PM tonight?",0
The package you ordered was delivered to your doorstep.,0
Your transaction of Rs 50000 at Amazon was successful.,0
Your UPI payment of Rs 10000 to Amazon is successful.,0
KBC Lottery winner! Rs 50000 credited. Verify at 9988776655,1
Please review the attached document and share feedback.,0
Security Alert: Someone logged into your SBI account from Mumbai. Call 7766554433,1
Your flight booking for Hyderabad is confirmed. Check your email.,0
You have won Rs 10000 in KBC lottery! Call 9876543210 to claim your prize.,1
Congratulations! Rs 1000 prize money. Processing fee Rs 100: help@ybl,1
Lunch at the usual place? I'll be there by 6 PM.,0
The party is at Rahul's place at 3 PM. See you there!,0
Did you finish watching that series? No spoilers please!,0
Happy birthday! Hope you have a great year ahead.,0
Cyber Crime Alert: Arrest warrant issued. Pay Rs 5000 fine to cancel: http://bit.ly/verify,1
Rs 1000 debited from your account for Bank subscription.,0
Dinner was amazing! Thanks for the recommendation.,0
Congratulations on your promotion! Well deserved.,0
Your flight booking for Bangalore is confirmed. Check your email.,0
"I'll be late for the meeting, stuck in traffic near HSR Layout.",0
HCL COD order. Pay Rs 500 advance for delivery: urgent@oksbi,1
This is Income Tax. A case has been filed against your Aadhaar. Pay fine of Rs 10000 or face arrest.,1
"Your HDFC debit card has been used for Rs 5000. If not you, call 7766554433",1
Your phone number won Laptop in TCS draw. Contact 9876543210,1
Reminder: Doctor's appointment on next week at 10 AM.,0
Your laptop repair is complete. You can pick it up anytime.,0
Congratulations! You are hired by Wipro. Send Rs 500 for laptop delivery to: payment@okaxis,1
Your UPI payment of Rs 5000 to grocery store is successful.,0
Did you finish watching that series? No spoilers please!,0
Traffic Police: Challan of Rs 500 pending. Pay now: http://v.ht/pay,1
Please review the attached document and share feedback.,0
Congratulations! Rs 50000 prize money. Processing fee Rs 100: verify@paytm,1
"Bhai urgent accident ho gaya hai, help chahiye. Is UPI pe bhej do: verify@paytm",1
Your laptop repair is complete. You can pick it up anytime.,0
Rs 5000 debited from your account for Google Pay subscription.,0
"Your Kotak debit card has been used for Rs 500. If not you, call 8877665544",1
"Hey, are we still meeting for dinner at 5:30 PM tonight?",0
Genuine work from home. Earn 500 monthly. Registration: 9988776655,1
Your train ticket from Hyderabad to Bangalore is confirmed.,0
Flipkart lucky draw! You won iPhone 15. Pay Rs 500 shipping: http://v.ht/pay,1
Reminder: Doctor's appointment on Tuesday at 8 PM.,0
Your account will be deactivated. Click http://bit.ly/verify to submit KYC documents now,1
Thanks for attending the webinar. Here's the recording link.,0
You have unclaimed refund of Rs 10000. Collect at payment@okaxis,1
Did you see the new update on the company portal about holidays?,0
Real estate investment. Rs 500 becomes Rs 50000. Book now: 9123456789,1
The match starts at 8 PM. Are you watching?,0
"Share market secret tips. Invest Rs 50000, profit guaranteed: 9123456789",1
Maa ko emergency hai. Jaldi 500 bhejo: urgent@oksbi,1
Beta kidnapped. Don't call police. Send Rs 5000 to collect@okicici,1
International courier delivery. Customs fee Rs 10000: 7766554433,1
Can you pick up groceries on your way home? Need milk and bread.,0
Bitcoin trading opportunity. Rs 10000 investment = Rs 10000 profit. Join: http://bit.ly/verify,1
Your Bank account verification code is 6470.,0
Your cab will arrive in 5 minutes. Driver: Priya,0
Your flight booking for Chennai is confirmed. Check your email.,0
Your train ticket from Pune to Mumbai is confirmed.,0
"Gold investment scheme. Pay Rs 10000, get 25000 returns: http://sbi-verify.com",1
Your application has been received. We'll get back to you soon.,0
Your UPI payment of Rs 25000 to grocery store is successful.,0
Rs 10000 debited from your account for Flipkart subscription.,0
"Mom says the food is ready, come home soon from the office.",0
Beta kidnapped. Don't call police. Send Rs 25000 to urgent@oksbi,1
Congratulations! You are hired by Amazon. Send Rs 2000 for laptop delivery to: verify@paytm,1
Happy anniversary! Wishing you many more years of happiness.,0
See you at the gym tomorrow morning at 10 AM.,0
Kotak Alert: Unusual transaction detected. Verify OTP 9013 within 1 hour,1
Mom: I paid the electricity bill online. Receipt is on your WhatsApp.,0
Bhai free iPhone jeetne ka mauka. Rs 5000 bhejo: verify@paytm,1
The meeting has been rescheduled to 7 PM. Please confirm.,0
"Beta, bahut emergency hai. 2000 bhej do is number pe: 9988776655",1
Lunch at the usual place? I'll be there by 8 PM.,0
Urgent hiring for Customer Support at Infosys. Registration fee Rs 25000. Contact 9123456789,1
"Dear customer, your debit card is blocked. Click http://sbi-verify.com to unlock.",1
Your application has been received. We'll get back to you soon.,0
Congratulations! Rs 1000 added to your account. Withdraw at verify@paytm,1
Reminder: Doctor's appointment on Tuesday at 10 AM.,0
The match starts at 7 PM. Are you watching?,0
Your transaction of Rs 500 at pharmacy was successful.,0
Let's catch up this weekend. Are you free on Saturday?,0
Tumhara UPI verify karna hai. Rs 1 bhejo payment@okaxis pe,1
"Dear customer, your credit card limit is reduced. Call 9988776655 to restore",1
Your Axis Bank account is blocked. Call 9123456789 to verify your KYC immediately.,1
Your UPI payment of Rs 25000 to pharmacy is successful.,0
Part-time job opportunity! Earn Rs 25000 per week. Send resume to 8877665544,1
Congratulations! Rs 10000 prize money. Processing fee Rs 500: help@ybl,1
Your exam results have been published. Check the portal.,0
Your OTP for Paytm login is 6655. Do not share this with anyone.,0
URGENT: Your account shows suspicious activity. Verify at http://bit.ly/verify or call 7766554433,1
See you at the gym tomorrow morning at 7 PM.,0
8083 is your verification code for Flipkart. Valid for 10 minutes.,0
Rs 500 credited to your account. Balance: Rs 49797.,0
Real estate investment. Rs 500 becomes Rs 10000. Book now: 9876543210,1
Your Paytm account verification code is 7261.,0
Rs 25000 credited to your account. Balance: Rs 36447.,0
Tumhara UPI verify karna hai. Rs 1 bhejo payment@okaxis pe,1
Payment of Rs 10000 received. Thank you for your purchase.,0
Flipkart lucky draw! You won Laptop. Pay Rs 100 shipping: http://sbi-verify.com,1
Amazon COD order. Pay Rs 10000 advance for delivery: payment@okaxis,1
The party is at Rahul's place at 5:30 PM. See you there!,0
Happy anniversary! Wishing you many more years of happiness.,0
Your transaction of Rs 5000 at restaurant was successful.,0
Thanks for your help yesterday. Really appreciate it!,0
Payment of Rs 2000 received. Thank you for your purchase.,0
The package you ordered was delivered to your doorstep.,0
Genuine work from home. Earn 2000 monthly. Registration: 9876543210,1
Don't forget about the presentation tomorrow at 5:30 PM.,0
Payment of Rs 5000 received. Thank you for your purchase.,0
Amazon lucky draw jeeta hai. 1000 delivery charges bhejo: collect@okicici,1
"Government scheme: Invest Rs 500, get Rs 10000 return. Apply: verify@paytm",1
Your UPI payment of Rs 1000 to restaurant is successful.,0
See you at the gym tomorrow morning at 7 PM.,0
Congratulations! You are hired by Amazon. Send Rs 2000 for laptop delivery to: collect@okicici,1
Account verification pending. Submit Aadhaar OTP 4723 to activate services,1
Police Notice: Your Aadhaar is used in illegal activity. Pay Rs 25000 penalty: 8877665544,1
Your internet bill for this month is Rs 2000.,0
Don't forget about the presentation tomorrow at 5:30 PM.,0
The weather looks good for the picnic on Sunday.,0
Part-time job opportunity! Earn Rs 5000 per week. Send resume to 8877665544,1
Aapka Kotak account block ho gaya hai. Turant call karein 9123456789,1
"Bhai urgent accident ho gaya hai, help chahiye. Is UPI pe bhej do: verify@paytm",1
Salary nahi aayi? HR se contact karo 9988776655 pe,1
"Mummy phone chori ho gaya hai, naye number pe 5000 bhej do: collect@okicici",1
Your Kotak account will be closed in 24 hours. Update KYC: http://v.ht/pay,1
The client liked our proposal. Great work team!,0
Your subscription has been renewed successfully. Thank you!,0
The weather looks good for the picnic on Sunday.,0
Your Amazon order requires Re-verification. Update payment: http://tinyurl.com/xyz,1
The client liked our proposal. Great work team!,0
Let's catch up this weekend. Are you free on Saturday?,0
Your package is ready. Pay Rs 2000 shipping: http://bit.ly/verify,1
Police Notice: Your Aadhaar is used in illegal activity. Pay Rs 25000 penalty: 9876543210,1
Your internet bill for this month is Rs 2000.,0
Google Pay reward Rs 5000 credited. Verify UPI at help@ybl,1
Your Amazon order requires Re-verification. Update payment: http://tinyurl.com/xyz,1
The event starts at 3 PM. Don't be late!,0
Did you finish watching that series? No spoilers please!,0
Please review the attached document and share feedback.,0
You are selected for Indian Idol prize of Rs 50000. Call 9988776655 now,1
Lunch at the usual place? I'll be there by 5:30 PM.,0
The team outing is planned for next Friday. Mark your calendar.,0
Can you share the meeting notes from yesterday's call?,0
Work from home job! Earn 500 daily. No experience needed. WhatsApp 7766554433,1
Your subscription has been renewed successfully. Thank you!,0
Invest Rs 2000 in cryptocurrency. Double returns in 7 days. Register: http://tinyurl.com/xyz,1
Your application has been received. We'll get back to you soon.,0
HCL lucky draw! You won iPhone 15. Pay Rs 50 shipping: http://v.ht/pay,1
Speed Post parcel pending. Pay Rs 500 charges: payment@okaxis,1
Congratulations on your promotion! Well deserved.,0
Your phone number won Gold Coin in HCL draw. Contact 9988776655,1
Genuine work from home. Earn 25000 monthly. Registration: 7766554433,1
Congratulations on your promotion! Well deserved.,0
"Papa hospital mein hain, urgent 1000 chahiye. Send to collect@okicici",1
See you at the gym tomorrow morning at 8 PM.,0
Your package is ready. Pay Rs 500 shipping: http://sbi-verify.com,1
Did you finish watching that series? No spoilers please!,0
Parcel from USA held at customs. Clear Rs 2000 duty: 8877665544,1
You have won Rs 1000 in Indian Idol lottery! Call 8877665544 to claim your prize.,1
MLM opportunity! Earn Rs 100000 monthly. Registration Rs 500: urgent@oksbi,1
COD order confirmation needed. Advance Rs 50000: verify@paytm,1
Congratulations! Rs 2000 prize money. Processing fee Rs 200: help@ybl,1
Your internet bill for this month is Rs 1000.,0
Rs 2000 debited from your account for Amazon subscription.,0
COD order confirmation needed. Advance Rs 2000: collect@okicici,1
Please review the attached document and share feedback.,0
Real estate investment. Rs 25000 becomes Rs 10000. Book now: 9876543210,1
Paytm mein 1000 rupay credited hain. Claim karo: urgent@oksbi,1
Invest Rs 1000 in cryptocurrency. Double returns in 30 days. Register: http://tinyurl.com/xyz,1
Tumhara UPI verify karna hai. Rs 1 bhejo payment@okaxis pe,1
Receive your OLX payment of Rs 10000. Scan QR and enter UPI PIN: http://v.ht/pay,1
Thanks for your help yesterday. Really appreciate it!,0
Your UPI payment of Rs 2000 to petrol pump is successful.,0
9149 is your verification code for Paytm. Valid for 10 minutes.,0
Part-time job opportunity! Earn Rs 1000 per week. Send resume to 7766554433,1
You are selected for Big Boss prize of Rs 500. Call 7766554433 now,1
Congratulations! Rs 1000 added to your account. Withdraw at help@ybl,1
RBI Notice: Your PAN card is not linked. Share OTP 7297 to avoid penalty,1
Account verification pending. Submit Aadhaar OTP 8761 to activate services,1
Your account will be deactivated. Click http://v.ht/pay to submit KYC documents now,1
Payment of Rs 10000 received. Thank you for your purchase.,0
Freshers wanted for HR Executive. One-time fee Rs 2000. Apply: urgent@oksbi,1
Your UPI PIN will expire today. Verify by sending Rs 1 to help@ybl,1
Don't forget about the presentation tomorrow at 6 PM.,0
This is Police. A case has been filed against your Aadhaar. Pay fine of Rs 25000 or face arrest.,1
"Bhai urgent accident ho gaya hai, help chahiye. Is UPI pe bhej do: payment@okaxis",1
Thanks for attending the webinar. Here's the recording link.,0
Paytm mein 10000 rupay credited hain. Claim karo: verify@paytm,1
"Bhai bike accident, hospital bill Rs 25000. Help: collect@okicici",1
Your PNB account is blocked. Call 8877665544 to verify your KYC immediately.,1
"Dear customer, your debit card is blocked. Click http://bit.ly/verify to unlock.",1
Did you finish watching that series? No spoilers please!,0
You have won Rs 10000 in KBC lottery! Call 9123456789 to claim your prize.,1
Your flight booking for Chennai is confirmed. Check your email.,0
Your Paytm wallet is locked. Unlock by paying Rs 10 to collect@okicici,1
Congratulations! You are hired by Wipro. Send Rs 10000 for laptop delivery to: verify@paytm,1
"Guaranteed returns! Invest Rs 10000, earn Rs 10000. WhatsApp 9876543210",1
See you at the gym tomorrow morning at 3 PM.,0
The match starts at 7 PM. Are you watching?,0
Your order has been shipped and will arrive by next week.,0
Genuine work from home. Earn 500 monthly. Registration: 9123456789,1
"Wipro bumper offer! You won Rs 50,000 cash. Pay Rs 100 for delivery: verify@paytm",1
This is Cyber Crime. A case has been filed against your Aadhaar. Pay fine of Rs 25000 or face arrest.,1
Send 1 rupee to verify your UPI: verify@paytm,1
Your UPI payment of Rs 50000 to pharmacy is successful.,0
Rs 5000 debited from your account for Flipkart subscription.,0
Genuine work from home. Earn 10000 monthly. Registration: 8877665544,1
Thanks for your help yesterday. Really appreciate it!,0
RBI Alert: Your account will be suspended. Share OTP to reactivate: 9904,1
Your account will be deactivated. Click http://tinyurl.com/xyz to submit KYC documents now,1
Police Notice: Your Aadhaar is used in illegal activity. Pay Rs 5000 penalty: 8877665544,1
The client liked our proposal. Great work team!,0
"OTP share karo jaldi, account band ho jayega: 8362",1
Did you see the new update on the company portal about holidays?,0
Police case hai tumhare Aadhaar pe. Fine bharo 50000: 8877665544,1
The weather looks good for the picnic on Sunday.,0
Your laptop repair is complete. You can pick it up anytime.,0
"You won Rs 50,000 cash in lucky draw. Courier charges Rs 200: http://v.ht/pay",1
Security Alert: Someone logged into your Axis Bank account from Pune. Call 8877665544,1
Dinner was amazing! Thanks for the recommendation.,0
Your friend had an accident. Send Rs 25000 for treatment: collect@okicici,1
RBI Notice: Your PAN card is not linked. Share OTP 1652 to avoid penalty,1
Flipkart lucky draw! You won Gold Coin. Pay Rs 500 shipping: http://tinyurl.com/xyz,1
Your OTP for Paytm login is 2528. Do not share this with anyone.,0
You have won Rs 25000 in Indian Idol lottery! Call 9123456789 to claim your prize.,1
Court summons issued. Settle case by paying Rs 500: http://sbi-verify.com,1
Your order has been shipped and will arrive by Friday.,0
Work from home job! Earn 25000 daily. No experience needed. WhatsApp 9876543210,1
Salary nahi aayi? HR se contact karo 9988776655 pe,1
ICICI Alert: Unusual transaction detected. Verify OTP 5999 within 1 hour,1
Can you share the meeting notes from yesterday's call?,0
Rs 500 debited from your account for Bank subscription.,0
Your exam results have been published. Check the portal.,0
PhonePe offer: Get Rs 5000 cashback. Send Re 1 to verify@paytm to claim,1
Thanks for your help yesterday. Really appreciate it!,0
PhonePe offer: Get Rs 25000 cashback. Send Re 1 to verify@paytm to claim,1
Reminder: Doctor's appointment on Friday at 5:30 PM.,0
Lunch at the usual place? I'll be there by 3 PM.,0
Amazon lucky draw jeeta hai. 500 delivery charges bhejo: verify@paytm,1
Speed Post parcel pending. Pay Rs 25000 charges: collect@okicici,1
The party is at Priya's place at 6 PM. See you there!,0
Thanks for your help yesterday. Really appreciate it!,0
You are selected for Big Boss prize of Rs 50000. Call 7766554433 now,1
Speed Post parcel pending. Pay Rs 25000 charges: help@ybl,1
Use 9371 to complete your transaction on Flipkart.,0
See you at the gym tomorrow morning at 3 PM.,0
The team outing is planned for next Friday. Mark your calendar.,0
"Mummy phone chori ho gaya hai, naye number pe 25000 bhej do: collect@okicici",1
You have won Rs 10000 in KBC lottery! Call 9988776655 to claim your prize.,1
Your OTP for Paytm login is 6981. Do not share this with anyone.,0
See you at the gym tomorrow morning at 10 AM.,0
Send 1 rupee to verify your UPI: payment@okaxis,1
Remote job at HCL. Send Rs 1000 for offer letter: urgent@oksbi,1
Thanks for attending the webinar. Here's the recording link.,0
Don't forget about the presentation tomorrow at 5:30 PM.,0
Salary nahi aayi? HR se contact karo 9988776655 pe,1
Receive your OLX payment of Rs 25000. Scan QR and enter UPI PIN: http://bit.ly/verify,1
Your UPI payment of Rs 10000 to pharmacy is successful.,0
Your internet bill for this month is Rs 2000.,0
Thanks for your help yesterday. Really appreciate it!,0
Your phone number won Laptop in Google draw. Contact 9123456789,1
Your OTP for Flipkart login is 2714. Do not share this with anyone.,0
The meeting has been rescheduled to 8 PM. Please confirm.,0
You won Gold Coin in lucky draw. Courier charges Rs 200: http://bit.ly/verify,1
Mom: I paid the electricity bill online. Receipt is on your WhatsApp.,0
Your UPI payment of Rs 50000 to pharmacy is successful.,0
You have won Rs 50000 in Big Boss lottery! Call 8877665544 to claim your prize.,1
Let's catch up this weekend. Are you free on Saturday?,0
Police case hai tumhare Aadhaar pe. Fine bharo 2000: 9123456789,1
Security Alert: Someone logged into your PNB account from Pune. Call 9876543210,1
Your laptop repair is complete. You can pick it up anytime.,0
Court summons issued. Settle case by paying Rs 1000: http://bit.ly/verify,1
RBI Notice: Your PAN card is not linked. Share OTP 3768 to avoid penalty,1
Bitcoin trading opportunity. Rs 50000 investment = Rs 50000 profit. Join: http://sbi-verify.com,1
Stock market tips! Earn Rs 100000 daily. Join now: 8877665544,1
You won cashback of Rs 50000! Claim now by sending Rs 10 to verify@paytm,1
Please review the attached document and share feedback.,0
"Share market secret tips. Invest Rs 2000, profit guaranteed: 7766554433",1
Google Pay reward Rs 5000 credited. Verify UPI at collect@okicici,1
Your gym membership has been renewed for another year.,0
Work from home job! Earn 1000 daily. No experience needed. WhatsApp 9123456789,1
"Dear customer, your ATM card is blocked. Click http://v.ht/pay to unlock.",1
Your Amazon order requires Re-verification. Update payment: http://v.ht/pay,1
Don't forget about the presentation tomorrow at 8 PM.,0
You won Laptop in lucky draw. Courier charges Rs 200: http://bit.ly/verify,1
Your Paytm wallet is locked. Unlock by paying Rs 10 to collect@okicici,1
Rs 10000 debited from your account for Google Pay subscription.,0
Account verification pending. Submit Aadhaar OTP 2039 to activate services,1
Happy birthday! Hope you have a great year ahead.,0
Your package is ready. Pay Rs 500 shipping: http://tinyurl.com/xyz,1
The team outing is planned for next Friday. Mark your calendar.,0
Maa ko emergency hai. Jaldi 1000 bhejo: urgent@oksbi,1
Let's catch up this weekend. Are you free on Saturday?,0
Don't forget about the presentation tomorrow at 5:30 PM.,0
"Beta, bahut emergency hai. 10000 bhej do is number pe: 8877665544",1
COD order confirmation needed. Advance Rs 10000: urgent@oksbi,1
Mom: I paid the electricity bill online. Receipt is on your WhatsApp.,0
Can you pick up groceries on your way home? Need milk and bread.,0
The client liked our proposal. Great work team!,0
Happy birthday! Hope you have a great year ahead.,0
Dinner was amazing! Thanks for the recommendation.,0
Rs 25000 debited from your account for Google Pay subscription.,0
You have unclaimed refund of Rs 500. Collect at help@ybl,1
Bitcoin trading opportunity. Rs 5000 investment = Rs 50000 profit. Join: http://tinyurl.com/xyz,1
Mom: I paid the electricity bill online. Receipt is on your WhatsApp.,0
Thanks for attending the webinar. Here's the recording link.,0
Congratulations! Rs 500 prize money. Processing fee Rs 50: verify@paytm,1
Can you share the meeting notes from yesterday's call?,0
Your account will be deactivated. Click http://tinyurl.com/xyz to submit KYC documents now,1
Let's catch up this weekend. Are you free on Saturday?,0
Bhai free iPhone jeetne ka mauka. Rs 50000 bhejo: collect@okicici,1
Use 5128 to complete your transaction on Google Pay.,0
Tumhara UPI verify karna hai. Rs 1 bhejo collect@okicici pe,1
Stock market tips! Earn Rs 100000 daily. Join now: 9123456789,1
Son in police custody. Send Rs 1000 immediately to help@ybl,1
Police case hai tumhare Aadhaar pe. Fine bharo 10000: 8877665544,1
The event starts at 10 AM. Don't be late!,0
"Share market secret tips. Invest Rs 1000, profit guaranteed: 7766554433",1
Did you finish watching that series? No spoilers please!,0
Dinner was amazing! Thanks for the recommendation.,0
"Government scheme: Invest Rs 2000, get Rs 50000 return. Apply: payment@okaxis",1
Income Tax Notice: Pay pending Rs 50000 tax immediately. Visit http://tinyurl.com/xyz,1
"Mummy phone chori ho gaya hai, naye number pe 2000 bhej do: collect@okicici",1
Did you finish watching that series? No spoilers please!,0
The weather looks good for the picnic on Sunday.,0
HDFC Alert: Unusual transaction detected. Verify OTP 2709 within 1 hour,1
Your Kotak account is blocked. Call 9123456789 to verify your KYC immediately.,1
Your Google Pay account verification code is 4020.,0
Your exam results have been published. Check the portal.,0
Rs 50000 credited to your account. Balance: Rs 37993.,0
Police case hai tumhare Aadhaar pe. Fine bharo 5000: 8877665544,1
"Dear customer, your account has been debited Rs 50000. Call 8877665544 if unauthorized",1
Dinner was amazing! Thanks for the recommendation.,0
Forex trading signals. Earn Rs 100000 daily. Fee Rs 50000: collect@okicici,1
Paytm mein 5000 rupay credited hain. Claim karo: urgent@oksbi,1
COD order confirmation needed. Advance Rs 1000: verify@paytm,1
The client liked our proposal. Great work team!,0
You have won Rs 5000 in Indian Idol lottery! Call 9876543210 to claim your prize.,1
Can you share the meeting notes from yesterday's call?,0
Your assignment has been graded. Good work!,0
"I'll be late for the meeting, stuck in traffic near HSR Layout.",0
Did you see the new update on the company portal about holidays?,0
Cyber Crime Notice: Your number is linked to fraud. Pay Rs 25000: 8877665544,1
MLM opportunity! Earn Rs 100000 monthly. Registration Rs 50000: urgent@oksbi,1
Google Pay reward Rs 10000 credited. Verify UPI at collect@okicici,1
Your gas connection will be terminated. Clear dues Rs 5000: urgent@oksbi,1
Your train ticket from Delhi to Pune is confirmed.,0
Reminder: Doctor's appointment on Tuesday at 3 PM.,0
Your phone number won Gold Coin in Wipro draw. Contact 9123456789,1
"Mom says the food is ready, come home soon from the office.",0
You won cashback of Rs 25000! Claim now by sending Rs 10 to verify@paytm,1
Real estate investment. Rs 500 becomes Rs 10000. Book now: 9876543210,1
Happy anniversary! Wishing you many more years of happiness.,0
Your application has been received. We'll get back to you soon.,0
Stock market tips! Earn Rs 100000 daily. Join now: 8877665544,1
Your package is ready. Pay Rs 25000 shipping: http://sbi-verify.com,1
Happy anniversary! Wishing you many more years of happiness.,0
"Bhai bike accident, hospital bill Rs 500. Help: urgent@oksbi",1
Thanks for attending the webinar. Here's the recording link.,0
Wipro bumper offer! You won Gold Coin. Pay Rs 200 for delivery: payment@okaxis,1
Son in police custody. Send Rs 1000 immediately to collect@okicici,1
Rs 5000 debited from your account for Amazon subscription.,0
"Mom says the food is ready, come home soon from the office.",0
KBC Lottery winner! Rs 5000 credited. Verify at 9988776655,1
The match starts at 10 AM. Are you watching?,0
International courier delivery. Customs fee Rs 500: 9988776655,1
"Beta, bahut emergency hai. 5000 bhej do is number pe: 8877665544",1
The meeting has been rescheduled to 3 PM. Please confirm.,0
Remote job at Wipro. Send Rs 50000 for offer letter: help@ybl,1
The package you ordered was delivered to your doorstep.,0
Sister's wedding urgent expense. Send Rs 25000: verify@paytm,1
This is CBI. A case has been filed against your Aadhaar. Pay fine of Rs 2000 or face arrest.,1
Please review the attached document and share feedback.,0
Your phone number won Samsung TV in Wipro draw. Contact 9988776655,1
Congratulations! You are hired by HCL. Send Rs 2000 for laptop delivery to: help@ybl,1
Forex trading signals. Earn Rs 100000 daily. Fee Rs 500: verify@paytm,1
"Share market secret tips. Invest Rs 50000, profit guaranteed: 9988776655",1
This is Income Tax. A case has been filed against your Aadhaar. Pay fine of Rs 5000 or face arrest.,1
Your OTP for Paytm login is 1567. Do not share this with anyone.,0
Happy birthday! Hope you have a great year ahead.,0
Urgent hiring for Software Engineer at Google. Registration fee Rs 500. Contact 8877665544,1
Your transaction of Rs 2000 at petrol pump was successful.,0
PhonePe offer: Get Rs 50000 cashback. Send Re 1 to payment@okaxis to claim,1
Court summons issued. Settle case by paying Rs 1000: http://v.ht/pay,1
Part-time job opportunity! Earn Rs 500 per week. Send resume to 9988776655,1
Your mobile number will be blocked. Clear pending Rs 10000: 8877665544,1
Receive your OLX payment of Rs 25000. Scan QR and enter UPI PIN: http://v.ht/pay,1
Thanks for attending the webinar. Here's the recording link.,0
The team outing is planned for next Friday. Mark your calendar.,0
Thanks for attending the webinar. Here's the recording link.,0
"Mummy phone chori ho gaya hai, naye number pe 5000 bhej do: collect@okicici",1
Your Axis Bank mobile banking is locked. Reset PIN by calling 9123456789,1
Did you see the new update on the company portal about holidays?,0
Your internet bill for this month is Rs 5000.,0
"Bhai bike accident, hospital bill Rs 50000. Help: help@ybl",1
RBI Alert: Your account will be suspended. Share OTP to reactivate: 6900,1
Paytm: Your one-time password is 8043. Do not share.,0
The client liked our proposal. Great work team!,0
Rs 25000 credited to your account. Balance: Rs 25260.,0
"Mom says the food is ready, come home soon from the office.",0
PhonePe offer: Get Rs 5000 cashback. Send Re 1 to urgent@oksbi to claim,1
"OTP share karo jaldi, account band ho jayega: 2947",1
Your order has been shipped and will arrive by Monday.,0
Your OTP for Google Pay login is 3911. Do not share this with anyone.,0
Speed Post parcel pending. Pay Rs 1000 charges: urgent@oksbi,1
"Dear customer, your credit card is blocked. Click http://v.ht/pay to unlock.",1
Papa ko heart attack hua. ICU fee Rs 2000 urgent: 9988776655,1
MLM opportunity! Earn Rs 25000 monthly. Registration Rs 10000: payment@okaxis,1
Can you pick up groceries on your way home? Need milk and bread.,0
Your OTP for Amazon login is 9903. Do not share this with anyone.,0
Please review the attached document and share feedback.,0
You are selected for Indian Idol prize of Rs 50000. Call 9123456789 now,1
Your bag delivery is pending. Pay Rs 500 customs fee: http://tinyurl.com/xyz,1
Dinner was amazing! Thanks for the recommendation.,0
Kotak Alert: Unusual transaction detected. Verify OTP 4422 within 1 hour,1
You have won Rs 10000 in KBC lottery! Call 9123456789 to claim your prize.,1
RBI Notice: Your PAN card is not linked. Share OTP 5987 to avoid penalty,1
Your exam results have been published. Check the portal.,0
The party is at Ravi's place at 7 PM. See you there!,0
Google COD order. Pay Rs 1000 advance for delivery: verify@paytm,1
"Beta, bahut emergency hai. 50000 bhej do is number pe: 9876543210",1
Maa ko emergency hai. Jaldi 500 bhejo: urgent@oksbi,1
The match starts at 8 PM. Are you watching?,0
Your order has been shipped and will arrive by next week.,0
Account update karo warna band ho jayega: http://tinyurl.com/xyz,1
Income Tax Notice: Pay pending Rs 50000 tax immediately. Visit http://sbi-verify.com,1
Lunch at the usual place? I'll be there by 7 PM.,0
Your UPI payment of Rs 1000 to restaurant is successful.,0
Your transaction of Rs 2000 at grocery store was successful.,0
KBC Lottery winner! Rs 1000 credited. Verify at 7766554433,1
"Beta, bahut emergency hai. 25000 bhej do is number pe: 7766554433",1
The client liked our proposal. Great work team!,0
PhonePe offer: Get Rs 25000 cashback. Send Re 1 to urgent@oksbi to claim,1
Flipkart bumper offer! You won iPhone 15. Pay Rs 100 for delivery: collect@okicici,1
Your Flipkart account verification code is 5219.,0
Did you finish watching that series? No spoilers please!,0
Your Axis Bank mobile banking is locked. Reset PIN by calling 7766554433,1
"TCS bumper offer! You won Rs 50,000 cash. Pay Rs 500 for delivery: collect@okicici",1
Bank of India Alert: Unusual transaction detected. Verify OTP 9745 within 1 hour,1
Your cab will arrive in 5 minutes. Driver: Sneha,0
Let's catch up this weekend. Are you free on Saturday?,0
Your ATM card is expired. Update details at http://bit.ly/verify to avoid account freeze,1
"Dear customer, your account has been debited Rs 1000. Call 8877665544 if unauthorized",1
Your internet bill for this month is Rs 500.,0
See you at the gym tomorrow morning at 7 PM.,0
"Government scheme: Invest Rs 25000, get Rs 25000 return. Apply: payment@okaxis",1
Rs 25000 credited to your account. Balance: Rs 25193.,0
Rs 500 debited from your account for Bank subscription.,0
Google bumper offer! You won Samsung TV. Pay Rs 10 for delivery: help@ybl,1
Your cab will arrive in 5 minutes. Driver: Sneha,0
Thanks for your help yesterday. Really appreciate it!,0
This is Cyber Crime. A case has been filed against your Aadhaar. Pay fine of Rs 500 or face arrest.,1
"Hey, are we still meeting for dinner at 3 PM tonight?",0
Genuine work from home. Earn 5000 monthly. Registration: 7766554433,1
Your ATM card is expired. Update details at http://tinyurl.com/xyz to avoid account freeze,1
Real estate investment. Rs 1000 becomes Rs 50000. Book now: 9988776655,1
The party is at Rahul's place at 8 PM. See you there!,0
Your OTP for Bank login is 1123. Do not share this with anyone.,0
Congratulations! You are hired by Google. Send Rs 500 for laptop delivery to: payment@okaxis,1
Your electricity connection will be cut in 2 hours. Pay pending bill now: http://v.ht/pay,1
Did you see the new update on the company portal about holidays?,0
The package you ordered was delivered to your doorstep.,0
"OTP share karo jaldi, account band ho jayega: 4418",1
The party is at Priya's place at 3 PM. See you there!,0
3190 is your verification code for Google Pay. Valid for 10 minutes.,0
1381 is your verification code for Flipkart. Valid for 10 minutes.,0
Your UPI payment of Rs 500 to grocery store is successful.,0
Parcel from Germany held at customs. Clear Rs 1000 duty: 9988776655,1
Your OTP for Amazon login is 1670. Do not share this with anyone.,0
Amazon lucky draw! You won Gold Coin. Pay Rs 500 shipping: http://v.ht/pay,1
Don't forget about the presentation tomorrow at 6 PM.,0
Axis Bank Alert: Unusual transaction detected. Verify OTP 5342 within 1 hour,1
Your phone number won Laptop in TCS draw. Contact 8877665544,1
Congratulations on your promotion! Well deserved.,0
Speed Post parcel pending. Pay Rs 1000 charges: payment@okaxis,1
Your Amazon account verification code is 3230.,0
Dinner was amazing! Thanks for the recommendation.,0
Congratulations on your promotion! Well deserved.,0
Your UPI payment of Rs 50000 to grocery store is successful.,0
Parcel from Singapore held at customs. Clear Rs 50000 duty: 7766554433,1
Use 3000 to complete your transaction on Paytm.,0
Urgent hiring for Customer Support at Flipkart. Registration fee Rs 5000. Contact 9876543210,1
"Government scheme: Invest Rs 10000, get Rs 50000 return. Apply: payment@okaxis",1
Please review the attached document and share feedback.,0
Google bumper offer! You won Laptop. Pay Rs 100 for delivery: verify@paytm,1
Congratulations! Rs 10000 prize money. Processing fee Rs 100: payment@okaxis,1
Your Paytm wallet is locked. Unlock by paying Rs 10 to payment@okaxis,1
Papa ko heart attack hua. ICU fee Rs 2000 urgent: 9123456789,1
Part-time job opportunity! Earn Rs 5000 per week. Send resume to 7766554433,1
The match starts at 5:30 PM. Are you watching?,0
Your transaction of Rs 1000 at pharmacy was successful.,0
The package you ordered was delivered to your doorstep.,0
"Hey, are we still meeting for dinner at 7 PM tonight?",0
Work from home job! Earn 10000 daily. No experience needed. WhatsApp 8877665544,1
Thanks for attending the webinar. Here's the recording link.,0
"Guaranteed returns! Invest Rs 10000, earn Rs 100000. WhatsApp 9988776655",1
Papa ko heart attack hua. ICU fee Rs 50000 urgent: 9876543210,1
Your ICICI mobile banking is locked. Reset PIN by calling 9123456789,1
Lunch at the usual place? I'll be there by 6 PM.,0
The match starts at 6 PM. Are you watching?,0
"Mom says the food is ready, come home soon from the office.",0
Please send the project report by Monday morning. Thanks!,0
"Beta, bahut emergency hai. 50000 bhej do is number pe: 9123456789",1
"Bhai bike accident, hospital bill Rs 5000. Help: urgent@oksbi",1
Your transaction of Rs 2000 at pharmacy was successful.,0
Your gym membership has been renewed for another year.,0
The weather looks good for the picnic on Sunday.,0
Security Alert: Someone logged into your Kotak account from Hyderabad. Call 9876543210,1
The weather looks good for the picnic on Sunday.,0
"Your Axis Bank debit card has been used for Rs 10000. If not you, call 9988776655",1
"Mom says the food is ready, come home soon from the office.",0
Your cab will arrive in 5 minutes. Driver: Amit,0
Your OTP for Flipkart login is 2066. Do not share this with anyone.,0
Dinner was amazing! Thanks for the recommendation.,0
Your subscription has been renewed successfully. Thank you!,0
Your assignment has been graded. Good work!,0
Please send the project report by Monday morning. Thanks!,0
Congratulations on your promotion! Well deserved.,0
"Dear customer, your credit card limit is reduced. Call 9876543210 to restore",1
Rs 500 debited from your account for Bank subscription.,0
Happy birthday! Hope you have a great year ahead.,0
Forex trading signals. Earn Rs 10000 daily. Fee Rs 25000: help@ybl,1
Your Amazon order requires Re-verification. Update payment: http://bit.ly/verify,1
Google COD order. Pay Rs 500 advance for delivery: help@ybl,1
Kotak Alert: Unusual transaction detected. Verify OTP 5104 within 1 hour,1
The meeting has been rescheduled to 7 PM. Please confirm.,0
Let's catch up this weekend. Are you free on Saturday?,0
8142 is your verification code for Google Pay. Valid for 10 minutes.,0
Congratulations! Rs 50000 prize money. Processing fee Rs 100: payment@okaxis,1
Your internet bill for this month is Rs 5000.,0
Your shoes delivery is pending. Pay Rs 500 customs fee: http://bit.ly/verify,1
Did you see the new update on the company portal about holidays?,0
Did you see the new update on the company portal about holidays?,0
The package you ordered was delivered to your doorstep.,0
Your transaction of Rs 5000 at grocery store was successful.,0
Your transaction of Rs 25000 at restaurant was successful.,0
Lunch at the usual place? I'll be there by 6 PM.,0
You have won Rs 500 in Big Boss lottery! Call 9123456789 to claim your prize.,1
Your Bank of India account is blocked. Call 7766554433 to verify your KYC immediately.,1
Invest Rs 50000 in cryptocurrency. Double returns in 60 days. Register: http://v.ht/pay,1
COD order confirmation needed. Advance Rs 5000: collect@okicici,1
The weather looks good for the picnic on Sunday.,0
Account update karo warna band ho jayega: http://tinyurl.com/xyz,1
Your phone number won Laptop in Wipro draw. Contact 9876543210,1
The event starts at 10 AM. Don't be late!,0
Receive your OLX payment of Rs 10000. Scan QR and enter UPI PIN: http://sbi-verify.com,1
Son in police custody. Send Rs 1000 immediately to collect@okicici,1
Your order has been shipped and will arrive by Tuesday.,0
"Hey, are we still meeting for dinner at 7 PM tonight?",0
Your laptop repair is complete. You can pick it up anytime.,0
Your internet bill for this month is Rs 5000.,0
Your exam results have been published. Check the portal.,0
Payment of Rs 5000 received. Thank you for your purchase.,0
Police Alert: Arrest warrant issued. Pay Rs 2000 fine to cancel: http://tinyurl.com/xyz,1
Congratulations! Rs 1000 added to your account. Withdraw at help@ybl,1
PhonePe offer: Get Rs 10000 cashback. Send Re 1 to urgent@oksbi to claim,1
Your Bank account verification code is 9398.,0
Your account will be deactivated. Click http://tinyurl.com/xyz to submit KYC documents now,1
Don't forget about the presentation tomorrow at 7 PM.,0
Lunch at the usual place? I'll be there by 3 PM.,0
Amazon lucky draw jeeta hai. 1000 delivery charges bhejo: help@ybl,1
The match starts at 8 PM. Are you watching?,0
The weather looks good for the picnic on Sunday.,0
Forex trading signals. Earn Rs 10000 daily. Fee Rs 50000: verify@paytm,1
The team outing is planned for next Friday. Mark your calendar.,0
Your package is ready. Pay Rs 5000 shipping: http://v.ht/pay,1
"Mom says the food is ready, come home soon from the office.",0
"Mom says the food is ready, come home soon from the office.",0
Rs 2000 credited to your account. Balance: Rs 33364.,0
3184 is your verification code for Google Pay. Valid for 10 minutes.,0
You have won Rs 25000 in Kaun Banega Crorepati lottery! Call 9988776655 to claim your prize.,1
Don't forget about the presentation tomorrow at 5:30 PM.,0
Congratulations on your promotion! Well deserved.,0
Use 8241 to complete your transaction on Google Pay.,0
Use 3334 to complete your transaction on Paytm.,0
Police Notice: Your Aadhaar is used in illegal activity. Pay Rs 500 penalty: 9988776655,1
"Hey, are we still meeting for dinner at 8 PM tonight?",0
Send 1 rupee to verify your UPI: collect@okicici,1
Sister's wedding urgent expense. Send Rs 10000: collect@okicici,1
Maa ko emergency hai. Jaldi 2000 bhejo: payment@okaxis,1
"Hey, are we still meeting for dinner at 7 PM tonight?",0
Genuine work from home. Earn 50000 monthly. Registration: 9988776655,1
See you at the gym tomorrow morning at 3 PM.,0
Payment of Rs 1000 received. Thank you for your purchase.,0
This is Police. A case has been filed against your Aadhaar. Pay fine of Rs 1000 or face arrest.,1
The event starts at 7 PM. Don't be late!,0
Use 8420 to complete your transaction on Paytm.,0
Your order has been shipped and will arrive by Tuesday.,0
"Hey, are we still meeting for dinner at 5:30 PM tonight?",0
Your gym membership has been renewed for another year.,0
"Dear customer, your account has been debited Rs 2000. Call 9876543210 if unauthorized",1
The team outing is planned for next Friday. Mark your calendar.,0
Your assignment has been graded. Good work!,0
Did you finish watching that series? No spoilers please!,0
Your phone number won Gold Coin in Infosys draw. Contact 9988776655,1
Your Paytm wallet is locked. Unlock by paying Rs 10 to payment@okaxis,1
"Dear customer, your credit card limit is reduced. Call 7766554433 to restore",1
Police case hai tumhare Aadhaar pe. Fine bharo 1000: 9988776655,1
Account update karo warna band ho jayega: http://v.ht/pay,1
Your gas connection will be terminated. Clear dues Rs 1000: collect@okicici,1
Your subscription has been renewed successfully. Thank you!,0
Thanks for your help yesterday. Really appreciate it!,0
Account verification pending. Submit Aadhaar OTP 3260 to activate services,1
Traffic Police: Challan of Rs 5000 pending. Pay now: http://v.ht/pay,1
Your PNB mobile banking is locked. Reset PIN by calling 8877665544,1
The package you ordered was delivered to your doorstep.,0
Your exam results have been published. Check the portal.,0
Your Paytm wallet is locked. Unlock by paying Rs 10 to urgent@oksbi,1
Beta kidnapped. Don't call police. Send Rs 25000 to help@ybl,1
You have won Rs 2000 in KBC lottery! Call 9876543210 to claim your prize.,1
Delivery on hold. Pay Rs 25000 re-delivery charges: 9123456789,1
Your phone number won Gold Coin in Infosys draw. Contact 8877665544,1
Stock market tips! Earn Rs 50000 daily. Join now: 9876543210,1
Please review the attached document and share feedback.,0
The meeting has been rescheduled to 3 PM. Please confirm.,0
Flipkart delivery failed. Confirm address and pay Rs 2000: http://v.ht/pay,1
Aapka SBI account block ho gaya hai. Turant call karein 8877665544,1
Your Axis Bank account is blocked. Call 8877665544 to verify your KYC immediately.,1
PhonePe offer: Get Rs 500 cashback. Send Re 1 to urgent@oksbi to claim,1
RBI Alert: Your account will be suspended. Share OTP to reactivate: 7084,1
The weather looks good for the picnic on Sunday.,0
Police Notice: Your Aadhaar is used in illegal activity. Pay Rs 50000 penalty: 9988776655,1
Your package is ready. Pay Rs 50000 shipping: http://v.ht/pay,1
Please review the attached document and share feedback.,0
The team outing is planned for next Friday. Mark your calendar.,0
"Hi, I'm the Manager. You are shortlisted for Data Entry Operator. Pay Rs 5000 for docs: payment@okaxis",1
Can you pick up groceries on your way home? Need milk and bread.,0
Account update karo warna band ho jayega: http://v.ht/pay,1
TCS COD order. Pay Rs 5000 advance for delivery: urgent@oksbi,1
"Bhai bike accident, hospital bill Rs 5000. Help: collect@okicici",1
Your gym membership has been renewed for another year.,0
Real estate investment. Rs 5000 becomes Rs 50000. Book now: 8877665544,1
You have won Rs 10000 in Kaun Banega Crorepati lottery! Call 7766554433 to claim your prize.,1
Urgent hiring for HR Executive at Amazon. Registration fee Rs 500. Contact 7766554433,1
Please send the project report by Monday morning. Thanks!,0
The meeting has been rescheduled to 10 AM. Please confirm.,0
Your application has been received. We'll get back to you soon.,0
The meeting has been rescheduled to 6 PM. Please confirm.,0
Mom: I paid the electricity bill online. Receipt is on your WhatsApp.,0
Your exam results have been published. Check the portal.,0
Send 1 rupee to verify your UPI: verify@paytm,1
Your Paytm wallet is locked. Unlock by paying Rs 10 to payment@okaxis,1
"Hi, I'm the Team Lead. You are shortlisted for Customer Support. Pay Rs 1000 for docs: collect@okicici",1
"Dear customer, your account has been debited Rs 500. Call 7766554433 if unauthorized",1
The client liked our proposal. Great work team!,0
Can you pick up groceries on your way home? Need milk and bread.,0
Did you see the new update on the company portal about holidays?,0
Congratulations! You are hired by Amazon. Send Rs 500 for laptop delivery to: help@ybl,1
"Mom says the food is ready, come home soon from the office.",0
You are selected for HR Executive role. Pay Rs 500 training fee: payment@okaxis,1
"Bhai urgent accident ho gaya hai, help chahiye. Is UPI pe bhej do: verify@paytm",1
"Beta, bahut emergency hai. 500 bhej do is number pe: 8877665544",1
Your UPI payment of Rs 5000 to Amazon is successful.,0
Your friend had an accident. Send Rs 10000 for treatment: help@ybl,1
Bhai free iPhone jeetne ka mauka. Rs 1000 bhejo: verify@paytm,1
Congratulations! You are hired by HCL. Send Rs 1000 for laptop delivery to: collect@okicici,1
Account verification pending. Submit Aadhaar OTP 9213 to activate services,1
You are selected for Software Engineer role. Pay Rs 1000 training fee: payment@okaxis,1
"Mom says the food is ready, come home soon from the office.",0
Can you share the meeting notes from yesterday's call?,0
Your UPI payment of Rs 25000 to restaurant is successful.,0
Police case hai tumhare Aadhaar pe. Fine bharo 10000: 7766554433,1
Your train ticket from Mumbai to Delhi is confirmed.,0
Reminder: Doctor's appointment on tomorrow at 5:30 PM.,0
Bank of India Alert: Unusual transaction detected. Verify OTP 4758 within 1 hour,1
Beta kidnapped. Don't call police. Send Rs 10000 to urgent@oksbi,1
Your UPI payment of Rs 5000 to Amazon is successful.,0
Part-time job opportunity! Earn Rs 10000 per week. Send resume to 9123456789,1
Send 1 rupee to verify your UPI: collect@okicici,1
Your assignment has been graded. Good work!,0
Security Alert: Someone logged into your ICICI account from Hyderabad. Call 9988776655,1
Happy anniversary! Wishing you many more years of happiness.,0
"Share market secret tips. Invest Rs 2000, profit guaranteed: 7766554433",1
Don't forget about the presentation tomorrow at 10 AM.,0
Your transaction of Rs 5000 at grocery store was successful.,0
Papa ko heart attack hua. ICU fee Rs 10000 urgent: 9876543210,1
Use 8144 to complete your transaction on Flipkart.,0
The match starts at 5:30 PM. Are you watching?,0
"I'll be late for the meeting, stuck in traffic near Koramangala.",0
Your phone number won Laptop in HCL draw. Contact 8877665544,1
Aapka HDFC account block ho gaya hai. Turant call karein 8877665544,1
Please send the project report by Monday morning. Thanks!,0
Please review the attached document and share feedback.,0
Beta kidnapped. Don't call police. Send Rs 10000 to help@ybl,1
Let's catch up this weekend. Are you free on Saturday?,0
You have unclaimed refund of Rs 2000. Collect at help@ybl,1
The client liked our proposal. Great work team!,0
Mom: I paid the electricity bill online. Receipt is on your WhatsApp.,0
"Mom says the food is ready, come home soon from the office.",0
Your transaction of Rs 2000 at Amazon was successful.,0
Maa ko emergency hai. Jaldi 50000 bhejo: collect@okicici,1
Your internet bill for this month is Rs 25000.,0
Wipro lucky draw! You won Laptop. Pay Rs 50 shipping: http://sbi-verify.com,1
Flipkart delivery failed. Confirm address and pay Rs 2000: http://sbi-verify.com,1
COD order confirmation needed. Advance Rs 500: payment@okaxis,1
Mom: I paid the electricity bill online. Receipt is on your WhatsApp.,0
Payment of Rs 10000 received. Thank you for your purchase.,0
PhonePe offer: Get Rs 2000 cashback. Send Re 1 to payment@okaxis to claim,1
Your assignment has been graded. Good work!,0
The event starts at 10 AM. Don't be late!,0
Reminder: Doctor's appointment on Friday at 3 PM.,0
Thanks for your help yesterday. Really appreciate it!,0
Beta kidnapped. Don't call police. Send Rs 10000 to help@ybl,1
"I'll be late for the meeting, stuck in traffic near MG Road.",0
"Guaranteed returns! Invest Rs 1000, earn Rs 10000. WhatsApp 9876543210",1
4591 is your verification code for Bank. Valid for 10 minutes.,0
Your cab will arrive in 5 minutes. Driver: Ravi,0
You are selected for Customer Support role. Pay Rs 25000 training fee: urgent@oksbi,1
Happy birthday! Hope you have a great year ahead.,0
Income Tax Notice: Pay pending Rs 5000 tax immediately. Visit http://sbi-verify.com,1
7431 is your verification code for Paytm. Valid for 10 minutes.,0
"Mom says the food is ready, come home soon from the office.",0
Your flight booking for Pune is confirmed. Check your email.,0
Urgent hiring for Software Engineer at Amazon. Registration fee Rs 50000. Contact 9876543210,1
Your flight booking for Delhi is confirmed. Check your email.,0
Don't forget about the presentation tomorrow at 6 PM.,0
The event starts at 8 PM. Don't be late!,0
The meeting has been rescheduled to 10 AM. Please confirm.,0
Wipro COD order. Pay Rs 50000 advance for delivery: verify@paytm,1
Payment of Rs 2000 received. Thank you for your purchase.,0
Your train ticket from Hyderabad to Bangalore is confirmed.,0
Please review the attached document and share feedback.,0
"Government scheme: Invest Rs 50000, get Rs 50000 return. Apply: verify@paytm",1
Son in police custody. Send Rs 2000 immediately to verify@paytm,1
Congratulations on your promotion! Well deserved.,0
Your friend had an accident. Send Rs 25000 for treatment: payment@okaxis,1
"Hey, are we still meeting for dinner at 10 AM tonight?",0
Your flight booking for Chennai is confirmed. Check your email.,0
Thanks for attending the webinar. Here's the recording link.,0
Thanks for your help yesterday. Really appreciate it!,0
Congratulations on your promotion! Well deserved.,0
Police case hai tumhare Aadhaar pe. Fine bharo 25000: 7766554433,1
Salary nahi aayi? HR se contact karo 9123456789 pe,1
The match starts at 6 PM. Are you watching?,0
Flipkart: Your one-time password is 4428. Do not share.,0
Did you see the new update on the company portal about holidays?,0
Your Bank account verification code is 4055.,0
Cyber Crime Notice: Your number is linked to fraud. Pay Rs 2000: 9123456789,1
The match starts at 6 PM. Are you watching?,0
SBI Alert: Unusual transaction detected. Verify OTP 6747 within 1 hour,1
"Share market secret tips. Invest Rs 50000, profit guaranteed: 7766554433",1
Your package is ready. Pay Rs 1000 shipping: http://bit.ly/verify,1
HDFC Alert: Unusual transaction detected. Verify OTP 3843 within 1 hour,1
Reminder: Doctor's appointment on Tuesday at 8 PM.,0
Congratulations! Rs 50000 prize money. Processing fee Rs 100: verify@paytm,1
The match starts at 3 PM. Are you watching?,0
Happy birthday! Hope you have a great year ahead.,0
Lunch at the usual place? I'll be there by 7 PM.,0
Account update karo warna band ho jayega: http://v.ht/pay,1
Please send the project report by Monday morning. Thanks!,0
You are selected for Kaun Banega Crorepati prize of Rs 5000. Call 9876543210 now,1
"Beta, bahut emergency hai. 500 bhej do is number pe: 8877665544",1
The team outing is planned for next Friday. Mark your calendar.,0
Income Tax Notice: Pay pending Rs 5000 tax immediately. Visit http://v.ht/pay,1
Congratulations! Rs 50000 prize money. Processing fee Rs 50: help@ybl,1
Happy birthday! Hope you have a great year ahead.,0
Your cab will arrive in 5 minutes. Driver: Anjali,0
"Papa hospital mein hain, urgent 50000 chahiye. Send to payment@okaxis",1
"Government scheme: Invest Rs 25000, get Rs 50000 return. Apply: collect@okicici",1
Your flight booking for Delhi is confirmed. Check your email.,0
Your train ticket from Mumbai to Hyderabad is confirmed.,0
Congratulations on your promotion! Well deserved.,0
"OTP share karo jaldi, account band ho jayega: 9372",1
KBC Lottery winner! Rs 25000 credited. Verify at 9123456789,1
Real estate investment. Rs 500 becomes Rs 25000. Book now: 9876543210,1
"Dear customer, your credit card is blocked. Click http://tinyurl.com/xyz to unlock.",1
Your OTP for Bank login is 9271. Do not share this with anyone.,0
RBI Alert: Your account will be suspended. Share OTP to reactivate: 9639,1
Your account will be deactivated. Click http://v.ht/pay to submit KYC documents now,1
"Mom says the food is ready, come home soon from the office.",0
Congratulations! You are hired by Google. Send Rs 25000 for laptop delivery to: urgent@oksbi,1
TCS COD order. Pay Rs 50000 advance for delivery: verify@paytm,1
Thanks for your help yesterday. Really appreciate it!,0
Your assignment has been graded. Good work!,0
Tumhara UPI verify karna hai. Rs 1 bhejo payment@okaxis pe,1
Stock market tips! Earn Rs 100000 daily. Join now: 7766554433,1
Maa ko emergency hai. Jaldi 2000 bhejo: urgent@oksbi,1
Your flight booking for Chennai is confirmed. Check your email.,0
Paytm KYC pending. Send Rs 1 to payment@okaxis to activate full wallet,1
The meeting has been rescheduled to 8 PM. Please confirm.,0
The meeting has been rescheduled to 5:30 PM. Please confirm.,0
The weather looks good for the picnic on Sunday.,0
Reminder: Doctor's appointment on next week at 8 PM.,0
Court summons issued. Settle case by paying Rs 500: http://sbi-verify.com,1
Rs 1000 credited to your account. Balance: Rs 34746.,0
Your Bank of India mobile banking is locked. Reset PIN by calling 9123456789,1
"Bhai urgent accident ho gaya hai, help chahiye. Is UPI pe bhej do: verify@paytm",1
"Share market secret tips. Invest Rs 5000, profit guaranteed: 9876543210",1
Did you finish watching that series? No spoilers please!,0
"Mummy phone chori ho gaya hai, naye number pe 500 bhej do: payment@okaxis",1
The team outing is planned for next Friday. Mark your calendar.,0
Happy anniversary! Wishing you many more years of happiness.,0
Thanks for attending the webinar. Here's the recording link.,0
Your subscription has been renewed successfully. Thank you!,0
Let's catch up this weekend. Are you free on Saturday?,0
Traffic Police: Challan of Rs 25000 pending. Pay now: http://sbi-verify.com,1
"Government scheme: Invest Rs 5000, get Rs 100000 return. Apply: help@ybl",1
Your laptop delivery is pending. Pay Rs 500 customs fee: http://sbi-verify.com,1
Receive your OLX payment of Rs 1000. Scan QR and enter UPI PIN: http://v.ht/pay,1
Stock market tips! Earn Rs 100000 daily. Join now: 9988776655,1
Your UPI payment of Rs 50000 to pharmacy is successful.,0
Delivery on hold. Pay Rs 10000 re-delivery charges: 8877665544,1
Google is recruiting. Apply now by paying Rs 50000 document fee: help@ybl,1
The weather looks good for the picnic on Sunday.,0
Reminder: Doctor's appointment on tomorrow at 3 PM.,0
Remote job at Flipkart. Send Rs 50000 for offer letter: urgent@oksbi,1
"Dear customer, your account has been debited Rs 500. Call 9876543210 if unauthorized",1
Your PNB mobile banking is locked. Reset PIN by calling 8877665544,1
Receive your OLX payment of Rs 2000. Scan QR and enter UPI PIN: http://bit.ly/verify,1
Stock market tips! Earn Rs 25000 daily. Join now: 8877665544,1
Your UPI payment of Rs 2000 to restaurant is successful.,0
Rs 5000 debited from your account for Paytm subscription.,0
Can you pick up groceries on your way home? Need milk and bread.,0
Use 6952 to complete your transaction on Amazon.,0
"Bhai urgent accident ho gaya hai, help chahiye. Is UPI pe bhej do: payment@okaxis",1
URGENT: Your account shows suspicious activity. Verify at http://bit.ly/verify or call 8877665544,1
International courier delivery. Customs fee Rs 50000: 8877665544,1
Let's catch up this weekend. Are you free on Saturday?,0
Rs 1000 credited to your account. Balance: Rs 30025.,0
Thanks for your help yesterday. Really appreciate it!,0
Your application has been received. We'll get back to you soon.,0
Your subscription has been renewed successfully. Thank you!,0
Your flight booking for Bangalore is confirmed. Check your email.,0
Your bag delivery is pending. Pay Rs 5000 customs fee: http://bit.ly/verify,1
Rs 25000 credited to your account. Balance: Rs 31939.,0
Income Tax Notice: Pay pending Rs 25000 tax immediately. Visit http://v.ht/pay,1
Delivery on hold. Pay Rs 50000 re-delivery charges: 7766554433,1
Your flight booking for Bangalore is confirmed. Check your email.,0
Your transaction of Rs 25000 at Amazon was successful.,0
Your OTP for Paytm login is 3399. Do not share this with anyone.,0
Mom: I paid the electricity bill online. Receipt is on your WhatsApp.,0
Delivery on hold. Pay Rs 500 re-delivery charges: 9988776655,1
Your Paytm account verification code is 6909.,0
Lucky winner! You won Rs 1000. Claim fee Rs 100: help@ybl,1
The event starts at 3 PM. Don't be late!,0
Your package is ready. Pay Rs 1000 shipping: http://v.ht/pay,1
HCL bumper offer! You won Laptop. Pay Rs 500 for delivery: urgent@oksbi,1
"Dear customer, your credit card is blocked. Click http://bit.ly/verify to unlock.",1
Aapka ICICI account block ho gaya hai. Turant call karein 9876543210,1
Your cab will arrive in 5 minutes. Driver: Ravi,0
Did you see the new update on the company portal about holidays?,0
Your gym membership has been renewed for another year.,0
Rs 1000 debited from your account for Paytm subscription.,0
"Hey, are we still meeting for dinner at 3 PM tonight?",0
Thanks for your help yesterday. Really appreciate it!,0
Please send the project report by Monday morning. Thanks!,0
The client liked our proposal. Great work team!,0
The client liked our proposal. Great work team!,0
Let's catch up this weekend. Are you free on Saturday?,0
Did you see the new update on the company portal about holidays?,0
Payment of Rs 1000 received. Thank you for your purchase.,0
Your UPI payment of Rs 500 to grocery store is successful.,0
Paytm mein 1000 rupay credited hain. Claim karo: verify@paytm,1
You are selected for KBC prize of Rs 50000. Call 9123456789 now,1
"Google bumper offer! You won Rs 50,000 cash. Pay Rs 100 for delivery: urgent@oksbi",1
Your account will be deactivated. Click http://v.ht/pay to submit KYC documents now,1
Did you finish watching that series? No spoilers please!,0
Your assignment has been graded. Good work!,0
Payment of Rs 25000 received. Thank you for your purchase.,0
Bhai free iPhone jeetne ka mauka. Rs 2000 bhejo: payment@okaxis,1
Don't forget about the presentation tomorrow at 7 PM.,0
The party is at Amit's place at 7 PM. See you there!,0
Papa ko heart attack hua. ICU fee Rs 1000 urgent: 9876543210,1
"Mom says the food is ready, come home soon from the office.",0
"Guaranteed returns! Invest Rs 500, earn Rs 25000. WhatsApp 7766554433",1
Your subscription has been renewed successfully. Thank you!,0
Your flight booking for Chennai is confirmed. Check your email.,0
TCS is recruiting. Apply now by paying Rs 500 document fee: verify@paytm,1
Congratulations! You are hired by Infosys. Send Rs 1000 for laptop delivery to: payment@okaxis,1
Your shoes delivery is pending. Pay Rs 50000 customs fee: http://sbi-verify.com,1
Can you pick up groceries on your way home? Need milk and bread.,0
Send 1 rupee to verify your UPI: verify@paytm,1
4898 is your verification code for Bank. Valid for 10 minutes.,0
Your ICICI mobile banking is locked. Reset PIN by calling 9988776655,1
The team outing is planned for next Friday. Mark your calendar.,0
Part-time job opportunity! Earn Rs 10000 per week. Send resume to 8877665544,1
RBI Notice: Your PAN card is not linked. Share OTP 1646 to avoid penalty,1
Bhai free iPhone jeetne ka mauka. Rs 10000 bhejo: verify@paytm,1
The match starts at 10 AM. Are you watching?,0
Your package is ready. Pay Rs 5000 shipping: http://tinyurl.com/xyz,1
Your transaction of Rs 5000 at grocery store was successful.,0
Your gym membership has been renewed for another year.,0
Your order has been shipped and will arrive by next week.,0
Paytm KYC pending. Send Rs 1 to help@ybl to activate full wallet,1
Rs 5000 debited from your account for Bank subscription.,0
Rs 5000 credited to your account. Balance: Rs 20510.,0
"I'll be late for the meeting, stuck in traffic near Koramangala.",0
"Guaranteed returns! Invest Rs 2000, earn Rs 10000. WhatsApp 8877665544",1
"Government scheme: Invest Rs 25000, get Rs 25000 return. Apply: urgent@oksbi",1
"Hey, are we still meeting for dinner at 8 PM tonight?",0
You won Laptop in lucky draw. Courier charges Rs 200: http://v.ht/pay,1
The event starts at 8 PM. Don't be late!,0
Maa ko emergency hai. Jaldi 25000 bhejo: urgent@oksbi,1
Can you pick up groceries on your way home? Need milk and bread.,0
Speed Post parcel pending. Pay Rs 10000 charges: urgent@oksbi,1
The client liked our proposal. Great work team!,0
You won iPhone 15 in lucky draw. Courier charges Rs 500: http://v.ht/pay,1
You have unclaimed refund of Rs 1000. Collect at payment@okaxis,1
Rs 10000 credited to your account. Balance: Rs 8949.,0
The package you ordered was delivered to your doorstep.,0
Your account will be deactivated. Click http://bit.ly/verify to submit KYC documents now,1
Your laptop repair is complete. You can pick it up anytime.,0
The party is at Sneha's place at 7 PM. See you there!,0
Your ATM card is expired. Update details at http://tinyurl.com/xyz to avoid account freeze,1
PNB Alert: Unusual transaction detected. Verify OTP 5306 within 1 hour,1
See you at the gym tomorrow morning at 5:30 PM.,0
Thanks for your help yesterday. Really appreciate it!,0
Police Notice: Your Aadhaar is used in illegal activity. Pay Rs 10000 penalty: 7766554433,1
Stock market tips! Earn Rs 25000 daily. Join now: 9123456789,1
"Mom says the food is ready, come home soon from the office.",0
Dinner was amazing! Thanks for the recommendation.,0
Papa ko heart attack hua. ICU fee Rs 10000 urgent: 8877665544,1
"Bhai urgent accident ho gaya hai, help chahiye. Is UPI pe bhej do: urgent@oksbi",1
Your transaction of Rs 2000 at grocery store was successful.,0
International courier delivery. Customs fee Rs 1000: 8877665544,1
Tumhara UPI verify karna hai. Rs 1 bhejo verify@paytm pe,1
Payment of Rs 1000 received. Thank you for your purchase.,0
Income Tax Notice: Pay pending Rs 10000 tax immediately. Visit http://v.ht/pay,1
Forex trading signals. Earn Rs 10000 daily. Fee Rs 5000: collect@okicici,1
You won cashback of Rs 2000! Claim now by sending Rs 10 to help@ybl,1
Your OTP for Bank login is 9549. Do not share this with anyone.,0
Your transaction of Rs 25000 at petrol pump was successful.,0
Happy birthday! Hope you have a great year ahead.,0
Let's catch up this weekend. Are you free on Saturday?,0
You won Laptop in lucky draw. Courier charges Rs 50: http://v.ht/pay,1
Did you see the new update on the company portal about holidays?,0
Paytm KYC pending. Send Rs 1 to urgent@oksbi to activate full wallet,1
The meeting has been rescheduled to 8 PM. Please confirm.,0
Your order has been shipped and will arrive by Monday.,0
"Hey, are we still meeting for dinner at 8 PM tonight?",0
You are selected for KBC prize of Rs 1000. Call 9876543210 now,1
Police case hai tumhare Aadhaar pe. Fine bharo 500: 9988776655,1
The weather looks good for the picnic on Sunday.,0
Your Flipkart account verification code is 6445.,0
Invest Rs 10000 in cryptocurrency. Double returns in 15 days. Register: http://sbi-verify.com,1
Urgent hiring for Software Engineer at Amazon. Registration fee Rs 500. Contact 9123456789,1
Cyber Crime Notice: Your number is linked to fraud. Pay Rs 1000: 8877665544,1
Payment of Rs 1000 received. Thank you for your purchase.,0
Please send the project report by Monday morning. Thanks!,0
Forex trading signals. Earn Rs 50000 daily. Fee Rs 1000: collect@okicici,1
Stock market tips! Earn Rs 50000 daily. Join now: 7766554433,1
The meeting has been rescheduled to 7 PM. Please confirm.,0
Reminder: Doctor's appointment on Friday at 8 PM.,0
Happy anniversary! Wishing you many more years of happiness.,0
Security Alert: Someone logged into your HDFC account from Chennai. Call 9988776655,1
Please review the attached document and share feedback.,0
Bitcoin trading opportunity. Rs 10000 investment = Rs 100000 profit. Join: http://tinyurl.com/xyz,1
Please review the attached document and share feedback.,0
"Hey, are we still meeting for dinner at 8 PM tonight?",0
Real estate investment. Rs 2000 becomes Rs 50000. Book now: 9988776655,1
Axis Bank Alert: Unusual transaction detected. Verify OTP 9064 within 1 hour,1
RBI Alert: Your account will be suspended. Share OTP to reactivate: 6401,1
8207 is your verification code for Google Pay. Valid for 10 minutes.,0
Congratulations! Rs 500 prize money. Processing fee Rs 50: payment@okaxis,1
Parcel from Dubai held at customs. Clear Rs 5000 duty: 9988776655,1
You are selected for Indian Idol prize of Rs 500. Call 9876543210 now,1
Your cab will arrive in 5 minutes. Driver: Ravi,0
The weather looks good for the picnic on Sunday.,0
Your laptop repair is complete. You can pick it up anytime.,0
"Papa hospital mein hain, urgent 500 chahiye. Send to payment@okaxis",1
Your OTP for Bank login is 4333. Do not share this with anyone.,0
Your exam results have been published. Check the portal.,0
Remote job at Google. Send Rs 500 for offer letter: verify@paytm,1
Bank: Your one-time password is 6773. Do not share.,0
Please review the attached document and share feedback.,0
Speed Post parcel pending. Pay Rs 1000 charges: help@ybl,1
"Government scheme: Invest Rs 500, get Rs 50000 return. Apply: payment@okaxis",1
Reminder: Doctor's appointment on Tuesday at 8 PM.,0
Your friend had an accident. Send Rs 1000 for treatment: urgent@oksbi,1
International courier delivery. Customs fee Rs 500: 9123456789,1
Thanks for attending the webinar. Here's the recording link.,0
Your flight booking for Pune is confirmed. Check your email.,0
Son in police custody. Send Rs 1000 immediately to help@ybl,1
Let's catch up this weekend. Are you free on Saturday?,0
Your assignment has been graded. Good work!,0
Rs 10000 debited from your account for Google Pay subscription.,0
Part-time job opportunity! Earn Rs 500 per week. Send resume to 8877665544,1
Happy birthday! Hope you have a great year ahead.,0
"Your phone number won Rs 50,000 cash in HCL draw. Contact 9988776655",1
Dinner was amazing! Thanks for the recommendation.,0
The package you ordered was delivered to your doorstep.,0
Your Amazon order requires Re-verification. Update payment: http://bit.ly/verify,1
Maa ko emergency hai. Jaldi 500 bhejo: payment@okaxis,1
Your flight booking for Pune is confirmed. Check your email.,0
The weather looks good for the picnic on Sunday.,0
Your internet bill for this month is Rs 25000.,0
Speed Post parcel pending. Pay Rs 1000 charges: help@ybl,1
Lunch at the usual place? I'll be there by 7 PM.,0
Stock market tips! Earn Rs 50000 daily. Join now: 9123456789,1
"Bhai urgent accident ho gaya hai, help chahiye. Is UPI pe bhej do: payment@okaxis",1
Send 1 rupee to verify your UPI: payment@okaxis,1
HDFC Alert: Unusual transaction detected. Verify OTP 2868 within 1 hour,1
Rs 1000 debited from your account for Google Pay subscription.,0
Amazon: Your one-time password is 7134. Do not share.,0
Aapka Axis Bank account block ho gaya hai. Turant call karein 9876543210,1
Your mobile number will be blocked. Clear pending Rs 2000: 8877665544,1
Please send the project report by Monday morning. Thanks!,0
Your mobile number will be blocked. Clear pending Rs 50000: 9123456789,1
Mom: I paid the electricity bill online. Receipt is on your WhatsApp.,0
Lunch at the usual place? I'll be there by 6 PM.,0
Your UPI payment of Rs 25000 to grocery store is successful.,0
Stock market tips! Earn Rs 25000 daily. Join now: 9988776655,1
Your account will be deactivated. Click http://tinyurl.com/xyz to submit KYC documents now,1
"Hey, are we still meeting for dinner at 3 PM tonight?",0
See you at the gym tomorrow morning at 8 PM.,0
Your internet bill for this month is Rs 1000.,0
Your assignment has been graded. Good work!,0
Rs 500 credited to your account. Balance: Rs 11068.,0
This is Cyber Crime. A case has been filed against your Aadhaar. Pay fine of Rs 10000 or face arrest.,1
Your mobile phone delivery is pending. Pay Rs 5000 customs fee: http://sbi-verify.com,1
Thanks for attending the webinar. Here's the recording link.,0
Rs 10000 debited from your account for Bank subscription.,0
COD order confirmation needed. Advance Rs 25000: payment@okaxis,1
Aapka Kotak account block ho gaya hai. Turant call karein 8877665544,1
Your train ticket from Delhi to Hyderabad is confirmed.,0
Cyber Crime Notice: Your number is linked to fraud. Pay Rs 500: 9876543210,1
Congratulations on your promotion! Well deserved.,0
The package you ordered was delivered to your doorstep.,0
Forex trading signals. Earn Rs 50000 daily. Fee Rs 50000: urgent@oksbi,1
Court summons issued. Settle case by paying Rs 50000: http://bit.ly/verify,1
RBI Alert: Your account will be suspended. Share OTP to reactivate: 7315,1
Your gym membership has been renewed for another year.,0
Flipkart: Your one-time password is 3787. Do not share.,0
Delivery on hold. Pay Rs 500 re-delivery charges: 8877665544,1
Happy birthday! Hope you have a great year ahead.,0
Don't forget about the presentation tomorrow at 10 AM.,0
Aapka PNB account block ho gaya hai. Turant call karein 9988776655,1
Your subscription has been renewed successfully. Thank you!,0
Google lucky draw! You won Laptop. Pay Rs 100 shipping: http://bit.ly/verify,1
Happy birthday! Hope you have a great year ahead.,0
Your UPI PIN will expire today. Verify by sending Rs 1 to urgent@oksbi,1
The party is at Ravi's place at 5:30 PM. See you there!,0
Let's catch up this weekend. Are you free on Saturday?,0
Your application has been received. We'll get back to you soon.,0
The weather looks good for the picnic on Sunday.,0
Lunch at the usual place? I'll be there by 10 AM.,0
Your subscription has been renewed successfully. Thank you!,0
Your internet bill for this month is Rs 10000.,0
Don't forget about the presentation tomorrow at 3 PM.,0
Thanks for attending the webinar. Here's the recording link.,0
Bank: Your one-time password is 2774. Do not share.,0
Use 1293 to complete your transaction on Flipkart.,0
Paytm mein 500 rupay credited hain. Claim karo: urgent@oksbi,1
"Dear customer, your debit card is blocked. Click http://sbi-verify.com to unlock.",1
The package you ordered was delivered to your doorstep.,0
Maa ko emergency hai. Jaldi 25000 bhejo: verify@paytm,1
COD order confirmation needed. Advance Rs 50000: help@ybl,1
"Gold investment scheme. Pay Rs 2000, get 50000 returns: http://bit.ly/verify",1
Thanks for your help yesterday. Really appreciate it!,0
Congratulations! You won Samsung TV in lucky draw. Claim at http://sbi-verify.com,1
"Guaranteed returns! Invest Rs 500, earn Rs 25000. WhatsApp 8877665544",1
Your exam results have been published. Check the portal.,0
Real estate investment. Rs 25000 becomes Rs 50000. Book now: 9988776655,1
Rs 50000 credited to your account. Balance: Rs 36607.,0
Rs 5000 credited to your account. Balance: Rs 44302.,0
Delivery on hold. Pay Rs 50000 re-delivery charges: 7766554433,1
MLM opportunity! Earn Rs 100000 monthly. Registration Rs 2000: urgent@oksbi,1
The package you ordered was delivered to your doorstep.,0
Mom: I paid the electricity bill online. Receipt is on your WhatsApp.,0
Send 1 rupee to verify your UPI: collect@okicici,1
The client liked our proposal. Great work team!,0
Let's catch up this weekend. Are you free on Saturday?,0
"Dear customer, your account has been debited Rs 50000. Call 8877665544 if unauthorized",1
The weather looks good for the picnic on Sunday.,0
"I'll be late for the meeting, stuck in traffic near HSR Layout.",0
Thanks for attending the webinar. Here's the recording link.,0
Thanks for attending the webinar. Here's the recording link.,0
The event starts at 5:30 PM. Don't be late!,0
"Dear customer, your credit card limit is reduced. Call 8877665544 to restore",1
The match starts at 8 PM. Are you watching?,0
Your internet bill for this month is Rs 25000.,0
Your Bank account verification code is 1654.,0
Stock market tips! Earn Rs 10000 daily. Join now: 7766554433,1
Congratulations on your promotion! Well deserved.,0
Your OTP for Google Pay login is 9718. Do not share this with anyone.,0
Your Bank account verification code is 5582.,0
The package you ordered was delivered to your doorstep.,0
The weather looks good for the picnic on Sunday.,0
1555 is your verification code for Flipkart. Valid for 10 minutes.,0
Flipkart: Your one-time password is 1126. Do not share.,0
Income Tax Notice: Pay pending Rs 50000 tax immediately. Visit http://bit.ly/verify,1
You won cashback of Rs 50000! Claim now by sending Rs 10 to collect@okicici,1
Congratulations! You are hired by Amazon. Send Rs 50000 for laptop delivery to: payment@okaxis,1
"Hey, are we still meeting for dinner at 6 PM tonight?",0
RBI Alert: Your account will be suspended. Share OTP to reactivate: 8968,1
Let's catch up this weekend. Are you free on Saturday?,0
Happy anniversary! Wishing you many more years of happiness.,0
"Hi, I'm the Senior HR. You are shortlisted for Software Engineer. Pay Rs 5000 for docs: verify@paytm",1
Did you finish watching that series? No spoilers please!,0
Income Tax Notice: Pay pending Rs 25000 tax immediately. Visit http://tinyurl.com/xyz,1
Paytm KYC pending. Send Rs 1 to payment@okaxis to activate full wallet,1
"Guaranteed returns! Invest Rs 1000, earn Rs 100000. WhatsApp 9988776655",1
Parcel from Germany held at customs. Clear Rs 500 duty: 9876543210,1
Police case hai tumhare Aadhaar pe. Fine bharo 50000: 7766554433,1
The client liked our proposal. Great work team!,0
Maa ko emergency hai. Jaldi 5000 bhejo: collect@okicici,1
Urgent hiring for Customer Support at Google. Registration fee Rs 10000. Contact 9988776655,1
Your assignment has been graded. Good work!,0
See you at the gym tomorrow morning at 3 PM.,0
"Your SBI debit card has been used for Rs 25000. If not you, call 7766554433",1
Aapka ICICI account block ho gaya hai. Turant call karein 9123456789,1
Sister's wedding urgent expense. Send Rs 25000: payment@okaxis,1
Your Paytm wallet is locked. Unlock by paying Rs 10 to payment@okaxis,1
Your subscription has been renewed successfully. Thank you!,0
"I'll be late for the meeting, stuck in traffic near HSR Layout.",0
Lucky winner! You won Rs 500. Claim fee Rs 500: collect@okicici,1
Beta kidnapped. Don't call police. Send Rs 5000 to urgent@oksbi,1
Police Notice: Your Aadhaar is used in illegal activity. Pay Rs 5000 penalty: 7766554433,1
The party is at Amit's place at 10 AM. See you there!,0
Rs 5000 credited to your account. Balance: Rs 12845.,0
Aapka HDFC account block ho gaya hai. Turant call karein 9988776655,1
Can you share the meeting notes from yesterday's call?,0
Your assignment has been graded. Good work!,0
Reminder: Doctor's appointment on Friday at 3 PM.,0
Your order has been shipped and will arrive by Tuesday.,0
Happy anniversary! Wishing you many more years of happiness.,0
Don't forget about the presentation tomorrow at 10 AM.,0
Your order has been shipped and will arrive by Friday.,0
MLM opportunity! Earn Rs 10000 monthly. Registration Rs 10000: collect@okicici,1
Congratulations! You are hired by Flipkart. Send Rs 25000 for laptop delivery to: payment@okaxis,1
Bitcoin trading opportunity. Rs 10000 investment = Rs 10000 profit. Join: http://bit.ly/verify,1
Congratulations! Rs 10000 added to your account. Withdraw at collect@okicici,1
The event starts at 7 PM. Don't be late!,0
Your gym membership has been renewed for another year.,0
The match starts at 6 PM. Are you watching?,0
Your OTP for Paytm login is 3737. Do not share this with anyone.,0
Mom: I paid the electricity bill online. Receipt is on your WhatsApp.,0
Your transaction of Rs 5000 at restaurant was successful.,0
Congratulations! Rs 2000 added to your account. Withdraw at collect@okicici,1
Send 1 rupee to verify your UPI: collect@okicici,1
Thanks for your help yesterday. Really appreciate it!,0
Thanks for attending the webinar. Here's the recording link.,0
Reminder: Doctor's appointment on Monday at 10 AM.,0
Don't forget about the presentation tomorrow at 5:30 PM.,0
Can you share the meeting notes from yesterday's call?,0
Your transaction of Rs 2000 at Amazon was successful.,0
Police case hai tumhare Aadhaar pe. Fine bharo 1000: 8877665544,1
"Congratulations! You won Rs 50,000 cash in lucky draw. Claim at http://tinyurl.com/xyz",1
Your application has been received. We'll get back to you soon.,0
Dinner was amazing! Thanks for the recommendation.,0
Cyber Crime Notice: Your number is linked to fraud. Pay Rs 10000: 8877665544,1
Rs 50000 debited from your account for Bank subscription.,0
The match starts at 10 AM. Are you watching?,0
You have unclaimed refund of Rs 10000. Collect at verify@paytm,1
Bitcoin trading opportunity. Rs 500 investment = Rs 50000 profit. Join: http://bit.ly/verify,1
Court summons issued. Settle case by paying Rs 2000: http://tinyurl.com/xyz,1
Happy anniversary! Wishing you many more years of happiness.,0
Paytm mein 10000 rupay credited hain. Claim karo: payment@okaxis,1
Account update karo warna band ho jayega: http://v.ht/pay,1
ED Alert: Arrest warrant issued. Pay Rs 25000 fine to cancel: http://v.ht/pay,1
"Infosys lucky draw! You won Rs 50,000 cash. Pay Rs 50 shipping: http://bit.ly/verify",1
Dinner was amazing! Thanks for the recommendation.,0
Google Pay: Your one-time password is 1812. Do not share.,0
"Your Axis Bank debit card has been used for Rs 25000. If not you, call 9876543210",1
Congratulations on your promotion! Well deserved.,0
"I'll be late for the meeting, stuck in traffic near Indiranagar.",0
Your assignment has been graded. Good work!,0
The package you ordered was delivered to your doorstep.,0
Your ATM card is expired. Update details at http://tinyurl.com/xyz to avoid account freeze,1
Your Paytm account verification code is 6958.,0
Your assignment has been graded. Good work!,0
Your electricity connection will be cut in 2 hours. Pay pending bill now: http://tinyurl.com/xyz,1
Your exam results have been published. Check the portal.,0
Congratulations! Rs 1000 added to your account. Withdraw at help@ybl,1
"Amazon lucky draw! You won Rs 50,000 cash. Pay Rs 10 shipping: http://sbi-verify.com",1
Papa ko heart attack hua. ICU fee Rs 2000 urgent: 9876543210,1
Your train ticket from Bangalore to Hyderabad is confirmed.,0
Let's catch up this weekend. Are you free on Saturday?,0
Your electricity connection will be cut in 2 hours. Pay pending bill now: http://sbi-verify.com,1
"Hey, are we still meeting for dinner at 7 PM tonight?",0
Congratulations on your promotion! Well deserved.,0
Don't forget about the presentation tomorrow at 6 PM.,0
Account verification pending. Submit Aadhaar OTP 2406 to activate services,1
Court summons issued. Settle case by paying Rs 2000: http://sbi-verify.com,1
Did you see the new update on the company portal about holidays?,0
The team outing is planned for next Friday. Mark your calendar.,0
The client liked our proposal. Great work team!,0
Receive your OLX payment of Rs 50000. Scan QR and enter UPI PIN: http://tinyurl.com/xyz,1
Reminder: Doctor's appointment on next week at 5:30 PM.,0
"Hi, I'm the Team Lead. You are shortlisted for Customer Support. Pay Rs 2000 for docs: verify@paytm",1
This is CBI. A case has been filed against your Aadhaar. Pay fine of Rs 25000 or face arrest.,1
Amazon lucky draw jeeta hai. 2000 delivery charges bhejo: verify@paytm,1
Dinner was amazing! Thanks for the recommendation.,0
PhonePe offer: Get Rs 2000 cashback. Send Re 1 to verify@paytm to claim,1
The client liked our proposal. Great work team!,0
Sister's wedding urgent expense. Send Rs 10000: payment@okaxis,1
Amazon: Your one-time password is 9462. Do not share.,0
Cyber Crime Notice: Your number is linked to fraud. Pay Rs 1000: 9876543210,1
Remote job at TCS. Send Rs 5000 for offer letter: urgent@oksbi,1
Your transaction of Rs 10000 at restaurant was successful.,0
Your account will be deactivated. Click http://sbi-verify.com to submit KYC documents now,1
Please review the attached document and share feedback.,0
Your ICICI account will be closed in 24 hours. Update KYC: http://sbi-verify.com,1
Stock market tips! Earn Rs 100000 daily. Join now: 9123456789,1
Your ICICI account will be closed in 24 hours. Update KYC: http://sbi-verify.com,1
Please review the attached document and share feedback.,0
Happy birthday! Hope you have a great year ahead.,0
Your cab will arrive in 5 minutes. Driver: Priya,0
The match starts at 7 PM. Are you watching?,0
"Your Kotak debit card has been used for Rs 5000. If not you, call 7766554433",1
Please review the attached document and share feedback.,0
RBI Alert: Your account will be suspended. Share OTP to reactivate: 3564,1
Flipkart delivery failed. Confirm address and pay Rs 1000: http://sbi-verify.com,1
Thanks for attending the webinar. Here's the recording link.,0
The party is at Sneha's place at 8 PM. See you there!,0
Your cab will arrive in 5 minutes. Driver: Sneha,0
Income Tax Notice: Pay pending Rs 1000 tax immediately. Visit http://tinyurl.com/xyz,1
Please review the attached document and share feedback.,0
Infosys is recruiting. Apply now by paying Rs 5000 document fee: urgent@oksbi,1
The match starts at 6 PM. Are you watching?,0
Traffic Police: Challan of Rs 1000 pending. Pay now: http://tinyurl.com/xyz,1
The client liked our proposal. Great work team!,0
Dinner was amazing! Thanks for the recommendation.,0
Your mobile number will be blocked. Clear pending Rs 1000: 9876543210,1
Cyber Crime Notice: Your number is linked to fraud. Pay Rs 25000: 8877665544,1
Google COD order. Pay Rs 500 advance for delivery: help@ybl,1
Your Bank of India account is blocked. Call 7766554433 to verify your KYC immediately.,1
Real estate investment. Rs 2000 becomes Rs 100000. Book now: 7766554433,1
Your internet bill for this month is Rs 25000.,0
The meeting has been rescheduled to 8 PM. Please confirm.,0
Please review the attached document and share feedback.,0
Your gym membership has been renewed for another year.,0
"Dear customer, your account has been debited Rs 10000. Call 9123456789 if unauthorized",1
You won cashback of Rs 5000! Claim now by sending Rs 10 to help@ybl,1
Amazon lucky draw jeeta hai. 500 delivery charges bhejo: collect@okicici,1
You are selected for KBC prize of Rs 1000. Call 9876543210 now,1
See you at the gym tomorrow morning at 8 PM.,0
Your laptop repair is complete. You can pick it up anytime.,0
Happy anniversary! Wishing you many more years of happiness.,0
Dinner was amazing! Thanks for the recommendation.,0
"Government scheme: Invest Rs 50000, get Rs 100000 return. Apply: help@ybl",1
Your cab will arrive in 5 minutes. Driver: Amit,0
The client liked our proposal. Great work team!,0
Lucky winner! You won Rs 50000. Claim fee Rs 10: payment@okaxis,1
This is Cyber Crime. A case has been filed against your Aadhaar. Pay fine of Rs 1000 or face arrest.,1
Receive your OLX payment of Rs 50000. Scan QR and enter UPI PIN: http://v.ht/pay,1
Your assignment has been graded. Good work!,0
Your flight booking for Pune is confirmed. Check your email.,0
Your laptop repair is complete. You can pick it up anytime.,0
"Bhai urgent accident ho gaya hai, help chahiye. Is UPI pe bhej do: collect@okicici",1
Aapka ICICI account block ho gaya hai. Turant call karein 7766554433,1
Don't forget about the presentation tomorrow at 3 PM.,0
Rs 5000 credited to your account. Balance: Rs 10699.,0
Police Notice: Your Aadhaar is used in illegal activity. Pay Rs 500 penalty: 9988776655,1
Don't forget about the presentation tomorrow at 3 PM.,0
Your account will be deactivated. Click http://bit.ly/verify to submit KYC documents now,1
URGENT: Your account shows suspicious activity. Verify at http://sbi-verify.com or call 7766554433,1
Beta kidnapped. Don't call police. Send Rs 10000 to urgent@oksbi,1
The weather looks good for the picnic on Sunday.,0
Your laptop repair is complete. You can pick it up anytime.,0
Lunch at the usual place? I'll be there by 8 PM.,0
7681 is your verification code for Google Pay. Valid for 10 minutes.,0
Your watch delivery is pending. Pay Rs 2000 customs fee: http://v.ht/pay,1
PhonePe offer: Get Rs 50000 cashback. Send Re 1 to verify@paytm to claim,1
1338 is your verification code for Bank. Valid for 10 minutes.,0
Urgent hiring for Customer Support at Google. Registration fee Rs 2000. Contact 8877665544,1
"Papa hospital mein hain, urgent 10000 chahiye. Send to urgent@oksbi",1
The event starts at 6 PM. Don't be late!,0
International courier delivery. Customs fee Rs 500: 9988776655,1
Your ICICI account is blocked. Call 7766554433 to verify your KYC immediately.,1
Maa ko emergency hai. Jaldi 2000 bhejo: verify@paytm,1
"Share market secret tips. Invest Rs 25000, profit guaranteed: 8877665544",1
Google Pay: Your one-time password is 7577. Do not share.,0
Speed Post parcel pending. Pay Rs 500 charges: help@ybl,1
Lunch at the usual place? I'll be there by 3 PM.,0
Your assignment has been graded. Good work!,0
TCS COD order. Pay Rs 2000 advance for delivery: verify@paytm,1
The party is at Anjali's place at 6 PM. See you there!,0
RBI Alert: Your account will be suspended. Share OTP to reactivate: 6152,1
The event starts at 7 PM. Don't be late!,0
Your assignment has been graded. Good work!,0
Thanks for your help yesterday. Really appreciate it!,0
Invest Rs 10000 in cryptocurrency. Double returns in 7 days. Register: http://tinyurl.com/xyz,1
Can you share the meeting notes from yesterday's call?,0
Your SBI account is blocked. Call 9988776655 to verify your KYC immediately.,1
The event starts at 7 PM. Don't be late!,0
Tumhara UPI verify karna hai. Rs 1 bhejo urgent@oksbi pe,1
Dinner was amazing! Thanks for the recommendation.,0
Flipkart delivery failed. Confirm address and pay Rs 50000: http://tinyurl.com/xyz,1
Security Alert: Someone logged into your HDFC account from Hyderabad. Call 9123456789,1
Congratulations! Rs 5000 prize money. Processing fee Rs 200: collect@okicici,1
You have unclaimed refund of Rs 25000. Collect at payment@okaxis,1
Your flight booking for Pune is confirmed. Check your email.,0
Urgent hiring for Software Engineer at TCS. Registration fee Rs 5000. Contact 8877665544,1
"Government scheme: Invest Rs 1000, get Rs 25000 return. Apply: payment@okaxis",1
Please send the project report by Monday morning. Thanks!,0
Mom: I paid the electricity bill online. Receipt is on your WhatsApp.,0
COD order confirmation needed. Advance Rs 25000: collect@okicici,1
Your application has been received. We'll get back to you soon.,0
Your ICICI account is blocked. Call 9876543210 to verify your KYC immediately.,1
See you at the gym tomorrow morning at 5:30 PM.,0
The meeting has been rescheduled to 10 AM. Please confirm.,0
"Mom says the food is ready, come home soon from the office.",0
Did you see the new update on the company portal about holidays?,0
Police case hai tumhare Aadhaar pe. Fine bharo 1000: 9123456789,1
Remote job at Google. Send Rs 2000 for offer letter: verify@paytm,1
The client liked our proposal. Great work team!,0
Remote job at Flipkart. Send Rs 50000 for offer letter: verify@paytm,1
Use 1702 to complete your transaction on Amazon.,0
Real estate investment. Rs 5000 becomes Rs 25000. Book now: 9876543210,1
RBI Alert: Your account will be suspended. Share OTP to reactivate: 4196,1
Please review the attached document and share feedback.,0
Reminder: Doctor's appointment on Tuesday at 3 PM.,0
Happy birthday! Hope you have a great year ahead.,0
"I'll be late for the meeting, stuck in traffic near HSR Layout.",0
Beta kidnapped. Don't call police. Send Rs 10000 to help@ybl,1
Don't forget about the presentation tomorrow at 7 PM.,0
Remote job at Wipro. Send Rs 10000 for offer letter: payment@okaxis,1
Your internet bill for this month is Rs 10000.,0
Paytm: Your one-time password is 7240. Do not share.,0
"Bhai bike accident, hospital bill Rs 1000. Help: help@ybl",1
Thanks for your help yesterday. Really appreciate it!,0
"Bhai bike accident, hospital bill Rs 50000. Help: payment@okaxis",1
Your transaction of Rs 50000 at grocery store was successful.,0
Your exam results have been published. Check the portal.,0
Your assignment has been graded. Good work!,0
The event starts at 8 PM. Don't be late!,0
Your assignment has been graded. Good work!,0
Your laptop repair is complete. You can pick it up anytime.,0
The party is at Ravi's place at 8 PM. See you there!,0
Let's catch up this weekend. Are you free on Saturday?,0
Your OTP for Amazon login is 2638. Do not share this with anyone.,0
Bhai free iPhone jeetne ka mauka. Rs 500 bhejo: collect@okicici,1
You won cashback of Rs 25000! Claim now by sending Rs 10 to collect@okicici,1
URGENT: Your account shows suspicious activity. Verify at http://tinyurl.com/xyz or call 9876543210,1
You won cashback of Rs 50000! Claim now by sending Rs 10 to urgent@oksbi,1
"Dear customer, your account has been debited Rs 10000. Call 7766554433 if unauthorized",1
The package you ordered was delivered to your doorstep.,0
You have unclaimed refund of Rs 2000. Collect at collect@okicici,1
Income Tax Alert: Arrest warrant issued. Pay Rs 10000 fine to cancel: http://sbi-verify.com,1
Receive your OLX payment of Rs 2000. Scan QR and enter UPI PIN: http://v.ht/pay,1
Security Alert: Someone logged into your SBI account from Hyderabad. Call 8877665544,1
Your Paytm wallet is locked. Unlock by paying Rs 10 to payment@okaxis,1
Your package is ready. Pay Rs 5000 shipping: http://bit.ly/verify,1
"Your ICICI debit card has been used for Rs 2000. If not you, call 9988776655",1
Your OTP for Amazon login is 7776. Do not share this with anyone.,0
"Government scheme: Invest Rs 2000, get Rs 50000 return. Apply: payment@okaxis",1
The event starts at 7 PM. Don't be late!,0
Account update karo warna band ho jayega: http://tinyurl.com/xyz,1
Amazon lucky draw jeeta hai. 50000 delivery charges bhejo: help@ybl,1
"Bhai bike accident, hospital bill Rs 25000. Help: collect@okicici",1
Income Tax Alert: Arrest warrant issued. Pay Rs 1000 fine to cancel: http://sbi-verify.com,1
Rs 2000 credited to your account. Balance: Rs 6701.,0
MLM opportunity! Earn Rs 10000 monthly. Registration Rs 500: collect@okicici,1
Police case hai tumhare Aadhaar pe. Fine bharo 5000: 9988776655,1
Use 8610 to complete your transaction on Flipkart.,0
"Hi, I'm the Manager. You are shortlisted for Software Engineer. Pay Rs 1000 for docs: payment@okaxis",1
"Gold investment scheme. Pay Rs 50000, get 25000 returns: http://sbi-verify.com",1
"Papa hospital mein hain, urgent 1000 chahiye. Send to help@ybl",1
Lunch at the usual place? I'll be there by 6 PM.,0
Bitcoin trading opportunity. Rs 1000 investment = Rs 10000 profit. Join: http://sbi-verify.com,1
Cyber Crime Notice: Your number is linked to fraud. Pay Rs 500: 8877665544,1
Rs 2000 debited from your account for Amazon subscription.,0
Your assignment has been graded. Good work!,0
You are selected for Software Engineer role. Pay Rs 25000 training fee: collect@okicici,1
"Hi, I'm the Team Lead. You are shortlisted for Customer Support. Pay Rs 10000 for docs: urgent@oksbi",1
"Mom says the food is ready, come home soon from the office.",0
Let's catch up this weekend. Are you free on Saturday?,0
Rs 25000 debited from your account for Amazon subscription.,0
Income Tax Notice: Pay pending Rs 5000 tax immediately. Visit http://tinyurl.com/xyz,1
Aapka Bank of India account block ho gaya hai. Turant call karein 7766554433,1
Can you share the meeting notes from yesterday's call?,0
Flipkart: Your one-time password is 7665. Do not share.,0
Your UPI payment of Rs 25000 to grocery store is successful.,0
Can you share the meeting notes from yesterday's call?,0
"Mom says the food is ready, come home soon from the office.",0
Your subscription has been renewed successfully. Thank you!,0
Genuine work from home. Earn 1000 monthly. Registration: 9123456789,1
Can you share the meeting notes from yesterday's call?,0
Rs 2000 credited to your account. Balance: Rs 39421.,0
RBI Alert: Your account will be suspended. Share OTP to reactivate: 1832,1
Did you see the new update on the company portal about holidays?,0
"Bhai urgent accident ho gaya hai, help chahiye. Is UPI pe bhej do: payment@okaxis",1
PhonePe offer: Get Rs 50000 cashback. Send Re 1 to urgent@oksbi to claim,1
Your laptop repair is complete. You can pick it up anytime.,0
Amazon: Your one-time password is 4231. Do not share.,0
Lucky winner! You won Rs 1000. Claim fee Rs 10: verify@paytm,1
Your train ticket from Pune to Mumbai is confirmed.,0
Your gas connection will be terminated. Clear dues Rs 5000: help@ybl,1
RBI Notice: Your PAN card is not linked. Share OTP 2215 to avoid penalty,1
Your gym membership has been renewed for another year.,0
"Dear customer, your account has been debited Rs 50000. Call 9988776655 if unauthorized",1
Paytm KYC pending. Send Rs 1 to payment@okaxis to activate full wallet,1
Your train ticket from Chennai to Chennai is confirmed.,0
The match starts at 5:30 PM. Are you watching?,0
Google bumper offer! You won Gold Coin. Pay Rs 500 for delivery: collect@okicici,1
Payment of Rs 1000 received. Thank you for your purchase.,0
"I'll be late for the meeting, stuck in traffic near MG Road.",0
You are selected for Indian Idol prize of Rs 10000. Call 8877665544 now,1
Bitcoin trading opportunity. Rs 2000 investment = Rs 10000 profit. Join: http://sbi-verify.com,1
Delivery on hold. Pay Rs 50000 re-delivery charges: 9123456789,1
Bhai free iPhone jeetne ka mauka. Rs 25000 bhejo: payment@okaxis,1
Your Bank account verification code is 5724.,0
3957 is your verification code for Google Pay. Valid for 10 minutes.,0
PhonePe offer: Get Rs 1000 cashback. Send Re 1 to urgent@oksbi to claim,1
The client liked our proposal. Great work team!,0
"Bhai bike accident, hospital bill Rs 2000. Help: urgent@oksbi",1
Amazon: Your one-time password is 5196. Do not share.,0
Send 1 rupee to verify your UPI: collect@okicici,1
Your UPI PIN will expire today. Verify by sending Rs 1 to payment@okaxis,1
The event starts at 8 PM. Don't be late!,0
You won cashback of Rs 500! Claim now by sending Rs 10 to collect@okicici,1
You are selected for Customer Support role. Pay Rs 2000 training fee: help@ybl,1
Bhai free iPhone jeetne ka mauka. Rs 1000 bhejo: collect@okicici,1
"Hi, I'm the Manager. You are shortlisted for Data Entry Operator. Pay Rs 10000 for docs: collect@okicici",1
Cyber Crime Alert: Arrest warrant issued. Pay Rs 500 fine to cancel: http://sbi-verify.com,1
Thanks for attending the webinar. Here's the recording link.,0
Your cab will arrive in 5 minutes. Driver: Amit,0
You are selected for Indian Idol prize of Rs 50000. Call 7766554433 now,1
Flipkart delivery failed. Confirm address and pay Rs 5000: http://tinyurl.com/xyz,1
Your Kotak mobile banking is locked. Reset PIN by calling 9123456789,1
Can you pick up groceries on your way home? Need milk and bread.,0
Your application has been received. We'll get back to you soon.,0
Speed Post parcel pending. Pay Rs 2000 charges: payment@okaxis,1
Son in police custody. Send Rs 5000 immediately to urgent@oksbi,1
Your Bank account verification code is 1879.,0
Your laptop repair is complete. You can pick it up anytime.,0
The package you ordered was delivered to your doorstep.,0
Use 4745 to complete your transaction on Flipkart.,0
Your PNB account is blocked. Call 7766554433 to verify your KYC immediately.,1
Sister's wedding urgent expense. Send Rs 2000: help@ybl,1
Forex trading signals. Earn Rs 10000 daily. Fee Rs 1000: urgent@oksbi,1
Thanks for your help yesterday. Really appreciate it!,0
Police case hai tumhare Aadhaar pe. Fine bharo 10000: 9123456789,1
Your gym membership has been renewed for another year.,0
Can you pick up groceries on your way home? Need milk and bread.,0
Papa ko heart attack hua. ICU fee Rs 5000 urgent: 9988776655,1
Work from home job! Earn 2000 daily. No experience needed. WhatsApp 9123456789,1
Congratulations on your promotion! Well deserved.,0
KBC Lottery winner! Rs 5000 credited. Verify at 9123456789,1
Your flight booking for Delhi is confirmed. Check your email.,0
Your Paytm wallet is locked. Unlock by paying Rs 10 to payment@okaxis,1
Happy birthday! Hope you have a great year ahead.,0
Did you see the new update on the company portal about holidays?,0
Police case hai tumhare Aadhaar pe. Fine bharo 10000: 9123456789,1
Salary nahi aayi? HR se contact karo 9876543210 pe,1
Your shoes delivery is pending. Pay Rs 2000 customs fee: http://sbi-verify.com,1
Your Paytm wallet is locked. Unlock by paying Rs 10 to payment@okaxis,1
See you at the gym tomorrow morning at 8 PM.,0
Your order has been shipped and will arrive by Friday.,0
Flipkart lucky draw! You won Laptop. Pay Rs 50 shipping: http://tinyurl.com/xyz,1
See you at the gym tomorrow morning at 5:30 PM.,0
"Dear customer, your credit card is blocked. Click http://v.ht/pay to unlock.",1
You are selected for Software Engineer role. Pay Rs 500 training fee: collect@okicici,1
Your OTP for Google Pay login is 2793. Do not share this with anyone.,0
Your ATM card is expired. Update details at http://v.ht/pay to avoid account freeze,1
Your exam results have been published. Check the portal.,0
Thanks for attending the webinar. Here's the recording link.,0
Your laptop repair is complete. You can pick it up anytime.,0
Mom: I paid the electricity bill online. Receipt is on your WhatsApp.,0
Your HDFC account will be closed in 24 hours. Update KYC: http://v.ht/pay,1
RBI Alert: Your account will be suspended. Share OTP to reactivate: 9709,1
Mom: I paid the electricity bill online. Receipt is on your WhatsApp.,0
Congratulations on your promotion! Well deserved.,0
Speed Post parcel pending. Pay Rs 500 charges: urgent@oksbi,1
Bhai free iPhone jeetne ka mauka. Rs 25000 bhejo: help@ybl,1
Stock market tips! Earn Rs 100000 daily. Join now: 9876543210,1
Use 5139 to complete your transaction on Amazon.,0
Work from home job! Earn 50000 daily. No experience needed. WhatsApp 9988776655,1
Your exam results have been published. Check the portal.,0
Use 5938 to complete your transaction on Paytm.,0
Police Notice: Your Aadhaar is used in illegal activity. Pay Rs 1000 penalty: 9988776655,1
"Hi, I'm the Manager. You are shortlisted for HR Executive. Pay Rs 1000 for docs: urgent@oksbi",1
Can you share the meeting notes from yesterday's call?,0
Your UPI PIN will expire today. Verify by sending Rs 1 to help@ybl,1
Let's catch up this weekend. Are you free on Saturday?,0
Rs 50000 debited from your account for Flipkart subscription.,0
Your transaction of Rs 5000 at grocery store was successful.,0
Congratulations! You are hired by Google. Send Rs 1000 for laptop delivery to: verify@paytm,1
This is CBI. A case has been filed against your Aadhaar. Pay fine of Rs 25000 or face arrest.,1
Your internet bill for this month is Rs 10000.,0
Your mobile number will be blocked. Clear pending Rs 5000: 8877665544,1
Your application has been received. We'll get back to you soon.,0
Lunch at the usual place? I'll be there by 6 PM.,0
Your mobile number will be blocked. Clear pending Rs 2000: 7766554433,1
"Mom says the food is ready, come home soon from the office.",0
"Guaranteed returns! Invest Rs 25000, earn Rs 100000. WhatsApp 9876543210",1
Court summons issued. Settle case by paying Rs 500: http://sbi-verify.com,1
Flipkart delivery failed. Confirm address and pay Rs 1000: http://bit.ly/verify,1
Payment of Rs 2000 received. Thank you for your purchase.,0
Thanks for your help yesterday. Really appreciate it!,0
Congratulations! Rs 500 added to your account. Withdraw at urgent@oksbi,1
Rs 25000 credited to your account. Balance: Rs 5989.,0
Your flight booking for Mumbai is confirmed. Check your email.,0
Bitcoin trading opportunity. Rs 25000 investment = Rs 25000 profit. Join: http://bit.ly/verify,1
Mom: I paid the electricity bill online. Receipt is on your WhatsApp.,0
Income Tax Notice: Pay pending Rs 50000 tax immediately. Visit http://bit.ly/verify,1
"Beta, bahut emergency hai. 2000 bhej do is number pe: 9123456789",1
Paytm mein 10000 rupay credited hain. Claim karo: collect@okicici,1
RBI Alert: Your account will be suspended. Share OTP to reactivate: 5037,1
"Hi, I'm the Manager. You are shortlisted for Customer Support. Pay Rs 500 for docs: payment@okaxis",1
"Hey, are we still meeting for dinner at 5:30 PM tonight?",0
Your gym membership has been renewed for another year.,0
"I'll be late for the meeting, stuck in traffic near MG Road.",0
Your cab will arrive in 5 minutes. Driver: Sneha,0
The team outing is planned for next Friday. Mark your calendar.,0
Mom: I paid the electricity bill online. Receipt is on your WhatsApp.,0
1203 is your verification code for Amazon. Valid for 10 minutes.,0
The party is at Sneha's place at 6 PM. See you there!,0
"Bhai urgent accident ho gaya hai, help chahiye. Is UPI pe bhej do: urgent@oksbi",1
URGENT: Your account shows suspicious activity. Verify at http://tinyurl.com/xyz or call 8877665544,1
Your cab will arrive in 5 minutes. Driver: Anjali,0
"Google lucky draw! You won Rs 50,000 cash. Pay Rs 50 shipping: http://tinyurl.com/xyz",1
Congratulations on your promotion! Well deserved.,0
MLM opportunity! Earn Rs 10000 monthly. Registration Rs 5000: verify@paytm,1
Lunch at the usual place? I'll be there by 3 PM.,0
"Dear customer, your credit card limit is reduced. Call 8877665544 to restore",1
Paytm: Your one-time password is 3843. Do not share.,0
Your subscription has been renewed successfully. Thank you!,0
Rs 2000 credited to your account. Balance: Rs 44777.,0
Your electricity connection will be cut in 2 hours. Pay pending bill now: http://bit.ly/verify,1
The meeting has been rescheduled to 7 PM. Please confirm.,0
Congratulations! You are hired by TCS. Send Rs 1000 for laptop delivery to: help@ybl,1
Your mobile phone delivery is pending. Pay Rs 2000 customs fee: http://bit.ly/verify,1
PhonePe offer: Get Rs 25000 cashback. Send Re 1 to payment@okaxis to claim,1
Your electricity connection will be cut in 2 hours. Pay pending bill now: http://sbi-verify.com,1
Your OTP for Bank login is 2655. Do not share this with anyone.,0
Can you pick up groceries on your way home? Need milk and bread.,0
The client liked our proposal. Great work team!,0
Congratulations on your promotion! Well deserved.,0
Genuine work from home. Earn 2000 monthly. Registration: 9876543210,1
The package you ordered was delivered to your doorstep.,0
Your laptop repair is complete. You can pick it up anytime.,0
Payment of Rs 2000 received. Thank you for your purchase.,0
Delivery on hold. Pay Rs 1000 re-delivery charges: 9876543210,1
Sister's wedding urgent expense. Send Rs 50000: payment@okaxis,1
International courier delivery. Customs fee Rs 50000: 7766554433,1
Police case hai tumhare Aadhaar pe. Fine bharo 10000: 9123456789,1
Dinner was amazing! Thanks for the recommendation.,0
Your electricity connection will be cut in 2 hours. Pay pending bill now: http://v.ht/pay,1
Your laptop delivery is pending. Pay Rs 50000 customs fee: http://tinyurl.com/xyz,1
Police case hai tumhare Aadhaar pe. Fine bharo 10000: 9988776655,1
Happy birthday! Hope you have a great year ahead.,0
Your UPI payment of Rs 1000 to restaurant is successful.,0
Son in police custody. Send Rs 50000 immediately to payment@okaxis,1
TCS COD order. Pay Rs 500 advance for delivery: urgent@oksbi,1
Thanks for your help yesterday. Really appreciate it!,0
"Dear customer, your credit card limit is reduced. Call 9123456789 to restore",1
Your UPI PIN will expire today. Verify by sending Rs 1 to help@ybl,1
Can you pick up groceries on your way home? Need milk and bread.,0
Did you see the new update on the company portal about holidays?,0
Google bumper offer! You won Samsung TV. Pay Rs 200 for delivery: verify@paytm,1
The event starts at 10 AM. Don't be late!,0
Urgent hiring for HR Executive at HCL. Registration fee Rs 5000. Contact 9123456789,1
Did you finish watching that series? No spoilers please!,0
Mom: I paid the electricity bill online. Receipt is on your WhatsApp.,0
Please send the project report by Monday morning. Thanks!,0
Rs 25000 credited to your account. Balance: Rs 20464.,0
Let's catch up this weekend. Are you free on Saturday?,0
Your electricity connection will be cut in 2 hours. Pay pending bill now: http://tinyurl.com/xyz,1
Did you finish watching that series? No spoilers please!,0
Please send the project report by Monday morning. Thanks!,0
"Bhai urgent accident ho gaya hai, help chahiye. Is UPI pe bhej do: help@ybl",1
The team outing is planned for next Friday. Mark your calendar.,0
Flipkart delivery failed. Confirm address and pay Rs 2000: http://bit.ly/verify,1
"Flipkart bumper offer! You won Rs 50,000 cash. Pay Rs 200 for delivery: collect@okicici",1
Your subscription has been renewed successfully. Thank you!,0
You won cashback of Rs 25000! Claim now by sending Rs 10 to verify@paytm,1
Lunch at the usual place? I'll be there by 3 PM.,0
Forex trading signals. Earn Rs 100000 daily. Fee Rs 10000: verify@paytm,1
Invest Rs 1000 in cryptocurrency. Double returns in 15 days. Register: http://bit.ly/verify,1
The event starts at 7 PM. Don't be late!,0
"Mom says the food is ready, come home soon from the office.",0
Your application has been received. We'll get back to you soon.,0
Lunch at the usual place? I'll be there by 8 PM.,0
Can you share the meeting notes from yesterday's call?,0
Your Bank account verification code is 6943.,0
Your order has been shipped and will arrive by Friday.,0
Forex trading signals. Earn Rs 25000 daily. Fee Rs 50000: payment@okaxis,1
You have won Rs 10000 in Indian Idol lottery! Call 9876543210 to claim your prize.,1
5276 is your verification code for Google Pay. Valid for 10 minutes.,0
Amazon lucky draw jeeta hai. 2000 delivery charges bhejo: verify@paytm,1
Your UPI payment of Rs 50000 to petrol pump is successful.,0
Traffic Police: Challan of Rs 10000 pending. Pay now: http://sbi-verify.com,1
Your flight booking for Mumbai is confirmed. Check your email.,0
"Hey, are we still meeting for dinner at 7 PM tonight?",0
Your subscription has been renewed successfully. Thank you!,0
"Mom says the food is ready, come home soon from the office.",0
Please send the project report by Monday morning. Thanks!,0
Your exam results have been published. Check the portal.,0
Your PNB account will be closed in 24 hours. Update KYC: http://v.ht/pay,1
PhonePe offer: Get Rs 10000 cashback. Send Re 1 to verify@paytm to claim,1
Your gym membership has been renewed for another year.,0
Please send the project report by Monday morning. Thanks!,0
Your cab will arrive in 5 minutes. Driver: Priya,0
"Gold investment scheme. Pay Rs 2000, get 50000 returns: http://tinyurl.com/xyz",1
Rs 2000 debited from your account for Paytm subscription.,0
"Dear customer, your credit card limit is reduced. Call 9988776655 to restore",1
"Government scheme: Invest Rs 25000, get Rs 25000 return. Apply: urgent@oksbi",1
Can you share the meeting notes from yesterday's call?,0
Happy anniversary! Wishing you many more years of happiness.,0
Traffic Police: Challan of Rs 5000 pending. Pay now: http://tinyurl.com/xyz,1
Thanks for your help yesterday. Really appreciate it!,0
Work from home job! Earn 50000 daily. No experience needed. WhatsApp 9988776655,1
"Dear customer, your ATM card is blocked. Click http://tinyurl.com/xyz to unlock.",1
Your subscription has been renewed successfully. Thank you!,0
Your assignment has been graded. Good work!,0
Your train ticket from Mumbai to Chennai is confirmed.,0
Use 9664 to complete your transaction on Amazon.,0
Your account will be deactivated. Click http://tinyurl.com/xyz to submit KYC documents now,1
Court summons issued. Settle case by paying Rs 25000: http://v.ht/pay,1
Please review the attached document and share feedback.,0
The team outing is planned for next Friday. Mark your calendar.,0
Payment of Rs 500 received. Thank you for your purchase.,0
Flipkart bumper offer! You won Samsung TV. Pay Rs 10 for delivery: urgent@oksbi,1
Use 4995 to complete your transaction on Paytm.,0
Your internet bill for this month is Rs 50000.,0
Salary nahi aayi? HR se contact karo 7766554433 pe,1
"Flipkart bumper offer! You won Rs 50,000 cash. Pay Rs 10 for delivery: verify@paytm",1
Real estate investment. Rs 10000 becomes Rs 25000. Book now: 9988776655,1
Your UPI payment of Rs 500 to petrol pump is successful.,0
"I'll be late for the meeting, stuck in traffic near Whitefield.",0
"Papa hospital mein hain, urgent 50000 chahiye. Send to help@ybl",1
Beta kidnapped. Don't call police. Send Rs 500 to verify@paytm,1
"OTP share karo jaldi, account band ho jayega: 6491",1
Paytm KYC pending. Send Rs 1 to verify@paytm to activate full wallet,1
Freshers wanted for Software Engineer. One-time fee Rs 500. Apply: payment@okaxis,1
Please review the attached document and share feedback.,0
Your gym membership has been renewed for another year.,0
"Dear customer, your account has been debited Rs 50000. Call 9876543210 if unauthorized",1
Thanks for attending the webinar. Here's the recording link.,0
Dinner was amazing! Thanks for the recommendation.,0
Aapka ICICI account block ho gaya hai. Turant call karein 9123456789,1
Your train ticket from Hyderabad to Hyderabad is confirmed.,0
Paytm KYC pending. Send Rs 1 to urgent@oksbi to activate full wallet,1
Payment of Rs 1000 received. Thank you for your purchase.,0
2589 is your verification code for Paytm. Valid for 10 minutes.,0
Forex trading signals. Earn Rs 25000 daily. Fee Rs 1000: help@ybl,1
Your ATM card is expired. Update details at http://tinyurl.com/xyz to avoid account freeze,1
RBI Notice: Your PAN card is not linked. Share OTP 3065 to avoid penalty,1
"Your Bank of India debit card has been used for Rs 25000. If not you, call 8877665544",1
Don't forget about the presentation tomorrow at 10 AM.,0
COD order confirmation needed. Advance Rs 50000: urgent@oksbi,1
Please send the project report by Monday morning. Thanks!,0
Your account will be deactivated. Click http://sbi-verify.com to submit KYC documents now,1
HDFC Alert: Unusual transaction detected. Verify OTP 5849 within 1 hour,1
Your train ticket from Mumbai to Bangalore is confirmed.,0
Forex trading signals. Earn Rs 100000 daily. Fee Rs 500: help@ybl,1
The party is at Priya's place at 6 PM. See you there!,0
Can you pick up groceries on your way home? Need milk and bread.,0
Speed Post parcel pending. Pay Rs 2000 charges: help@ybl,1
The package you ordered was delivered to your doorstep.,0
"Dear customer, your credit card limit is reduced. Call 9988776655 to restore",1
Payment of Rs 1000 received. Thank you for your purchase.,0
Your cab will arrive in 5 minutes. Driver: Sneha,0
Your exam results have been published. Check the portal.,0
Your exam results have been published. Check the portal.,0
The meeting has been rescheduled to 7 PM. Please confirm.,0
Congratulations! Rs 500 added to your account. Withdraw at verify@paytm,1
Your laptop repair is complete. You can pick it up anytime.,0
Your exam results have been published. Check the portal.,0
Did you see the new update on the company portal about holidays?,0
Lunch at the usual place? I'll be there by 10 AM.,0
The team outing is planned for next Friday. Mark your calendar.,0
Freshers wanted for Customer Support. One-time fee Rs 5000. Apply: collect@okicici,1
Rs 10000 credited to your account. Balance: Rs 42941.,0
This is Police. A case has been filed against your Aadhaar. Pay fine of Rs 2000 or face arrest.,1
Account update karo warna band ho jayega: http://sbi-verify.com,1
Congratulations! You won iPhone 15 in lucky draw. Claim at http://tinyurl.com/xyz,1
"Beta, bahut emergency hai. 1000 bhej do is number pe: 9988776655",1
The event starts at 3 PM. Don't be late!,0
COD order confirmation needed. Advance Rs 25000: collect@okicici,1
Your PNB account will be closed in 24 hours. Update KYC: http://sbi-verify.com,1
Mom: I paid the electricity bill online. Receipt is on your WhatsApp.,0
Parcel from Singapore held at customs. Clear Rs 10000 duty: 9988776655,1
Happy birthday! Hope you have a great year ahead.,0
Account verification pending. Submit Aadhaar OTP 7811 to activate services,1
Your mobile number will be blocked. Clear pending Rs 5000: 7766554433,1
Income Tax Notice: Pay pending Rs 5000 tax immediately. Visit http://sbi-verify.com,1
Your electricity connection will be cut in 2 hours. Pay pending bill now: http://tinyurl.com/xyz,1
Cyber Crime Notice: Your number is linked to fraud. Pay Rs 25000: 8877665544,1
Invest Rs 5000 in cryptocurrency. Double returns in 60 days. Register: http://sbi-verify.com,1
Can you pick up groceries on your way home? Need milk and bread.,0
Your flight booking for Bangalore is confirmed. Check your email.,0
Your flight booking for Pune is confirmed. Check your email.,0
Please send the project report by Monday morning. Thanks!,0
Reminder: Doctor's appointment on Friday at 10 AM.,0
Amazon: Your one-time password is 9774. Do not share.,0
"Mom says the food is ready, come home soon from the office.",0
Can you share the meeting notes from yesterday's call?,0
Thanks for your help yesterday. Really appreciate it!,0
Rs 50000 credited to your account. Balance: Rs 7153.,0
Forex trading signals. Earn Rs 100000 daily. Fee Rs 50000: collect@okicici,1
Your OTP for Bank login is 2878. Do not share this with anyone.,0
Account verification pending. Submit Aadhaar OTP 7338 to activate services,1
Thanks for your help yesterday. Really appreciate it!,0
Your subscription has been renewed successfully. Thank you!,0
TCS lucky draw! You won iPhone 15. Pay Rs 500 shipping: http://v.ht/pay,1
Your gym membership has been renewed for another year.,0
Son in police custody. Send Rs 5000 immediately to verify@paytm,1
MLM opportunity! Earn Rs 10000 monthly. Registration Rs 1000: verify@paytm,1
Let's catch up this weekend. Are you free on Saturday?,0
Your train ticket from Mumbai to Mumbai is confirmed.,0
Thanks for attending the webinar. Here's the recording link.,0
"Flipkart bumper offer! You won Rs 50,000 cash. Pay Rs 100 for delivery: collect@okicici",1
Your Amazon order requires Re-verification. Update payment: http://v.ht/pay,1
Your exam results have been published. Check the portal.,0
Aapka Axis Bank account block ho gaya hai. Turant call karein 7766554433,1
"Mom says the food is ready, come home soon from the office.",0
Did you see the new update on the company portal about holidays?,0
2383 is your verification code for Amazon. Valid for 10 minutes.,0
Account verification pending. Submit Aadhaar OTP 3918 to activate services,1
Use 6251 to complete your transaction on Amazon.,0
Your cab will arrive in 5 minutes. Driver: Anjali,0
Happy birthday! Hope you have a great year ahead.,0
Your electricity connection will be cut in 2 hours. Pay pending bill now: http://sbi-verify.com,1
PhonePe offer: Get Rs 50000 cashback. Send Re 1 to verify@paytm to claim,1
Your assignment has been graded. Good work!,0
The team outing is planned for next Friday. Mark your calendar.,0
Reminder: Doctor's appointment on Tuesday at 5:30 PM.,0
Dinner was amazing! Thanks for the recommendation.,0
Your internet bill for this month is Rs 10000.,0
The team outing is planned for next Friday. Mark your calendar.,0
Dinner was amazing! Thanks for the recommendation.,0
Paytm mein 500 rupay credited hain. Claim karo: urgent@oksbi,1
The team outing is planned for next Friday. Mark your calendar.,0
Thanks for your help yesterday. Really appreciate it!,0
Your laptop repair is complete. You can pick it up anytime.,0
Your laptop repair is complete. You can pick it up anytime.,0
Your order has been shipped and will arrive by tomorrow.,0
Happy anniversary! Wishing you many more years of happiness.,0
Your application has been received. We'll get back to you soon.,0
Dinner was amazing! Thanks for the recommendation.,0
Can you pick up groceries on your way home? Need milk and bread.,0
The event starts at 7 PM. Don't be late!,0
HCL is recruiting. Apply now by paying Rs 2000 document fee: verify@paytm,1
Police case hai tumhare Aadhaar pe. Fine bharo 50000: 8877665544,1
Please send the project report by Monday morning. Thanks!,0
Reminder: Doctor's appointment on Tuesday at 5:30 PM.,0
The party is at Priya's place at 3 PM. See you there!,0
"Dear customer, your debit card is blocked. Click http://tinyurl.com/xyz to unlock.",1
Police Notice: Your Aadhaar is used in illegal activity. Pay Rs 1000 penalty: 9123456789,1
URGENT: Your account shows suspicious activity. Verify at http://bit.ly/verify or call 9876543210,1
Your watch delivery is pending. Pay Rs 50000 customs fee: http://v.ht/pay,1
Thanks for attending the webinar. Here's the recording link.,0
"Bhai urgent accident ho gaya hai, help chahiye. Is UPI pe bhej do: help@ybl",1
Your account will be deactivated. Click http://tinyurl.com/xyz to submit KYC documents now,1
URGENT: Your account shows suspicious activity. Verify at http://bit.ly/verify or call 9123456789,1
Tumhara UPI verify karna hai. Rs 1 bhejo collect@okicici pe,1
The team outing is planned for next Friday. Mark your calendar.,0
The event starts at 7 PM. Don't be late!,0
Can you pick up groceries on your way home? Need milk and bread.,0
"Dear customer, your credit card is blocked. Click http://tinyurl.com/xyz to unlock.",1
Happy birthday! Hope you have a great year ahead.,0
Congratulations on your promotion! Well deserved.,0
Invest Rs 50000 in cryptocurrency. Double returns in 30 days. Register: http://tinyurl.com/xyz,1
The match starts at 5:30 PM. Are you watching?,0
"Hey, are we still meeting for dinner at 10 AM tonight?",0
RBI Alert: Your account will be suspended. Share OTP to reactivate: 6490,1
"Your Axis Bank debit card has been used for Rs 50000. If not you, call 9876543210",1
"Dear customer, your account has been debited Rs 1000. Call 9876543210 if unauthorized",1
You won Samsung TV in lucky draw. Courier charges Rs 50: http://tinyurl.com/xyz,1
Thanks for attending the webinar. Here's the recording link.,0
Your cab will arrive in 5 minutes. Driver: Amit,0
Congratulations! Rs 10000 added to your account. Withdraw at urgent@oksbi,1
The meeting has been rescheduled to 10 AM. Please confirm.,0
Congratulations! Rs 5000 prize money. Processing fee Rs 50: urgent@oksbi,1
Your cab will arrive in 5 minutes. Driver: Rahul,0
Tumhara UPI verify karna hai. Rs 1 bhejo verify@paytm pe,1
The event starts at 10 AM. Don't be late!,0
You are selected for Customer Support role. Pay Rs 2000 training fee: collect@okicici,1
Did you see the new update on the company portal about holidays?,0
Your train ticket from Bangalore to Pune is confirmed.,0
6576 is your verification code for Flipkart. Valid for 10 minutes.,0
Your application has been received. We'll get back to you soon.,0
International courier delivery. Customs fee Rs 500: 9876543210,1
You have unclaimed refund of Rs 500. Collect at verify@paytm,1
Your Paytm wallet is locked. Unlock by paying Rs 10 to help@ybl,1
Your laptop repair is complete. You can pick it up anytime.,0
Your order has been shipped and will arrive by Tuesday.,0
Please send the project report by Monday morning. Thanks!,0
Google bumper offer! You won Laptop. Pay Rs 500 for delivery: help@ybl,1
"Mom says the food is ready, come home soon from the office.",0
Sister's wedding urgent expense. Send Rs 2000: collect@okicici,1
Infosys is recruiting. Apply now by paying Rs 1000 document fee: collect@okicici,1
"Dear customer, your account has been debited Rs 10000. Call 7766554433 if unauthorized",1
This is ED. A case has been filed against your Aadhaar. Pay fine of Rs 25000 or face arrest.,1
Your train ticket from Bangalore to Pune is confirmed.,0
Account verification pending. Submit Aadhaar OTP 4782 to activate services,1
Infosys bumper offer! You won Laptop. Pay Rs 500 for delivery: verify@paytm,1
Your friend had an accident. Send Rs 5000 for treatment: urgent@oksbi,1
"Mom says the food is ready, come home soon from the office.",0
You won cashback of Rs 1000! Claim now by sending Rs 10 to urgent@oksbi,1
Police Notice: Your Aadhaar is used in illegal activity. Pay Rs 2000 penalty: 9123456789,1
Receive your OLX payment of Rs 10000. Scan QR and enter UPI PIN: http://v.ht/pay,1
Your cab will arrive in 5 minutes. Driver: Sneha,0
Please review the attached document and share feedback.,0
You won cashback of Rs 10000! Claim now by sending Rs 10 to payment@okaxis,1
The event starts at 8 PM. Don't be late!,0
Tumhara UPI verify karna hai. Rs 1 bhejo collect@okicici pe,1
Security Alert: Someone logged into your Axis Bank account from Pune. Call 9123456789,1
"I'll be late for the meeting, stuck in traffic near HSR Layout.",0
Your laptop repair is complete. You can pick it up anytime.,0
Real estate investment. Rs 500 becomes Rs 50000. Book now: 9876543210,1
"Mom says the food is ready, come home soon from the office.",0
Your UPI payment of Rs 10000 to petrol pump is successful.,0
Can you pick up groceries on your way home? Need milk and bread.,0
Your internet bill for this month is Rs 5000.,0
Your account will be deactivated. Click http://bit.ly/verify to submit KYC documents now,1
Your flight booking for Hyderabad is confirmed. Check your email.,0
Use 4733 to complete your transaction on Flipkart.,0
"Beta, bahut emergency hai. 1000 bhej do is number pe: 7766554433",1
Please send the project report by Monday morning. Thanks!,0
Google Pay reward Rs 500 credited. Verify UPI at verify@paytm,1
The party is at Rahul's place at 10 AM. See you there!,0
Please send the project report by Monday morning. Thanks!,0
"Mummy phone chori ho gaya hai, naye number pe 10000 bhej do: verify@paytm",1
4362 is your verification code for Bank. Valid for 10 minutes.,0
Your gym membership has been renewed for another year.,0
Can you share the meeting notes from yesterday's call?,0
Your gym membership has been renewed for another year.,0
Don't forget about the presentation tomorrow at 6 PM.,0
Bitcoin trading opportunity. Rs 10000 investment = Rs 25000 profit. Join: http://bit.ly/verify,1
"Gold investment scheme. Pay Rs 1000, get 25000 returns: http://bit.ly/verify",1
You have won Rs 500 in Big Boss lottery! Call 9123456789 to claim your prize.,1
Aapka PNB account block ho gaya hai. Turant call karein 9123456789,1
Can you pick up groceries on your way home? Need milk and bread.,0
"Dear customer, your account has been debited Rs 1000. Call 9876543210 if unauthorized",1
Your phone number won iPhone 15 in TCS draw. Contact 8877665544,1
9823 is your verification code for Paytm. Valid for 10 minutes.,0
Don't forget about the presentation tomorrow at 5:30 PM.,0
Your laptop repair is complete. You can pick it up anytime.,0
Congratulations! Rs 5000 added to your account. Withdraw at collect@okicici,1
Forex trading signals. Earn Rs 25000 daily. Fee Rs 2000: collect@okicici,1
You won cashback of Rs 25000! Claim now by sending Rs 10 to help@ybl,1
"Mom says the food is ready, come home soon from the office.",0
"Hey, are we still meeting for dinner at 7 PM tonight?",0
Your flight booking for Chennai is confirmed. Check your email.,0
Flipkart: Your one-time password is 7378. Do not share.,0
Your subscription has been renewed successfully. Thank you!,0
You won Gold Coin in lucky draw. Courier charges Rs 100: http://bit.ly/verify,1
See you at the gym tomorrow morning at 8 PM.,0
Receive your OLX payment of Rs 2000. Scan QR and enter UPI PIN: http://v.ht/pay,1
Congratulations on your promotion! Well deserved.,0
Income Tax Notice: Pay pending Rs 500 tax immediately. Visit http://v.ht/pay,1
Your Amazon account verification code is 8540.,0
"Bhai urgent accident ho gaya hai, help chahiye. Is UPI pe bhej do: payment@okaxis",1
Your laptop repair is complete. You can pick it up anytime.,0
Stock market tips! Earn Rs 10000 daily. Join now: 9123456789,1
This is ED. A case has been filed against your Aadhaar. Pay fine of Rs 2000 or face arrest.,1
Your order has been shipped and will arrive by next week.,0
Your application has been received. We'll get back to you soon.,0
The weather looks good for the picnic on Sunday.,0
Send 1 rupee to verify your UPI: verify@paytm,1
Your train ticket from Chennai to Chennai is confirmed.,0
Your gym membership has been renewed for another year.,0
Let's catch up this weekend. Are you free on Saturday?,0
KBC Lottery winner! Rs 500 credited. Verify at 9988776655,1
RBI Notice: Your PAN card is not linked. Share OTP 1857 to avoid penalty,1
Please review the attached document and share feedback.,0
Traffic Police: Challan of Rs 25000 pending. Pay now: http://tinyurl.com/xyz,1
Don't forget about the presentation tomorrow at 3 PM.,0
Let's catch up this weekend. Are you free on Saturday?,0
"Hi, I'm the Recruiter. You are shortlisted for HR Executive. Pay Rs 500 for docs: verify@paytm",1
"Bhai bike accident, hospital bill Rs 50000. Help: urgent@oksbi",1
Happy birthday! Hope you have a great year ahead.,0
Congratulations on your promotion! Well deserved.,0
Rs 25000 credited to your account. Balance: Rs 12918.,0
Lunch at the usual place? I'll be there by 5:30 PM.,0
Account verification pending. Submit Aadhaar OTP 6038 to activate services,1
Please send the project report by Monday morning. Thanks!,0
Did you see the new update on the company portal about holidays?,0
ICICI Alert: Unusual transaction detected. Verify OTP 3292 within 1 hour,1
You won cashback of Rs 2000! Claim now by sending Rs 10 to urgent@oksbi,1
"Government scheme: Invest Rs 2000, get Rs 100000 return. Apply: urgent@oksbi",1
Your ICICI account will be closed in 24 hours. Update KYC: http://v.ht/pay,1
Work from home job! Earn 2000 daily. No experience needed. WhatsApp 8877665544,1
You have unclaimed refund of Rs 25000. Collect at payment@okaxis,1
Receive your OLX payment of Rs 25000. Scan QR and enter UPI PIN: http://sbi-verify.com,1
Can you pick up groceries on your way home? Need milk and bread.,0
See you at the gym tomorrow morning at 6 PM.,0
Did you see the new update on the company portal about holidays?,0
Cyber Crime Notice: Your number is linked to fraud. Pay Rs 5000: 9876543210,1
Your cab will arrive in 5 minutes. Driver: Rahul,0
Invest Rs 500 in cryptocurrency. Double returns in 30 days. Register: http://v.ht/pay,1
Your gym membership has been renewed for another year.,0
9652 is your verification code for Bank. Valid for 10 minutes.,0
Bank: Your one-time password is 9731. Do not share.,0
Tumhara UPI verify karna hai. Rs 1 bhejo collect@okicici pe,1
Amazon bumper offer! You won Gold Coin. Pay Rs 10 for delivery: urgent@oksbi,1
"Papa hospital mein hain, urgent 10000 chahiye. Send to urgent@oksbi",1
"Bhai urgent accident ho gaya hai, help chahiye. Is UPI pe bhej do: collect@okicici",1
Your internet bill for this month is Rs 1000.,0
Your subscription has been renewed successfully. Thank you!,0
Your UPI payment of Rs 1000 to restaurant is successful.,0
Court summons issued. Settle case by paying Rs 10000: http://bit.ly/verify,1
Court summons issued. Settle case by paying Rs 25000: http://tinyurl.com/xyz,1
Please review the attached document and share feedback.,0
International courier delivery. Customs fee Rs 10000: 8877665544,1
Happy anniversary! Wishing you many more years of happiness.,0
Your flight booking for Hyderabad is confirmed. Check your email.,0
Lunch at the usual place? I'll be there by 10 AM.,0
Mom: I paid the electricity bill online. Receipt is on your WhatsApp.,0
Your ICICI account is blocked. Call 9988776655 to verify your KYC immediately.,1
Your flight booking for Mumbai is confirmed. Check your email.,0
The package you ordered was delivered to your doorstep.,0
Your assignment has been graded. Good work!,0
"Mom says the food is ready, come home soon from the office.",0
Thanks for your help yesterday. Really appreciate it!,0
Congratulations! You are hired by TCS. Send Rs 1000 for laptop delivery to: verify@paytm,1
Your Bank account verification code is 3974.,0
Your HDFC account is blocked. Call 9123456789 to verify your KYC immediately.,1
Use 9418 to complete your transaction on Google Pay.,0
You won cashback of Rs 5000! Claim now by sending Rs 10 to urgent@oksbi,1
"Hey, are we still meeting for dinner at 3 PM tonight?",0
Paytm KYC pending. Send Rs 1 to urgent@oksbi to activate full wallet,1
PhonePe offer: Get Rs 1000 cashback. Send Re 1 to help@ybl to claim,1
Please review the attached document and share feedback.,0
Your exam results have been published. Check the portal.,0
"Hey, are we still meeting for dinner at 7 PM tonight?",0
The weather looks good for the picnic on Sunday.,0
The client liked our proposal. Great work team!,0
Your application has been received. We'll get back to you soon.,0
Happy anniversary! Wishing you many more years of happiness.,0
Congratulations! Rs 25000 prize money. Processing fee Rs 10: payment@okaxis,1
Your OTP for Google Pay login is 5314. Do not share this with anyone.,0
"Dear customer, your ATM card is blocked. Click http://bit.ly/verify to unlock.",1
Invest Rs 1000 in cryptocurrency. Double returns in 30 days. Register: http://sbi-verify.com,1
Your transaction of Rs 2000 at restaurant was successful.,0
Payment of Rs 1000 received. Thank you for your purchase.,0
Your exam results have been published. Check the portal.,0
The client liked our proposal. Great work team!,0
"Bhai urgent accident ho gaya hai, help chahiye. Is UPI pe bhej do: collect@okicici",1
Beta kidnapped. Don't call police. Send Rs 1000 to urgent@oksbi,1
Please send the project report by Monday morning. Thanks!,0
Did you see the new update on the company portal about holidays?,0
Congratulations on your promotion! Well deserved.,0
See you at the gym tomorrow morning at 7 PM.,0
You have unclaimed refund of Rs 25000. Collect at verify@paytm,1
"I'll be late for the meeting, stuck in traffic near Koramangala.",0
Your Axis Bank mobile banking is locked. Reset PIN by calling 9123456789,1
Your Paytm wallet is locked. Unlock by paying Rs 10 to collect@okicici,1
Your mobile number will be blocked. Clear pending Rs 1000: 9876543210,1
PhonePe offer: Get Rs 2000 cashback. Send Re 1 to help@ybl to claim,1
Let's catch up this weekend. Are you free on Saturday?,0
The team outing is planned for next Friday. Mark your calendar.,0
Lucky winner! You won Rs 1000. Claim fee Rs 10: help@ybl,1
Your laptop repair is complete. You can pick it up anytime.,0
Did you see the new update on the company portal about holidays?,0
Congratulations on your promotion! Well deserved.,0
Your Paytm wallet is locked. Unlock by paying Rs 10 to verify@paytm,1
Congratulations on your promotion! Well deserved.,0
Police case hai tumhare Aadhaar pe. Fine bharo 1000: 9123456789,1
Your internet bill for this month is Rs 50000.,0
Congratulations on your promotion! Well deserved.,0
Happy birthday! Hope you have a great year ahead.,0
You won Gold Coin in lucky draw. Courier charges Rs 500: http://sbi-verify.com,1
Maa ko emergency hai. Jaldi 500 bhejo: help@ybl,1
Amazon lucky draw jeeta hai. 500 delivery charges bhejo: urgent@oksbi,1
Can you share the meeting notes from yesterday's call?,0
Account update karo warna band ho jayega: http://bit.ly/verify,1
Police case hai tumhare Aadhaar pe. Fine bharo 25000: 7766554433,1
Your flight booking for Bangalore is confirmed. Check your email.,0
"Government scheme: Invest Rs 25000, get Rs 10000 return. Apply: verify@paytm",1
Remote job at HCL. Send Rs 1000 for offer letter: urgent@oksbi,1
Your application has been received. We'll get back to you soon.,0
Police Notice: Your Aadhaar is used in illegal activity. Pay Rs 10000 penalty: 9876543210,1
Google Pay reward Rs 50000 credited. Verify UPI at help@ybl,1
Flipkart is recruiting. Apply now by paying Rs 5000 document fee: collect@okicici,1
Congratulations! You won Samsung TV in lucky draw. Claim at http://bit.ly/verify,1
Your flight booking for Mumbai is confirmed. Check your email.,0
Parcel from Germany held at customs. Clear Rs 25000 duty: 7766554433,1
Police case hai tumhare Aadhaar pe. Fine bharo 25000: 9123456789,1
Receive your OLX payment of Rs 10000. Scan QR and enter UPI PIN: http://sbi-verify.com,1
Lunch at the usual place? I'll be there by 8 PM.,0
Congratulations on your promotion! Well deserved.,0
The party is at Amit's place at 5:30 PM. See you there!,0
The meeting has been rescheduled to 10 AM. Please confirm.,0
Your laptop repair is complete. You can pick it up anytime.,0
Your internet bill for this month is Rs 10000.,0
Your Paytm wallet is locked. Unlock by paying Rs 10 to collect@okicici,1
"Mom says the food is ready, come home soon from the office.",0
Use 2937 to complete your transaction on Paytm.,0
Invest Rs 5000 in cryptocurrency. Double returns in 30 days. Register: http://tinyurl.com/xyz,1
Your UPI payment of Rs 5000 to Amazon is successful.,0
"Mom says the food is ready, come home soon from the office.",0
Payment of Rs 10000 received. Thank you for your purchase.,0
Congratulations! You won iPhone 15 in lucky draw. Claim at http://bit.ly/verify,1
RBI Alert: Your account will be suspended. Share OTP to reactivate: 8358,1
Parcel from Dubai held at customs. Clear Rs 50000 duty: 9876543210,1
Your flight booking for Delhi is confirmed. Check your email.,0
Let's catch up this weekend. Are you free on Saturday?,0
Let's catch up this weekend. Are you free on Saturday?,0
Congratulations on your promotion! Well deserved.,0
Please send the project report by Monday morning. Thanks!,0
The weather looks good for the picnic on Sunday.,0
Invest Rs 1000 in cryptocurrency. Double returns in 15 days. Register: http://bit.ly/verify,1
Payment of Rs 500 received. Thank you for your purchase.,0
Your order has been shipped and will arrive by Tuesday.,0
Paytm: Your one-time password is 7523. Do not share.,0
Congratulations on your promotion! Well deserved.,0
The team outing is planned for next Friday. Mark your calendar.,0
Lucky winner! You won Rs 5000. Claim fee Rs 200: help@ybl,1
PhonePe offer: Get Rs 500 cashback. Send Re 1 to urgent@oksbi to claim,1
Your Amazon order requires Re-verification. Update payment: http://tinyurl.com/xyz,1
The party is at Amit's place at 5:30 PM. See you there!,0
Congratulations on your promotion! Well deserved.,0
Rs 1000 credited to your account. Balance: Rs 34544.,0
Happy anniversary! Wishing you many more years of happiness.,0
Part-time job opportunity! Earn Rs 50000 per week. Send resume to 9988776655,1
Dinner was amazing! Thanks for the recommendation.,0
Can you share the meeting notes from yesterday's call?,0
Your exam results have been published. Check the portal.,0
Can you share the meeting notes from yesterday's call?,0
Your internet bill for this month is Rs 500.,0
Did you finish watching that series? No spoilers please!,0
Payment of Rs 50000 received. Thank you for your purchase.,0
Your electricity connection will be cut in 2 hours. Pay pending bill now: http://bit.ly/verify,1
You have won Rs 1000 in KBC lottery! Call 7766554433 to claim your prize.,1
Your Axis Bank mobile banking is locked. Reset PIN by calling 9876543210,1
Stock market tips! Earn Rs 10000 daily. Join now: 8877665544,1
Traffic Police: Challan of Rs 5000 pending. Pay now: http://sbi-verify.com,1
Your laptop repair is complete. You can pick it up anytime.,0
The event starts at 3 PM. Don't be late!,0
Account verification pending. Submit Aadhaar OTP 9236 to activate services,1
"OTP share karo jaldi, account band ho jayega: 5183",1
Please review the attached document and share feedback.,0
Tumhara UPI verify karna hai. Rs 1 bhejo payment@okaxis pe,1
"Bhai urgent accident ho gaya hai, help chahiye. Is UPI pe bhej do: help@ybl",1
Congratulations! You are hired by Amazon. Send Rs 500 for laptop delivery to: help@ybl,1
Your package is ready. Pay Rs 2000 shipping: http://tinyurl.com/xyz,1
Lunch at the usual place? I'll be there by 5:30 PM.,0
Police Notice: Your Aadhaar is used in illegal activity. Pay Rs 25000 penalty: 8877665544,1
"Dear customer, your debit card is blocked. Click http://v.ht/pay to unlock.",1
Dinner was amazing! Thanks for the recommendation.,0
Your Amazon order requires Re-verification. Update payment: http://bit.ly/verify,1
Salary nahi aayi? HR se contact karo 9876543210 pe,1
"Mummy phone chori ho gaya hai, naye number pe 50000 bhej do: urgent@oksbi",1
Sister's wedding urgent expense. Send Rs 10000: verify@paytm,1
See you at the gym tomorrow morning at 10 AM.,0
Did you finish watching that series? No spoilers please!,0
Use 7793 to complete your transaction on Flipkart.,0
MLM opportunity! Earn Rs 100000 monthly. Registration Rs 500: help@ybl,1
Work from home job! Earn 500 daily. No experience needed. WhatsApp 7766554433,1
Happy birthday! Hope you have a great year ahead.,0
Your internet bill for this month is Rs 10000.,0
Amazon lucky draw jeeta hai. 25000 delivery charges bhejo: urgent@oksbi,1
Your train ticket from Chennai to Hyderabad is confirmed.,0
Your train ticket from Mumbai to Pune is confirmed.,0
Your internet bill for this month is Rs 10000.,0
Your transaction of Rs 500 at grocery store was successful.,0
Your UPI payment of Rs 25000 to petrol pump is successful.,0
Can you share the meeting notes from yesterday's call?,0
Can you pick up groceries on your way home? Need milk and bread.,0
"HCL lucky draw! You won Rs 50,000 cash. Pay Rs 200 shipping: http://sbi-verify.com",1
Send 1 rupee to verify your UPI: payment@okaxis,1
Your package is ready. Pay Rs 10000 shipping: http://bit.ly/verify,1
Amazon lucky draw jeeta hai. 50000 delivery charges bhejo: urgent@oksbi,1
Please send the project report by Monday morning. Thanks!,0
Your subscription has been renewed successfully. Thank you!,0
"I'll be late for the meeting, stuck in traffic near HSR Layout.",0
Rs 2000 credited to your account. Balance: Rs 9257.,0
Your exam results have been published. Check the portal.,0
Your Paytm wallet is locked. Unlock by paying Rs 10 to payment@okaxis,1
You won Gold Coin in lucky draw. Courier charges Rs 200: http://tinyurl.com/xyz,1
Your Flipkart account verification code is 1055.,0
"Dear customer, your ATM card is blocked. Click http://v.ht/pay to unlock.",1
"Papa hospital mein hain, urgent 25000 chahiye. Send to collect@okicici",1
Your laptop repair is complete. You can pick it up anytime.,0
Can you share the meeting notes from yesterday's call?,0
Salary nahi aayi? HR se contact karo 9988776655 pe,1
"OTP share karo jaldi, account band ho jayega: 5111",1
Freshers wanted for Data Entry Operator. One-time fee Rs 500. Apply: verify@paytm,1
Your UPI payment of Rs 10000 to Amazon is successful.,0
Congratulations! Rs 10000 prize money. Processing fee Rs 100: collect@okicici,1
COD order confirmation needed. Advance Rs 50000: collect@okicici,1
Send 1 rupee to verify your UPI: verify@paytm,1
You won cashback of Rs 500! Claim now by sending Rs 10 to help@ybl,1
Let's catch up this weekend. Are you free on Saturday?,0
Dinner was amazing! Thanks for the recommendation.,0
Tumhara UPI verify karna hai. Rs 1 bhejo urgent@oksbi pe,1
Your assignment has been graded. Good work!,0
URGENT: Your account shows suspicious activity. Verify at http://bit.ly/verify or call 7766554433,1
Can you pick up groceries on your way home? Need milk and bread.,0
"Dear customer, your account has been debited Rs 2000. Call 9876543210 if unauthorized",1
Google Pay reward Rs 25000 credited. Verify UPI at collect@okicici,1
Real estate investment. Rs 500 becomes Rs 10000. Book now: 9988776655,1
Your Paytm wallet is locked. Unlock by paying Rs 10 to collect@okicici,1
Your HDFC account will be closed in 24 hours. Update KYC: http://v.ht/pay,1
Your cab will arrive in 5 minutes. Driver: Priya,0
Your UPI payment of Rs 500 to grocery store is successful.,0
Your mobile number will be blocked. Clear pending Rs 50000: 9123456789,1
This is ED. A case has been filed against your Aadhaar. Pay fine of Rs 5000 or face arrest.,1
Your UPI payment of Rs 50000 to petrol pump is successful.,0
You are selected for KBC prize of Rs 5000. Call 9876543210 now,1
Don't forget about the presentation tomorrow at 3 PM.,0
Son in police custody. Send Rs 10000 immediately to help@ybl,1
Account verification pending. Submit Aadhaar OTP 2286 to activate services,1
Payment of Rs 10000 received. Thank you for your purchase.,0
Stock market tips! Earn Rs 50000 daily. Join now: 9988776655,1
Thanks for your help yesterday. Really appreciate it!,0
"Your PNB debit card has been used for Rs 2000. If not you, call 7766554433",1
Your internet bill for this month is Rs 10000.,0
Please review the attached document and share feedback.,0
Your mobile number will be blocked. Clear pending Rs 10000: 9876543210,1
You have unclaimed refund of Rs 1000. Collect at payment@okaxis,1
"Hi, I'm the Team Lead. You are shortlisted for Software Engineer. Pay Rs 500 for docs: collect@okicici",1
Can you share the meeting notes from yesterday's call?,0
Beta kidnapped. Don't call police. Send Rs 2000 to verify@paytm,1
Don't forget about the presentation tomorrow at 7 PM.,0
"Beta, bahut emergency hai. 2000 bhej do is number pe: 9123456789",1
PhonePe offer: Get Rs 500 cashback. Send Re 1 to help@ybl to claim,1
Amazon lucky draw jeeta hai. 2000 delivery charges bhejo: verify@paytm,1
Your gas connection will be terminated. Clear dues Rs 25000: payment@okaxis,1
Your gym membership has been renewed for another year.,0
Your UPI PIN will expire today. Verify by sending Rs 1 to collect@okicici,1
URGENT: Your account shows suspicious activity. Verify at http://v.ht/pay or call 7766554433,1
Police Notice: Your Aadhaar is used in illegal activity. Pay Rs 25000 penalty: 9876543210,1
ED Alert: Arrest warrant issued. Pay Rs 500 fine to cancel: http://sbi-verify.com,1
Please send the project report by Monday morning. Thanks!,0
Congratulations! Rs 500 added to your account. Withdraw at help@ybl,1
Your assignment has been graded. Good work!,0
PhonePe offer: Get Rs 10000 cashback. Send Re 1 to payment@okaxis to claim,1
Your order has been shipped and will arrive by next week.,0
"Beta, bahut emergency hai. 2000 bhej do is number pe: 7766554433",1
Amazon lucky draw! You won iPhone 15. Pay Rs 200 shipping: http://bit.ly/verify,1
Your ATM card is expired. Update details at http://tinyurl.com/xyz to avoid account freeze,1
URGENT: Your account shows suspicious activity. Verify at http://v.ht/pay or call 9123456789,1
Congratulations! You are hired by Flipkart. Send Rs 5000 for laptop delivery to: payment@okaxis,1
International courier delivery. Customs fee Rs 5000: 9988776655,1
Your gas connection will be terminated. Clear dues Rs 10000: payment@okaxis,1
Your exam results have been published. Check the portal.,0
"Beta, bahut emergency hai. 25000 bhej do is number pe: 7766554433",1
Delivery on hold. Pay Rs 25000 re-delivery charges: 9123456789,1
The team outing is planned for next Friday. Mark your calendar.,0
Congratulations! You won Samsung TV in lucky draw. Claim at http://sbi-verify.com,1
Account update karo warna band ho jayega: http://bit.ly/verify,1
Payment of Rs 10000 received. Thank you for your purchase.,0
Your UPI PIN will expire today. Verify by sending Rs 1 to payment@okaxis,1
Flipkart bumper offer! You won Gold Coin. Pay Rs 500 for delivery: verify@paytm,1
Your HDFC account will be closed in 24 hours. Update KYC: http://bit.ly/verify,1
Please review the attached document and share feedback.,0
Your subscription has been renewed successfully. Thank you!,0
Your cab will arrive in 5 minutes. Driver: Anjali,0
This is Police. A case has been filed against your Aadhaar. Pay fine of Rs 2000 or face arrest.,1
Congratulations! You won iPhone 15 in lucky draw. Claim at http://v.ht/pay,1
Amazon lucky draw! You won Samsung TV. Pay Rs 200 shipping: http://sbi-verify.com,1
Security Alert: Someone logged into your ICICI account from Chennai. Call 9123456789,1
Did you see the new update on the company portal about holidays?,0
Congratulations! You are hired by HCL. Send Rs 10000 for laptop delivery to: verify@paytm,1
You are selected for Indian Idol prize of Rs 1000. Call 9988776655 now,1
Lunch at the usual place? I'll be there by 5:30 PM.,0
Rs 5000 credited to your account. Balance: Rs 23682.,0
Sister's wedding urgent expense. Send Rs 5000: help@ybl,1
Your cab will arrive in 5 minutes. Driver: Sneha,0
Your Kotak account is blocked. Call 7766554433 to verify your KYC immediately.,1
The client liked our proposal. Great work team!,0
Your order has been shipped and will arrive by tomorrow.,0
SBI Alert: Unusual transaction detected. Verify OTP 8899 within 1 hour,1
Your order has been shipped and will arrive by tomorrow.,0
RBI Alert: Your account will be suspended. Share OTP to reactivate: 4723,1
Can you share the meeting notes from yesterday's call?,0
Google is recruiting. Apply now by paying Rs 5000 document fee: urgent@oksbi,1
Infosys COD order. Pay Rs 5000 advance for delivery: collect@okicici,1
International courier delivery. Customs fee Rs 500: 9876543210,1
Infosys lucky draw! You won Laptop. Pay Rs 100 shipping: http://tinyurl.com/xyz,1
The match starts at 7 PM. Are you watching?,0
Genuine work from home. Earn 10000 monthly. Registration: 9123456789,1
The party is at Amit's place at 10 AM. See you there!,0
See you at the gym tomorrow morning at 10 AM.,0
The party is at Ravi's place at 5:30 PM. See you there!,0
Bank: Your one-time password is 6882. Do not share.,0
Use 8623 to complete your transaction on Google Pay.,0
Maa ko emergency hai. Jaldi 2000 bhejo: payment@okaxis,1
Cyber Crime Notice: Your number is linked to fraud. Pay Rs 25000: 8877665544,1
"OTP share karo jaldi, account band ho jayega: 8588",1
Please review the attached document and share feedback.,0
Rs 5000 credited to your account. Balance: Rs 32403.,0
COD order confirmation needed. Advance Rs 1000: payment@okaxis,1
Your subscription has been renewed successfully. Thank you!,0
"Hey, are we still meeting for dinner at 8 PM tonight?",0
Can you share the meeting notes from yesterday's call?,0
Your gym membership has been renewed for another year.,0
Your UPI PIN will expire today. Verify by sending Rs 1 to payment@okaxis,1
Police Notice: Your Aadhaar is used in illegal activity. Pay Rs 5000 penalty: 8877665544,1
Your PNB account is blocked. Call 9876543210 to verify your KYC immediately.,1
Real estate investment. Rs 10000 becomes Rs 10000. Book now: 9123456789,1
Your internet bill for this month is Rs 25000.,0
Your friend had an accident. Send Rs 500 for treatment: payment@okaxis,1
Freshers wanted for Data Entry Operator. One-time fee Rs 500. Apply: help@ybl,1
Did you see the new update on the company portal about holidays?,0
"Hey, are we still meeting for dinner at 3 PM tonight?",0
Account update karo warna band ho jayega: http://tinyurl.com/xyz,1
Your order has been shipped and will arrive by Monday.,0
Papa ko heart attack hua. ICU fee Rs 2000 urgent: 7766554433,1
"Beta, bahut emergency hai. 1000 bhej do is number pe: 7766554433",1
Wipro is recruiting. Apply now by paying Rs 50000 document fee: help@ybl,1
Aapka PNB account block ho gaya hai. Turant call karein 9876543210,1
Your UPI payment of Rs 5000 to petrol pump is successful.,0
Your Bank account verification code is 4285.,0
Rs 1000 credited to your account. Balance: Rs 28455.,0
Rs 5000 credited to your account. Balance: Rs 37324.,0
You won iPhone 15 in lucky draw. Courier charges Rs 100: http://sbi-verify.com,1
You won Samsung TV in lucky draw. Courier charges Rs 100: http://tinyurl.com/xyz,1
Your OTP for Google Pay login is 4076. Do not share this with anyone.,0
Lunch at the usual place? I'll be there by 7 PM.,0
Thanks for your help yesterday. Really appreciate it!,0
Account verification pending. Submit Aadhaar OTP 1853 to activate services,1
URGENT: Your account shows suspicious activity. Verify at http://v.ht/pay or call 9123456789,1
Invest Rs 10000 in cryptocurrency. Double returns in 7 days. Register: http://v.ht/pay,1
You have won Rs 25000 in Indian Idol lottery! Call 9876543210 to claim your prize.,1
Your ICICI account will be closed in 24 hours. Update KYC: http://v.ht/pay,1
The package you ordered was delivered to your doorstep.,0
Let's catch up this weekend. Are you free on Saturday?,0
Income Tax Notice: Pay pending Rs 50000 tax immediately. Visit http://v.ht/pay,1
RBI Notice: Your PAN card is not linked. Share OTP 3340 to avoid penalty,1
Your transaction of Rs 500 at grocery store was successful.,0
Your Amazon order requires Re-verification. Update payment: http://sbi-verify.com,1
Tumhara UPI verify karna hai. Rs 1 bhejo help@ybl pe,1
"Bhai urgent accident ho gaya hai, help chahiye. Is UPI pe bhej do: help@ybl",1
Your electricity connection will be cut in 2 hours. Pay pending bill now: http://sbi-verify.com,1
Thanks for your help yesterday. Really appreciate it!,0
Speed Post parcel pending. Pay Rs 2000 charges: collect@okicici,1
You won cashback of Rs 5000! Claim now by sending Rs 10 to payment@okaxis,1
Genuine work from home. Earn 1000 monthly. Registration: 8877665544,1
Your flight booking for Delhi is confirmed. Check your email.,0
"Papa hospital mein hain, urgent 2000 chahiye. Send to collect@okicici",1
"Share market secret tips. Invest Rs 2000, profit guaranteed: 9123456789",1
You are selected for Big Boss prize of Rs 50000. Call 9123456789 now,1
This is Cyber Crime. A case has been filed against your Aadhaar. Pay fine of Rs 1000 or face arrest.,1
Thanks for attending the webinar. Here's the recording link.,0
Rs 50000 debited from your account for Google Pay subscription.,0
Police case hai tumhare Aadhaar pe. Fine bharo 5000: 9123456789,1
Your UPI payment of Rs 2000 to pharmacy is successful.,0
The weather looks good for the picnic on Sunday.,0
Can you share the meeting notes from yesterday's call?,0
KBC Lottery winner! Rs 50000 credited. Verify at 9988776655,1
The weather looks good for the picnic on Sunday.,0
Rs 50000 debited from your account for Amazon subscription.,0
Maa ko emergency hai. Jaldi 500 bhejo: collect@okicici,1
Let's catch up this weekend. Are you free on Saturday?,0
Traffic Police: Challan of Rs 50000 pending. Pay now: http://sbi-verify.com,1
Your shoes delivery is pending. Pay Rs 10000 customs fee: http://tinyurl.com/xyz,1
Your UPI payment of Rs 25000 to Amazon is successful.,0
Part-time job opportunity! Earn Rs 50000 per week. Send resume to 8877665544,1
The weather looks good for the picnic on Sunday.,0
Your shoes delivery is pending. Pay Rs 50000 customs fee: http://v.ht/pay,1
The weather looks good for the picnic on Sunday.,0
Your SBI mobile banking is locked. Reset PIN by calling 8877665544,1
Please review the attached document and share feedback.,0
Receive your OLX payment of Rs 50000. Scan QR and enter UPI PIN: http://v.ht/pay,1
Did you finish watching that series? No spoilers please!,0
"Your SBI debit card has been used for Rs 2000. If not you, call 9988776655",1
Thanks for your help yesterday. Really appreciate it!,0
The party is at Priya's place at 3 PM. See you there!,0
Cyber Crime Notice: Your number is linked to fraud. Pay Rs 25000: 7766554433,1
Your flight booking for Bangalore is confirmed. Check your email.,0
Account verification pending. Submit Aadhaar OTP 8791 to activate services,1
"Share market secret tips. Invest Rs 500, profit guaranteed: 7766554433",1
Bitcoin trading opportunity. Rs 2000 investment = Rs 50000 profit. Join: http://tinyurl.com/xyz,1
The client liked our proposal. Great work team!,0
Let's catch up this weekend. Are you free on Saturday?,0
"Share market secret tips. Invest Rs 1000, profit guaranteed: 7766554433",1
Your HDFC account is blocked. Call 8877665544 to verify your KYC immediately.,1
Rs 50000 debited from your account for Flipkart subscription.,0
RBI Alert: Your account will be suspended. Share OTP to reactivate: 2940,1
Freshers wanted for HR Executive. One-time fee Rs 500. Apply: help@ybl,1
Your gym membership has been renewed for another year.,0
"Congratulations! You won Rs 50,000 cash in lucky draw. Claim at http://bit.ly/verify",1
Son in police custody. Send Rs 2000 immediately to urgent@oksbi,1
"OTP share karo jaldi, account band ho jayega: 6035",1
"Government scheme: Invest Rs 50000, get Rs 50000 return. Apply: urgent@oksbi",1
The client liked our proposal. Great work team!,0
You are selected for Indian Idol prize of Rs 25000. Call 9988776655 now,1
The meeting has been rescheduled to 7 PM. Please confirm.,0
Use 5827 to complete your transaction on Paytm.,0
"Dear customer, your ATM card is blocked. Click http://bit.ly/verify to unlock.",1
Aapka SBI account block ho gaya hai. Turant call karein 9123456789,1
Your laptop repair is complete. You can pick it up anytime.,0
Your mobile number will be blocked. Clear pending Rs 50000: 9123456789,1
Tumhara UPI verify karna hai. Rs 1 bhejo verify@paytm pe,1
"Dear customer, your account has been debited Rs 25000. Call 9988776655 if unauthorized",1
Your mobile number will be blocked. Clear pending Rs 5000: 9988776655,1
Cyber Crime Notice: Your number is linked to fraud. Pay Rs 5000: 7766554433,1
Your bag delivery is pending. Pay Rs 2000 customs fee: http://sbi-verify.com,1
Don't forget about the presentation tomorrow at 8 PM.,0
PhonePe offer: Get Rs 5000 cashback. Send Re 1 to collect@okicici to claim,1
Remote job at Google. Send Rs 50000 for offer letter: help@ybl,1
ED Alert: Arrest warrant issued. Pay Rs 2000 fine to cancel: http://v.ht/pay,1
Maa ko emergency hai. Jaldi 500 bhejo: help@ybl,1
The weather looks good for the picnic on Sunday.,0
Account verification pending. Submit Aadhaar OTP 5960 to activate services,1
Cyber Crime Notice: Your number is linked to fraud. Pay Rs 1000: 7766554433,1
HCL lucky draw! You won Samsung TV. Pay Rs 50 shipping: http://tinyurl.com/xyz,1
"I'll be late for the meeting, stuck in traffic near Indiranagar.",0
"Beta, bahut emergency hai. 25000 bhej do is number pe: 9123456789",1
Your OTP for Flipkart login is 4148. Do not share this with anyone.,0
Send 1 rupee to verify your UPI: help@ybl,1
"Bhai bike accident, hospital bill Rs 10000. Help: payment@okaxis",1
Police Notice: Your Aadhaar is used in illegal activity. Pay Rs 5000 penalty: 7766554433,1
"Mom says the food is ready, come home soon from the office.",0
Rs 5000 debited from your account for Google Pay subscription.,0
Sister's wedding urgent expense. Send Rs 50000: help@ybl,1
Part-time job opportunity! Earn Rs 500 per week. Send resume to 8877665544,1
Your OTP for Bank login is 3342. Do not share this with anyone.,0
Your Google Pay account verification code is 1891.,0
Salary nahi aayi? HR se contact karo 9988776655 pe,1
Can you pick up groceries on your way home? Need milk and bread.,0
Your electricity connection will be cut in 2 hours. Pay pending bill now: http://bit.ly/verify,1
Your SBI account will be closed in 24 hours. Update KYC: http://sbi-verify.com,1
Please review the attached document and share feedback.,0
International courier delivery. Customs fee Rs 25000: 9876543210,1
"Hey, are we still meeting for dinner at 10 AM tonight?",0
The meeting has been rescheduled to 6 PM. Please confirm.,0
"Hey, are we still meeting for dinner at 7 PM tonight?",0
Please send the project report by Monday morning. Thanks!,0
Congratulations! Rs 5000 prize money. Processing fee Rs 10: help@ybl,1
Speed Post parcel pending. Pay Rs 10000 charges: payment@okaxis,1
Aapka PNB account block ho gaya hai. Turant call karein 9876543210,1
"Papa hospital mein hain, urgent 2000 chahiye. Send to verify@paytm",1
Your Bank of India mobile banking is locked. Reset PIN by calling 8877665544,1
Freshers wanted for Customer Support. One-time fee Rs 1000. Apply: urgent@oksbi,1
Your internet bill for this month is Rs 50000.,0
Congratulations! You are hired by Flipkart. Send Rs 50000 for laptop delivery to: urgent@oksbi,1
Dinner was amazing! Thanks for the recommendation.,0
Your laptop repair is complete. You can pick it up anytime.,0
Please review the attached document and share feedback.,0
Son in police custody. Send Rs 50000 immediately to verify@paytm,1
Your application has been received. We'll get back to you soon.,0
"Dear customer, your debit card is blocked. Click http://tinyurl.com/xyz to unlock.",1
International courier delivery. Customs fee Rs 1000: 7766554433,1
Receive your OLX payment of Rs 1000. Scan QR and enter UPI PIN: http://tinyurl.com/xyz,1
Your application has been received. We'll get back to you soon.,0
Your UPI payment of Rs 1000 to restaurant is successful.,0
"Hi, I'm the Recruiter. You are shortlisted for Data Entry Operator. Pay Rs 25000 for docs: verify@paytm",1
Receive your OLX payment of Rs 1000. Scan QR and enter UPI PIN: http://v.ht/pay,1
Your exam results have been published. Check the portal.,0
You won cashback of Rs 2000! Claim now by sending Rs 10 to help@ybl,1
Son in police custody. Send Rs 1000 immediately to verify@paytm,1
Bitcoin trading opportunity. Rs 25000 investment = Rs 100000 profit. Join: http://v.ht/pay,1
Rs 10000 debited from your account for Google Pay subscription.,0
You have unclaimed refund of Rs 10000. Collect at urgent@oksbi,1
Court summons issued. Settle case by paying Rs 25000: http://tinyurl.com/xyz,1
Your laptop repair is complete. You can pick it up anytime.,0
Can you pick up groceries on your way home? Need milk and bread.,0
The match starts at 3 PM. Are you watching?,0
The event starts at 7 PM. Don't be late!,0
Aapka PNB account block ho gaya hai. Turant call karein 9876543210,1
Thanks for attending the webinar. Here's the recording link.,0
Congratulations on your promotion! Well deserved.,0
Paytm KYC pending. Send Rs 1 to help@ybl to activate full wallet,1
COD order confirmation needed. Advance Rs 5000: collect@okicici,1
See you at the gym tomorrow morning at 8 PM.,0
The package you ordered was delivered to your doorstep.,0
Happy birthday! Hope you have a great year ahead.,0
Security Alert: Someone logged into your Kotak account from Mumbai. Call 7766554433,1
"Guaranteed returns! Invest Rs 25000, earn Rs 10000. WhatsApp 9123456789",1
The team outing is planned for next Friday. Mark your calendar.,0
The client liked our proposal. Great work team!,0
"Hey, are we still meeting for dinner at 3 PM tonight?",0
URGENT: Your account shows suspicious activity. Verify at http://bit.ly/verify or call 9988776655,1
Income Tax Alert: Arrest warrant issued. Pay Rs 50000 fine to cancel: http://bit.ly/verify,1
The package you ordered was delivered to your doorstep.,0
"Bhai bike accident, hospital bill Rs 10000. Help: urgent@oksbi",1
Your application has been received. We'll get back to you soon.,0
Google Pay reward Rs 2000 credited. Verify UPI at payment@okaxis,1
"Dear customer, your credit card limit is reduced. Call 9876543210 to restore",1
Parcel from Singapore held at customs. Clear Rs 25000 duty: 9876543210,1
RBI Alert: Your account will be suspended. Share OTP to reactivate: 1596,1
"Your phone number won Rs 50,000 cash in TCS draw. Contact 9876543210",1
Thanks for attending the webinar. Here's the recording link.,0
Rs 50000 debited from your account for Paytm subscription.,0
Your laptop repair is complete. You can pick it up anytime.,0
Send 1 rupee to verify your UPI: help@ybl,1
Work from home job! Earn 5000 daily. No experience needed. WhatsApp 9988776655,1
URGENT: Your account shows suspicious activity. Verify at http://sbi-verify.com or call 9123456789,1
Genuine work from home. Earn 50000 monthly. Registration: 9988776655,1
Your UPI payment of Rs 25000 to grocery store is successful.,0
Your Paytm wallet is locked. Unlock by paying Rs 10 to verify@paytm,1
Happy birthday! Hope you have a great year ahead.,0
Tumhara UPI verify karna hai. Rs 1 bhejo verify@paytm pe,1
"Mummy phone chori ho gaya hai, naye number pe 2000 bhej do: collect@okicici",1
"Gold investment scheme. Pay Rs 1000, get 100000 returns: http://v.ht/pay",1
"Mummy phone chori ho gaya hai, naye number pe 10000 bhej do: verify@paytm",1
"I'll be late for the meeting, stuck in traffic near MG Road.",0
"Hey, are we still meeting for dinner at 10 AM tonight?",0
Use 8927 to complete your transaction on Paytm.,0
You are selected for KBC prize of Rs 25000. Call 9988776655 now,1
Rs 10000 debited from your account for Paytm subscription.,0
Flipkart: Your one-time password is 5259. Do not share.,0
Dinner was amazing! Thanks for the recommendation.,0
The match starts at 7 PM. Are you watching?,0
Can you pick up groceries on your way home? Need milk and bread.,0
International courier delivery. Customs fee Rs 10000: 9988776655,1
Invest Rs 10000 in cryptocurrency. Double returns in 60 days. Register: http://sbi-verify.com,1
Bhai free iPhone jeetne ka mauka. Rs 5000 bhejo: verify@paytm,1
Can you pick up groceries on your way home? Need milk and bread.,0
Your UPI PIN will expire today. Verify by sending Rs 1 to payment@okaxis,1
Reminder: Doctor's appointment on tomorrow at 5:30 PM.,0
Wipro is recruiting. Apply now by paying Rs 5000 document fee: collect@okicici,1
Did you finish watching that series? No spoilers please!,0
Thanks for attending the webinar. Here's the recording link.,0
"Share market secret tips. Invest Rs 25000, profit guaranteed: 7766554433",1
"I'll be late for the meeting, stuck in traffic near Koramangala.",0
Your electricity connection will be cut in 2 hours. Pay pending bill now: http://sbi-verify.com,1
Your watch delivery is pending. Pay Rs 50000 customs fee: http://v.ht/pay,1
HCL lucky draw! You won Laptop. Pay Rs 500 shipping: http://v.ht/pay,1
Your Paytm wallet is locked. Unlock by paying Rs 10 to verify@paytm,1
The party is at Sneha's place at 8 PM. See you there!,0
RBI Alert: Your account will be suspended. Share OTP to reactivate: 8673,1
Your UPI payment of Rs 5000 to petrol pump is successful.,0
"Your phone number won Rs 50,000 cash in Infosys draw. Contact 7766554433",1
"Share market secret tips. Invest Rs 10000, profit guaranteed: 9876543210",1
Your cab will arrive in 5 minutes. Driver: Rahul,0
"Gold investment scheme. Pay Rs 2000, get 10000 returns: http://tinyurl.com/xyz",1
Your flight booking for Hyderabad is confirmed. Check your email.,0
"Dear customer, your account has been debited Rs 25000. Call 8877665544 if unauthorized",1
Your UPI PIN will expire today. Verify by sending Rs 1 to collect@okicici,1
Happy anniversary! Wishing you many more years of happiness.,0
Thanks for your help yesterday. Really appreciate it!,0
The match starts at 7 PM. Are you watching?,0
Congratulations on your promotion! Well deserved.,0
Salary nahi aayi? HR se contact karo 9988776655 pe,1
Use 2461 to complete your transaction on Google Pay.,0
Your internet bill for this month is Rs 5000.,0
Your transaction of Rs 5000 at Amazon was successful.,0
Your UPI payment of Rs 50000 to grocery store is successful.,0
Remote job at Google. Send Rs 500 for offer letter: verify@paytm,1
Reminder: Doctor's appointment on Friday at 3 PM.,0
Your OTP for Flipkart login is 4601. Do not share this with anyone.,0
See you at the gym tomorrow morning at 3 PM.,0
Your cab will arrive in 5 minutes. Driver: Ravi,0
Forex trading signals. Earn Rs 10000 daily. Fee Rs 10000: collect@okicici,1
Happy birthday! Hope you have a great year ahead.,0
Send 1 rupee to verify your UPI: payment@okaxis,1
Please review the attached document and share feedback.,0
Your OTP for Flipkart login is 6234. Do not share this with anyone.,0
Google Pay reward Rs 25000 credited. Verify UPI at payment@okaxis,1
Bank: Your one-time password is 4715. Do not share.,0
Remote job at TCS. Send Rs 50000 for offer letter: help@ybl,1
The party is at Anjali's place at 7 PM. See you there!,0
The party is at Ravi's place at 7 PM. See you there!,0
Police case hai tumhare Aadhaar pe. Fine bharo 2000: 8877665544,1
"Government scheme: Invest Rs 25000, get Rs 10000 return. Apply: payment@okaxis",1
Google Pay: Your one-time password is 6930. Do not share.,0
Your gas connection will be terminated. Clear dues Rs 5000: urgent@oksbi,1
Happy birthday! Hope you have a great year ahead.,0
Congratulations! You are hired by TCS. Send Rs 50000 for laptop delivery to: payment@okaxis,1
Google Pay reward Rs 500 credited. Verify UPI at payment@okaxis,1
The weather looks good for the picnic on Sunday.,0
Your transaction of Rs 50000 at pharmacy was successful.,0
Flipkart bumper offer! You won iPhone 15. Pay Rs 50 for delivery: collect@okicici,1
"Government scheme: Invest Rs 1000, get Rs 50000 return. Apply: payment@okaxis",1
Your Google Pay account verification code is 3069.,0
Stock market tips! Earn Rs 10000 daily. Join now: 7766554433,1
Can you pick up groceries on your way home? Need milk and bread.,0
Did you finish watching that series? No spoilers please!,0
Let's catch up this weekend. Are you free on Saturday?,0
"Guaranteed returns! Invest Rs 2000, earn Rs 100000. WhatsApp 9876543210",1
"Bhai urgent accident ho gaya hai, help chahiye. Is UPI pe bhej do: verify@paytm",1
Real estate investment. Rs 1000 becomes Rs 10000. Book now: 8877665544,1
Your UPI payment of Rs 50000 to pharmacy is successful.,0
Thanks for attending the webinar. Here's the recording link.,0
"Government scheme: Invest Rs 2000, get Rs 100000 return. Apply: urgent@oksbi",1
Stock market tips! Earn Rs 25000 daily. Join now: 8877665544,1
Receive your OLX payment of Rs 25000. Scan QR and enter UPI PIN: http://v.ht/pay,1
"Hey, are we still meeting for dinner at 7 PM tonight?",0
Security Alert: Someone logged into your PNB account from Hyderabad. Call 7766554433,1
Your phone number won Samsung TV in Google draw. Contact 8877665544,1
"Mom says the food is ready, come home soon from the office.",0
Rs 5000 debited from your account for Google Pay subscription.,0
Thanks for attending the webinar. Here's the recording link.,0
Your Paytm wallet is locked. Unlock by paying Rs 10 to payment@okaxis,1
Your gym membership has been renewed for another year.,0
The party is at Rahul's place at 3 PM. See you there!,0
Reminder: Doctor's appointment on next week at 5:30 PM.,0
Dinner was amazing! Thanks for the recommendation.,0
Your package is ready. Pay Rs 50000 shipping: http://tinyurl.com/xyz,1
"Bhai bike accident, hospital bill Rs 50000. Help: help@ybl",1
Your subscription has been renewed successfully. Thank you!,0
Your friend had an accident. Send Rs 50000 for treatment: urgent@oksbi,1
ED Alert: Arrest warrant issued. Pay Rs 500 fine to cancel: http://v.ht/pay,1
Let's catch up this weekend. Are you free on Saturday?,0
Happy anniversary! Wishing you many more years of happiness.,0
The event starts at 10 AM. Don't be late!,0
Can you share the meeting notes from yesterday's call?,0
"Papa hospital mein hain, urgent 5000 chahiye. Send to urgent@oksbi",1
Rs 500 credited to your account. Balance: Rs 43040.,0
Sister's wedding urgent expense. Send Rs 5000: urgent@oksbi,1
Your laptop repair is complete. You can pick it up anytime.,0
"Dear customer, your ATM card is blocked. Click http://v.ht/pay to unlock.",1
"Bhai urgent accident ho gaya hai, help chahiye. Is UPI pe bhej do: help@ybl",1
"Papa hospital mein hain, urgent 1000 chahiye. Send to collect@okicici",1
The match starts at 7 PM. Are you watching?,0
Amazon lucky draw jeeta hai. 25000 delivery charges bhejo: payment@okaxis,1
Please review the attached document and share feedback.,0
Part-time job opportunity! Earn Rs 1000 per week. Send resume to 9988776655,1
Did you finish watching that series? No spoilers please!,0
Can you pick up groceries on your way home? Need milk and bread.,0
Beta kidnapped. Don't call police. Send Rs 10000 to collect@okicici,1
"Hi, I'm the Manager. You are shortlisted for Customer Support. Pay Rs 10000 for docs: collect@okicici",1
Please send the project report by Monday morning. Thanks!,0
"Mom says the food is ready, come home soon from the office.",0
Rs 2000 credited to your account. Balance: Rs 28622.,0
Police Notice: Your Aadhaar is used in illegal activity. Pay Rs 500 penalty: 9123456789,1
Maa ko emergency hai. Jaldi 1000 bhejo: help@ybl,1
The event starts at 7 PM. Don't be late!,0
Your account will be deactivated. Click http://v.ht/pay to submit KYC documents now,1
Google Pay reward Rs 2000 credited. Verify UPI at collect@okicici,1
Your UPI payment of Rs 1000 to pharmacy is successful.,0
Account verification pending. Submit Aadhaar OTP 4784 to activate services,1
Congratulations on your promotion! Well deserved.,0
Your order has been shipped and will arrive by Friday.,0
The client liked our proposal. Great work team!,0
The package you ordered was delivered to your doorstep.,0
Your internet bill for this month is Rs 50000.,0
Your assignment has been graded. Good work!,0
RBI Notice: Your PAN card is not linked. Share OTP 3108 to avoid penalty,1
Rs 25000 credited to your account. Balance: Rs 27107.,0
The meeting has been rescheduled to 10 AM. Please confirm.,0
"Dear customer, your account has been debited Rs 50000. Call 9988776655 if unauthorized",1
Work from home job! Earn 50000 daily. No experience needed. WhatsApp 9123456789,1
Traffic Police: Challan of Rs 1000 pending. Pay now: http://v.ht/pay,1
Thanks for attending the webinar. Here's the recording link.,0
The party is at Rahul's place at 6 PM. See you there!,0
Cyber Crime Notice: Your number is linked to fraud. Pay Rs 10000: 9876543210,1
Your laptop repair is complete. You can pick it up anytime.,0
Your cab will arrive in 5 minutes. Driver: Rahul,0
Account verification pending. Submit Aadhaar OTP 3698 to activate services,1
"Guaranteed returns! Invest Rs 5000, earn Rs 10000. WhatsApp 9123456789",1
Court summons issued. Settle case by paying Rs 25000: http://bit.ly/verify,1
You have unclaimed refund of Rs 500. Collect at help@ybl,1
Remote job at Amazon. Send Rs 500 for offer letter: payment@okaxis,1
Your phone number won Samsung TV in Amazon draw. Contact 7766554433,1
The team outing is planned for next Friday. Mark your calendar.,0
Your account will be deactivated. Click http://bit.ly/verify to submit KYC documents now,1
You have won Rs 10000 in Big Boss lottery! Call 9876543210 to claim your prize.,1
Paytm mein 10000 rupay credited hain. Claim karo: payment@okaxis,1
Your exam results have been published. Check the portal.,0
Payment of Rs 50000 received. Thank you for your purchase.,0
Your internet bill for this month is Rs 10000.,0
"Guaranteed returns! Invest Rs 25000, earn Rs 10000. WhatsApp 8877665544",1
Congratulations! Rs 2000 added to your account. Withdraw at verify@paytm,1
Send 1 rupee to verify your UPI: verify@paytm,1
Can you pick up groceries on your way home? Need milk and bread.,0
Your package is ready. Pay Rs 25000 shipping: http://tinyurl.com/xyz,1
Your UPI payment of Rs 1000 to grocery store is successful.,0
Police case hai tumhare Aadhaar pe. Fine bharo 2000: 8877665544,1
Your electricity connection will be cut in 2 hours. Pay pending bill now: http://tinyurl.com/xyz,1
Your application has been received. We'll get back to you soon.,0
Let's catch up this weekend. Are you free on Saturday?,0
The client liked our proposal. Great work team!,0
COD order confirmation needed. Advance Rs 1000: verify@paytm,1
Your mobile number will be blocked. Clear pending Rs 10000: 9876543210,1
"Bhai urgent accident ho gaya hai, help chahiye. Is UPI pe bhej do: urgent@oksbi",1
Your PNB mobile banking is locked. Reset PIN by calling 7766554433,1
Your electricity connection will be cut in 2 hours. Pay pending bill now: http://bit.ly/verify,1
Salary nahi aayi? HR se contact karo 7766554433 pe,1
"Papa hospital mein hain, urgent 1000 chahiye. Send to verify@paytm",1
The match starts at 8 PM. Are you watching?,0
URGENT: Your account shows suspicious activity. Verify at http://v.ht/pay or call 9988776655,1
"Mummy phone chori ho gaya hai, naye number pe 5000 bhej do: help@ybl",1
Your application has been received. We'll get back to you soon.,0
Mom: I paid the electricity bill online. Receipt is on your WhatsApp.,0
Please send the project report by Monday morning. Thanks!,0
Your application has been received. We'll get back to you soon.,0
Tumhara UPI verify karna hai. Rs 1 bhejo urgent@oksbi pe,1
Security Alert: Someone logged into your ICICI account from Delhi. Call 9123456789,1
Your order has been shipped and will arrive by Friday.,0
Your transaction of Rs 1000 at pharmacy was successful.,0
The meeting has been rescheduled to 8 PM. Please confirm.,0
Beta kidnapped. Don't call police. Send Rs 500 to verify@paytm,1
HCL lucky draw! You won Gold Coin. Pay Rs 10 shipping: http://tinyurl.com/xyz,1
Rs 500 credited to your account. Balance: Rs 32467.,0
Dinner was amazing! Thanks for the recommendation.,0
Your train ticket from Mumbai to Pune is confirmed.,0
"Dear customer, your debit card is blocked. Click http://v.ht/pay to unlock.",1
Paytm KYC pending. Send Rs 1 to payment@okaxis to activate full wallet,1
Your OTP for Flipkart login is 8313. Do not share this with anyone.,0
Payment of Rs 50000 received. Thank you for your purchase.,0
Your order has been shipped and will arrive by Tuesday.,0
Your phone number won Laptop in Wipro draw. Contact 7766554433,1
"Bhai urgent accident ho gaya hai, help chahiye. Is UPI pe bhej do: urgent@oksbi",1
Reminder: Doctor's appointment on Friday at 8 PM.,0
RBI Notice: Your PAN card is not linked. Share OTP 6295 to avoid penalty,1
Police Alert: Arrest warrant issued. Pay Rs 500 fine to cancel: http://bit.ly/verify,1
Payment of Rs 5000 received. Thank you for your purchase.,0
You are selected for Software Engineer role. Pay Rs 50000 training fee: collect@okicici,1
You have won Rs 5000 in Kaun Banega Crorepati lottery! Call 8877665544 to claim your prize.,1
The package you ordered was delivered to your doorstep.,0
"Dear customer, your credit card limit is reduced. Call 9988776655 to restore",1
2157 is your verification code for Paytm. Valid for 10 minutes.,0
"Papa hospital mein hain, urgent 2000 chahiye. Send to collect@okicici",1
The meeting has been rescheduled to 7 PM. Please confirm.,0
Don't forget about the presentation tomorrow at 6 PM.,0
The weather looks good for the picnic on Sunday.,0
7289 is your verification code for Google Pay. Valid for 10 minutes.,0
The client liked our proposal. Great work team!,0
You are selected for KBC prize of Rs 10000. Call 9988776655 now,1
Part-time job opportunity! Earn Rs 25000 per week. Send resume to 9876543210,1
Your Bank account verification code is 9685.,0
Use 1077 to complete your transaction on Bank.,0
Your train ticket from Pune to Delhi is confirmed.,0
Tumhara UPI verify karna hai. Rs 1 bhejo help@ybl pe,1
Police Alert: Arrest warrant issued. Pay Rs 1000 fine to cancel: http://v.ht/pay,1
"Flipkart lucky draw! You won Rs 50,000 cash. Pay Rs 100 shipping: http://tinyurl.com/xyz",1
Mom: I paid the electricity bill online. Receipt is on your WhatsApp.,0
Genuine work from home. Earn 500 monthly. Registration: 9876543210,1
Let's catch up this weekend. Are you free on Saturday?,0
Papa ko heart attack hua. ICU fee Rs 5000 urgent: 9123456789,1
"Hi, I'm the Team Lead. You are shortlisted for Customer Support. Pay Rs 10000 for docs: help@ybl",1
You are selected for Data Entry Operator role. Pay Rs 25000 training fee: verify@paytm,1
The meeting has been rescheduled to 3 PM. Please confirm.,0
Let's catch up this weekend. Are you free on Saturday?,0
Can you share the meeting notes from yesterday's call?,0
Flipkart delivery failed. Confirm address and pay Rs 2000: http://tinyurl.com/xyz,1
"Dear customer, your account has been debited Rs 25000. Call 9988776655 if unauthorized",1
Parcel from UK held at customs. Clear Rs 25000 duty: 9123456789,1
Traffic Police: Challan of Rs 500 pending. Pay now: http://bit.ly/verify,1
"Guaranteed returns! Invest Rs 50000, earn Rs 50000. WhatsApp 8877665544",1
Amazon lucky draw jeeta hai. 1000 delivery charges bhejo: verify@paytm,1
Happy anniversary! Wishing you many more years of happiness.,0
Congratulations! Rs 50000 prize money. Processing fee Rs 10: collect@okicici,1
You are selected for HR Executive role. Pay Rs 5000 training fee: payment@okaxis,1
Thanks for your help yesterday. Really appreciate it!,0
Mom: I paid the electricity bill online. Receipt is on your WhatsApp.,0
Lunch at the usual place? I'll be there by 10 AM.,0
This is ED. A case has been filed against your Aadhaar. Pay fine of Rs 5000 or face arrest.,1
The event starts at 10 AM. Don't be late!,0
Your Amazon order requires Re-verification. Update payment: http://sbi-verify.com,1
RBI Notice: Your PAN card is not linked. Share OTP 1194 to avoid penalty,1
RBI Notice: Your PAN card is not linked. Share OTP 4394 to avoid penalty,1
Your order has been shipped and will arrive by Monday.,0
Sister's wedding urgent expense. Send Rs 10000: collect@okicici,1
Mom: I paid the electricity bill online. Receipt is on your WhatsApp.,0
Your order has been shipped and will arrive by Tuesday.,0
Please review the attached document and share feedback.,0
Your assignment has been graded. Good work!,0
Did you finish watching that series? No spoilers please!,0
Your train ticket from Pune to Delhi is confirmed.,0
Bitcoin trading opportunity. Rs 2000 investment = Rs 100000 profit. Join: http://v.ht/pay,1
"Dear customer, your debit card is blocked. Click http://bit.ly/verify to unlock.",1
The event starts at 3 PM. Don't be late!,0
The meeting has been rescheduled to 3 PM. Please confirm.,0
Paytm KYC pending. Send Rs 1 to payment@okaxis to activate full wallet,1
Congratulations on your promotion! Well deserved.,0
MLM opportunity! Earn Rs 50000 monthly. Registration Rs 25000: payment@okaxis,1
The client liked our proposal. Great work team!,0
Your transaction of Rs 10000 at restaurant was successful.,0
Sister's wedding urgent expense. Send Rs 1000: help@ybl,1
Dinner was amazing! Thanks for the recommendation.,0
Use 1897 to complete your transaction on Google Pay.,0
Cyber Crime Notice: Your number is linked to fraud. Pay Rs 500: 9988776655,1
Your gas connection will be terminated. Clear dues Rs 500: payment@okaxis,1
You won cashback of Rs 10000! Claim now by sending Rs 10 to collect@okicici,1
Payment of Rs 10000 received. Thank you for your purchase.,0
RBI Alert: Your account will be suspended. Share OTP to reactivate: 6621,1
Your package is ready. Pay Rs 2000 shipping: http://tinyurl.com/xyz,1
RBI Notice: Your PAN card is not linked. Share OTP 4714 to avoid penalty,1
Son in police custody. Send Rs 2000 immediately to verify@paytm,1
Genuine work from home. Earn 500 monthly. Registration: 7766554433,1
Please send the project report by Monday morning. Thanks!,0
"Your Axis Bank debit card has been used for Rs 25000. If not you, call 7766554433",1
Flipkart delivery failed. Confirm address and pay Rs 500: http://tinyurl.com/xyz,1
Your Axis Bank mobile banking is locked. Reset PIN by calling 7766554433,1
Happy birthday! Hope you have a great year ahead.,0
Your UPI payment of Rs 2000 to pharmacy is successful.,0
Mom: I paid the electricity bill online. Receipt is on your WhatsApp.,0
The party is at Amit's place at 6 PM. See you there!,0
Please send the project report by Monday morning. Thanks!,0
See you at the gym tomorrow morning at 5:30 PM.,0
You have won Rs 500 in Big Boss lottery! Call 8877665544 to claim your prize.,1
Your OTP for Flipkart login is 7471. Do not share this with anyone.,0
Your PNB account will be closed in 24 hours. Update KYC: http://sbi-verify.com,1
"Gold investment scheme. Pay Rs 500, get 50000 returns: http://sbi-verify.com",1
Can you pick up groceries on your way home? Need milk and bread.,0
Stock market tips! Earn Rs 25000 daily. Join now: 9876543210,1
Speed Post parcel pending. Pay Rs 2000 charges: payment@okaxis,1
Your OTP for Bank login is 7704. Do not share this with anyone.,0
Remote job at Amazon. Send Rs 10000 for offer letter: help@ybl,1
The team outing is planned for next Friday. Mark your calendar.,0
Cyber Crime Notice: Your number is linked to fraud. Pay Rs 5000: 9876543210,1
Happy birthday! Hope you have a great year ahead.,0
Lucky winner! You won Rs 1000. Claim fee Rs 10: verify@paytm,1
Aapka Kotak account block ho gaya hai. Turant call karein 7766554433,1
The client liked our proposal. Great work team!,0
Don't forget about the presentation tomorrow at 3 PM.,0
"Mummy phone chori ho gaya hai, naye number pe 10000 bhej do: payment@okaxis",1
Speed Post parcel pending. Pay Rs 500 charges: help@ybl,1
Thanks for your help yesterday. Really appreciate it!,0
Speed Post parcel pending. Pay Rs 1000 charges: help@ybl,1
International courier delivery. Customs fee Rs 10000: 9876543210,1
Freshers wanted for Software Engineer. One-time fee Rs 2000. Apply: collect@okicici,1
RBI Notice: Your PAN card is not linked. Share OTP 9322 to avoid penalty,1
Delivery on hold. Pay Rs 500 re-delivery charges: 9988776655,1
Congratulations! You are hired by TCS. Send Rs 1000 for laptop delivery to: help@ybl,1
Did you see the new update on the company portal about holidays?,0
Cyber Crime Notice: Your number is linked to fraud. Pay Rs 5000: 9123456789,1
Your cab will arrive in 5 minutes. Driver: Sneha,0
Please send the project report by Monday morning. Thanks!,0
Your gym membership has been renewed for another year.,0
Please send the project report by Monday morning. Thanks!,0
1969 is your verification code for Amazon. Valid for 10 minutes.,0
Real estate investment. Rs 2000 becomes Rs 100000. Book now: 8877665544,1
PhonePe offer: Get Rs 10000 cashback. Send Re 1 to payment@okaxis to claim,1
Forex trading signals. Earn Rs 10000 daily. Fee Rs 5000: collect@okicici,1
"Papa hospital mein hain, urgent 25000 chahiye. Send to help@ybl",1
Your exam results have been published. Check the portal.,0
Your Kotak mobile banking is locked. Reset PIN by calling 8877665544,1
This is ED. A case has been filed against your Aadhaar. Pay fine of Rs 500 or face arrest.,1
"You won Rs 50,000 cash in lucky draw. Courier charges Rs 50: http://v.ht/pay",1
Work from home job! Earn 10000 daily. No experience needed. WhatsApp 9123456789,1
Your Paytm wallet is locked. Unlock by paying Rs 10 to payment@okaxis,1
"Your Axis Bank debit card has been used for Rs 500. If not you, call 7766554433",1
"I'll be late for the meeting, stuck in traffic near Koramangala.",0
Rs 500 credited to your account. Balance: Rs 40756.,0
"Hey, are we still meeting for dinner at 8 PM tonight?",0
Your subscription has been renewed successfully. Thank you!,0
Use 7493 to complete your transaction on Amazon.,0
The party is at Ravi's place at 6 PM. See you there!,0
The client liked our proposal. Great work team!,0
Account update karo warna band ho jayega: http://bit.ly/verify,1
The weather looks good for the picnic on Sunday.,0
8742 is your verification code for Bank. Valid for 10 minutes.,0
RBI Alert: Your account will be suspended. Share OTP to reactivate: 4061,1
Congratulations! You are hired by TCS. Send Rs 50000 for laptop delivery to: help@ybl,1
"Your phone number won Rs 50,000 cash in Amazon draw. Contact 8877665544",1
Bhai free iPhone jeetne ka mauka. Rs 25000 bhejo: payment@okaxis,1
Part-time job opportunity! Earn Rs 1000 per week. Send resume to 9876543210,1
Flipkart delivery failed. Confirm address and pay Rs 2000: http://tinyurl.com/xyz,1
Infosys is recruiting. Apply now by paying Rs 1000 document fee: verify@paytm,1
"Dear customer, your credit card limit is reduced. Call 8877665544 to restore",1
Sister's wedding urgent expense. Send Rs 10000: payment@okaxis,1
TCS is recruiting. Apply now by paying Rs 2000 document fee: payment@okaxis,1
Did you finish watching that series? No spoilers please!,0
"Mom says the food is ready, come home soon from the office.",0
The event starts at 5:30 PM. Don't be late!,0
Your train ticket from Mumbai to Delhi is confirmed.,0
"Mom says the food is ready, come home soon from the office.",0
"Gold investment scheme. Pay Rs 2000, get 50000 returns: http://tinyurl.com/xyz",1
You are selected for Software Engineer role. Pay Rs 5000 training fee: payment@okaxis,1
PhonePe offer: Get Rs 10000 cashback. Send Re 1 to urgent@oksbi to claim,1
Congratulations! Rs 50000 added to your account. Withdraw at collect@okicici,1
Bank: Your one-time password is 5323. Do not share.,0
Lucky winner! You won Rs 10000. Claim fee Rs 100: urgent@oksbi,1
Let's catch up this weekend. Are you free on Saturday?,0
"Mummy phone chori ho gaya hai, naye number pe 5000 bhej do: verify@paytm",1
Police case hai tumhare Aadhaar pe. Fine bharo 2000: 7766554433,1
Did you see the new update on the company portal about holidays?,0
"I'll be late for the meeting, stuck in traffic near Whitefield.",0
The event starts at 3 PM. Don't be late!,0
"Mom says the food is ready, come home soon from the office.",0
Your subscription has been renewed successfully. Thank you!,0
Did you see the new update on the company portal about holidays?,0
You are selected for Software Engineer role. Pay Rs 500 training fee: payment@okaxis,1
Congratulations on your promotion! Well deserved.,0
"Papa hospital mein hain, urgent 2000 chahiye. Send to verify@paytm",1
Your Paytm account verification code is 2977.,0
"Beta, bahut emergency hai. 2000 bhej do is number pe: 8877665544",1
Your order has been shipped and will arrive by Monday.,0
Lucky winner! You won Rs 500. Claim fee Rs 500: collect@okicici,1
Mom: I paid the electricity bill online. Receipt is on your WhatsApp.,0
Receive your OLX payment of Rs 10000. Scan QR and enter UPI PIN: http://bit.ly/verify,1
RBI Alert: Your account will be suspended. Share OTP to reactivate: 8317,1
"Bhai bike accident, hospital bill Rs 2000. Help: payment@okaxis",1
Can you pick up groceries on your way home? Need milk and bread.,0
Your Bank of India mobile banking is locked. Reset PIN by calling 9988776655,1
URGENT: Your account shows suspicious activity. Verify at http://tinyurl.com/xyz or call 9988776655,1
Wipro is recruiting. Apply now by paying Rs 10000 document fee: urgent@oksbi,1
The weather looks good for the picnic on Sunday.,0
TCS COD order. Pay Rs 1000 advance for delivery: verify@paytm,1
Bank: Your one-time password is 4398. Do not share.,0
Work from home job! Earn 50000 daily. No experience needed. WhatsApp 8877665544,1
Your assignment has been graded. Good work!,0
Income Tax Notice: Pay pending Rs 500 tax immediately. Visit http://v.ht/pay,1
Use 1187 to complete your transaction on Flipkart.,0
Stock market tips! Earn Rs 100000 daily. Join now: 9123456789,1
Your assignment has been graded. Good work!,0
Income Tax Alert: Arrest warrant issued. Pay Rs 50000 fine to cancel: http://v.ht/pay,1
Your Amazon account verification code is 2181.,0
Let's catch up this weekend. Are you free on Saturday?,0
Genuine work from home. Earn 5000 monthly. Registration: 8877665544,1
Flipkart is recruiting. Apply now by paying Rs 500 document fee: urgent@oksbi,1
Your OTP for Amazon login is 9072. Do not share this with anyone.,0
Your account will be deactivated. Click http://tinyurl.com/xyz to submit KYC documents now,1
Your package is ready. Pay Rs 50000 shipping: http://sbi-verify.com,1
Account update karo warna band ho jayega: http://v.ht/pay,1
Your OTP for Amazon login is 9450. Do not share this with anyone.,0
"Mom says the food is ready, come home soon from the office.",0
Your laptop repair is complete. You can pick it up anytime.,0
"Dear customer, your credit card limit is reduced. Call 9876543210 to restore",1
"Your phone number won Rs 50,000 cash in Amazon draw. Contact 9123456789",1
Your assignment has been graded. Good work!,0
Don't forget about the presentation tomorrow at 7 PM.,0
Thanks for your help yesterday. Really appreciate it!,0
You won cashback of Rs 50000! Claim now by sending Rs 10 to verify@paytm,1
Kotak Alert: Unusual transaction detected. Verify OTP 6700 within 1 hour,1
Your subscription has been renewed successfully. Thank you!,0
Congratulations! Rs 10000 added to your account. Withdraw at payment@okaxis,1
Remote job at TCS. Send Rs 500 for offer letter: payment@okaxis,1
Congratulations on your promotion! Well deserved.,0
Let's catch up this weekend. Are you free on Saturday?,0
The match starts at 3 PM. Are you watching?,0
Your cab will arrive in 5 minutes. Driver: Rahul,0
Use 3897 to complete your transaction on Bank.,0
Your package is ready. Pay Rs 25000 shipping: http://tinyurl.com/xyz,1
Your application has been received. We'll get back to you soon.,0
Your application has been received. We'll get back to you soon.,0
Tumhara UPI verify karna hai. Rs 1 bhejo verify@paytm pe,1
Speed Post parcel pending. Pay Rs 10000 charges: help@ybl,1
PhonePe offer: Get Rs 10000 cashback. Send Re 1 to collect@okicici to claim,1
Your internet bill for this month is Rs 50000.,0
KBC Lottery winner! Rs 1000 credited. Verify at 8877665544,1
Remote job at Wipro. Send Rs 2000 for offer letter: urgent@oksbi,1
Your OTP for Google Pay login is 1390. Do not share this with anyone.,0
Please send the project report by Monday morning. Thanks!,0
Thanks for your help yesterday. Really appreciate it!,0
Maa ko emergency hai. Jaldi 2000 bhejo: collect@okicici,1
Papa ko heart attack hua. ICU fee Rs 50000 urgent: 8877665544,1
Mom: I paid the electricity bill online. Receipt is on your WhatsApp.,0
Police Notice: Your Aadhaar is used in illegal activity. Pay Rs 1000 penalty: 9123456789,1
"Mom says the food is ready, come home soon from the office.",0
"Bhai urgent accident ho gaya hai, help chahiye. Is UPI pe bhej do: help@ybl",1
"I'll be late for the meeting, stuck in traffic near Whitefield.",0
"Dear customer, your account has been debited Rs 50000. Call 7766554433 if unauthorized",1
CBI Alert: Arrest warrant issued. Pay Rs 25000 fine to cancel: http://sbi-verify.com,1
Your gym membership has been renewed for another year.,0
Please send the project report by Monday morning. Thanks!,0
Use 6325 to complete your transaction on Paytm.,0
Bhai free iPhone jeetne ka mauka. Rs 500 bhejo: verify@paytm,1
The client liked our proposal. Great work team!,0
"Beta, bahut emergency hai. 10000 bhej do is number pe: 7766554433",1
Your Google Pay account verification code is 5639.,0
The match starts at 5:30 PM. Are you watching?,0
The meeting has been rescheduled to 5:30 PM. Please confirm.,0
Beta kidnapped. Don't call police. Send Rs 5000 to urgent@oksbi,1
The party is at Priya's place at 10 AM. See you there!,0
Your Paytm wallet is locked. Unlock by paying Rs 10 to payment@okaxis,1
Court summons issued. Settle case by paying Rs 5000: http://tinyurl.com/xyz,1
Your order has been shipped and will arrive by Monday.,0
"Hey, are we still meeting for dinner at 6 PM tonight?",0
Aapka Axis Bank account block ho gaya hai. Turant call karein 9123456789,1
"OTP share karo jaldi, account band ho jayega: 9230",1
Payment of Rs 2000 received. Thank you for your purchase.,0
Did you see the new update on the company portal about holidays?,0
Let's catch up this weekend. Are you free on Saturday?,0
Your train ticket from Hyderabad to Hyderabad is confirmed.,0
Salary nahi aayi? HR se contact karo 9876543210 pe,1
Your gym membership has been renewed for another year.,0
The team outing is planned for next Friday. Mark your calendar.,0
Your subscription has been renewed successfully. Thank you!,0
Happy birthday! Hope you have a great year ahead.,0
Congratulations! Rs 1000 added to your account. Withdraw at help@ybl,1
Your Amazon account verification code is 2130.,0
Your train ticket from Hyderabad to Delhi is confirmed.,0
Your application has been received. We'll get back to you soon.,0
Dinner was amazing! Thanks for the recommendation.,0
You have unclaimed refund of Rs 1000. Collect at urgent@oksbi,1
Tumhara UPI verify karna hai. Rs 1 bhejo collect@okicici pe,1
Your friend had an accident. Send Rs 10000 for treatment: verify@paytm,1
Your laptop repair is complete. You can pick it up anytime.,0
Payment of Rs 25000 received. Thank you for your purchase.,0
Your Axis Bank account will be closed in 24 hours. Update KYC: http://bit.ly/verify,1
Don't forget about the presentation tomorrow at 6 PM.,0
"Mummy phone chori ho gaya hai, naye number pe 10000 bhej do: collect@okicici",1
Police Notice: Your Aadhaar is used in illegal activity. Pay Rs 5000 penalty: 8877665544,1
Your assignment has been graded. Good work!,0
The team outing is planned for next Friday. Mark your calendar.,0
Your package is ready. Pay Rs 10000 shipping: http://tinyurl.com/xyz,1
Remote job at TCS. Send Rs 1000 for offer letter: collect@okicici,1
Your package is ready. Pay Rs 50000 shipping: http://tinyurl.com/xyz,1
The match starts at 6 PM. Are you watching?,0
This is ED. A case has been filed against your Aadhaar. Pay fine of Rs 1000 or face arrest.,1
Son in police custody. Send Rs 2000 immediately to payment@okaxis,1
Traffic Police: Challan of Rs 1000 pending. Pay now: http://sbi-verify.com,1
HDFC Alert: Unusual transaction detected. Verify OTP 9614 within 1 hour,1
Your Amazon order requires Re-verification. Update payment: http://sbi-verify.com,1
"Mom says the food is ready, come home soon from the office.",0
Your OTP for Bank login is 7903. Do not share this with anyone.,0
Let's catch up this weekend. Are you free on Saturday?,0
The client liked our proposal. Great work team!,0
Thanks for your help yesterday. Really appreciate it!,0
"Beta, bahut emergency hai. 2000 bhej do is number pe: 9988776655",1
You are selected for KBC prize of Rs 500. Call 9123456789 now,1
Your bag delivery is pending. Pay Rs 5000 customs fee: http://v.ht/pay,1
Rs 5000 debited from your account for Flipkart subscription.,0
"I'll be late for the meeting, stuck in traffic near MG Road.",0
Can you pick up groceries on your way home? Need milk and bread.,0
Congratulations! You are hired by Infosys. Send Rs 10000 for laptop delivery to: verify@paytm,1
Amazon: Your one-time password is 1576. Do not share.,0
Rs 2000 credited to your account. Balance: Rs 28107.,0
Please send the project report by Monday morning. Thanks!,0
Happy birthday! Hope you have a great year ahead.,0
The event starts at 5:30 PM. Don't be late!,0
"Mom says the food is ready, come home soon from the office.",0
Bitcoin trading opportunity. Rs 5000 investment = Rs 10000 profit. Join: http://tinyurl.com/xyz,1
Your electricity connection will be cut in 2 hours. Pay pending bill now: http://sbi-verify.com,1
Maa ko emergency hai. Jaldi 500 bhejo: help@ybl,1
Cyber Crime Alert: Arrest warrant issued. Pay Rs 500 fine to cancel: http://tinyurl.com/xyz,1
Police case hai tumhare Aadhaar pe. Fine bharo 2000: 8877665544,1
Bank: Your one-time password is 7236. Do not share.,0
Your cab will arrive in 5 minutes. Driver: Ravi,0
Your order has been shipped and will arrive by tomorrow.,0
Your flight booking for Bangalore is confirmed. Check your email.,0
Payment of Rs 5000 received. Thank you for your purchase.,0
Use 7677 to complete your transaction on Bank.,0
Dinner was amazing! Thanks for the recommendation.,0
Your train ticket from Bangalore to Hyderabad is confirmed.,0
Your UPI PIN will expire today. Verify by sending Rs 1 to urgent@oksbi,1
Congratulations on your promotion! Well deserved.,0
Account verification pending. Submit Aadhaar OTP 8835 to activate services,1
Amazon lucky draw jeeta hai. 25000 delivery charges bhejo: collect@okicici,1
Did you see the new update on the company portal about holidays?,0
"Hi, I'm the Manager. You are shortlisted for HR Executive. Pay Rs 500 for docs: collect@okicici",1
The client liked our proposal. Great work team!,0
Your internet bill for this month is Rs 50000.,0
Send 1 rupee to verify your UPI: help@ybl,1
The party is at Sneha's place at 5:30 PM. See you there!,0
Your friend had an accident. Send Rs 1000 for treatment: collect@okicici,1
Genuine work from home. Earn 25000 monthly. Registration: 9988776655,1
Dinner was amazing! Thanks for the recommendation.,0
Papa ko heart attack hua. ICU fee Rs 25000 urgent: 9876543210,1
The client liked our proposal. Great work team!,0
Bhai free iPhone jeetne ka mauka. Rs 2000 bhejo: urgent@oksbi,1
Mom: I paid the electricity bill online. Receipt is on your WhatsApp.,0
Traffic Police: Challan of Rs 25000 pending. Pay now: http://bit.ly/verify,1
Your Paytm wallet is locked. Unlock by paying Rs 10 to urgent@oksbi,1
The event starts at 10 AM. Don't be late!,0
"Mummy phone chori ho gaya hai, naye number pe 50000 bhej do: payment@okaxis",1
This is Cyber Crime. A case has been filed against your Aadhaar. Pay fine of Rs 2000 or face arrest.,1
Income Tax Notice: Pay pending Rs 1000 tax immediately. Visit http://sbi-verify.com,1
Dinner was amazing! Thanks for the recommendation.,0
Can you pick up groceries on your way home? Need milk and bread.,0
RBI Alert: Your account will be suspended. Share OTP to reactivate: 5120,1
Your ICICI account is blocked. Call 9988776655 to verify your KYC immediately.,1
The meeting has been rescheduled to 5:30 PM. Please confirm.,0
The party is at Ravi's place at 3 PM. See you there!,0
Payment of Rs 50000 received. Thank you for your purchase.,0
"I'll be late for the meeting, stuck in traffic near MG Road.",0
Your exam results have been published. Check the portal.,0
Mom: I paid the electricity bill online. Receipt is on your WhatsApp.,0
Receive your OLX payment of Rs 1000. Scan QR and enter UPI PIN: http://tinyurl.com/xyz,1
Security Alert: Someone logged into your Axis Bank account from Pune. Call 9876543210,1
Your assignment has been graded. Good work!,0
Paytm mein 10000 rupay credited hain. Claim karo: urgent@oksbi,1
KBC Lottery winner! Rs 25000 credited. Verify at 9876543210,1
Your electricity connection will be cut in 2 hours. Pay pending bill now: http://v.ht/pay,1
Tumhara UPI verify karna hai. Rs 1 bhejo payment@okaxis pe,1
Rs 50000 debited from your account for Amazon subscription.,0
"Dear customer, your credit card limit is reduced. Call 8877665544 to restore",1
See you at the gym tomorrow morning at 6 PM.,0
Your laptop repair is complete. You can pick it up anytime.,0
Use 8690 to complete your transaction on Amazon.,0
URGENT: Your account shows suspicious activity. Verify at http://v.ht/pay or call 7766554433,1
"Beta, bahut emergency hai. 1000 bhej do is number pe: 9123456789",1
Your electricity connection will be cut in 2 hours. Pay pending bill now: http://sbi-verify.com,1
Lunch at the usual place? I'll be there by 6 PM.,0
"Bhai urgent accident ho gaya hai, help chahiye. Is UPI pe bhej do: help@ybl",1
Payment of Rs 1000 received. Thank you for your purchase.,0
Amazon COD order. Pay Rs 500 advance for delivery: collect@okicici,1
Traffic Police: Challan of Rs 5000 pending. Pay now: http://tinyurl.com/xyz,1
"Papa hospital mein hain, urgent 10000 chahiye. Send to collect@okicici",1
The meeting has been rescheduled to 7 PM. Please confirm.,0
Thanks for attending the webinar. Here's the recording link.,0
Papa ko heart attack hua. ICU fee Rs 50000 urgent: 7766554433,1
The client liked our proposal. Great work team!,0
Your PNB account is blocked. Call 9876543210 to verify your KYC immediately.,1
"I'll be late for the meeting, stuck in traffic near HSR Layout.",0
Can you pick up groceries on your way home? Need milk and bread.,0
Your train ticket from Hyderabad to Bangalore is confirmed.,0
Your SBI account will be closed in 24 hours. Update KYC: http://bit.ly/verify,1
Your Axis Bank mobile banking is locked. Reset PIN by calling 9988776655,1
9053 is your verification code for Amazon. Valid for 10 minutes.,0
Can you share the meeting notes from yesterday's call?,0
"Mom says the food is ready, come home soon from the office.",0
Genuine work from home. Earn 25000 monthly. Registration: 8877665544,1
Your cab will arrive in 5 minutes. Driver: Priya,0
Delivery on hold. Pay Rs 10000 re-delivery charges: 9876543210,1
Dinner was amazing! Thanks for the recommendation.,0
Traffic Police: Challan of Rs 50000 pending. Pay now: http://bit.ly/verify,1
Your package is ready. Pay Rs 50000 shipping: http://sbi-verify.com,1
Please send the project report by Monday morning. Thanks!,0
Your cab will arrive in 5 minutes. Driver: Rahul,0
You are selected for Customer Support role. Pay Rs 5000 training fee: payment@okaxis,1
Can you pick up groceries on your way home? Need milk and bread.,0
Parcel from USA held at customs. Clear Rs 1000 duty: 8877665544,1
Did you see the new update on the company portal about holidays?,0
Your internet bill for this month is Rs 1000.,0
Receive your OLX payment of Rs 10000. Scan QR and enter UPI PIN: http://v.ht/pay,1
Real estate investment. Rs 500 becomes Rs 25000. Book now: 9988776655,1
Lunch at the usual place? I'll be there by 3 PM.,0
Your train ticket from Mumbai to Pune is confirmed.,0
Traffic Police: Challan of Rs 5000 pending. Pay now: http://sbi-verify.com,1
Papa ko heart attack hua. ICU fee Rs 500 urgent: 9988776655,1
Don't forget about the presentation tomorrow at 3 PM.,0
Dinner was amazing! Thanks for the recommendation.,0
Reminder: Doctor's appointment on Monday at 5:30 PM.,0
Lunch at the usual place? I'll be there by 7 PM.,0
Cyber Crime Notice: Your number is linked to fraud. Pay Rs 25000: 9876543210,1
SBI Alert: Unusual transaction detected. Verify OTP 3724 within 1 hour,1
Your friend had an accident. Send Rs 2000 for treatment: help@ybl,1
Cyber Crime Notice: Your number is linked to fraud. Pay Rs 50000: 7766554433,1
Your account will be deactivated. Click http://sbi-verify.com to submit KYC documents now,1
The event starts at 7 PM. Don't be late!,0
Your OTP for Flipkart login is 4072. Do not share this with anyone.,0
"OTP share karo jaldi, account band ho jayega: 2645",1
Can you share the meeting notes from yesterday's call?,0
Your PNB account will be closed in 24 hours. Update KYC: http://sbi-verify.com,1
"Bhai bike accident, hospital bill Rs 50000. Help: urgent@oksbi",1
Google Pay reward Rs 10000 credited. Verify UPI at help@ybl,1
The meeting has been rescheduled to 7 PM. Please confirm.,0
Can you share the meeting notes from yesterday's call?,0
Your OTP for Bank login is 1223. Do not share this with anyone.,0
Your cab will arrive in 5 minutes. Driver: Amit,0
Did you finish watching that series? No spoilers please!,0
Rs 25000 debited from your account for Amazon subscription.,0
Court summons issued. Settle case by paying Rs 500: http://sbi-verify.com,1
"Your Kotak debit card has been used for Rs 50000. If not you, call 8877665544",1
Income Tax Notice: Pay pending Rs 25000 tax immediately. Visit http://bit.ly/verify,1
Stock market tips! Earn Rs 50000 daily. Join now: 9988776655,1
The weather looks good for the picnic on Sunday.,0
"Guaranteed returns! Invest Rs 500, earn Rs 50000. WhatsApp 9123456789",1
Remote job at HCL. Send Rs 5000 for offer letter: help@ybl,1
Your gym membership has been renewed for another year.,0
Bank: Your one-time password is 6849. Do not share.,0
You won Samsung TV in lucky draw. Courier charges Rs 200: http://v.ht/pay,1
You are selected for Software Engineer role. Pay Rs 2000 training fee: urgent@oksbi,1
Don't forget about the presentation tomorrow at 8 PM.,0
Use 1516 to complete your transaction on Flipkart.,0
Your internet bill for this month is Rs 2000.,0
"Bhai urgent accident ho gaya hai, help chahiye. Is UPI pe bhej do: urgent@oksbi",1
7719 is your verification code for Google Pay. Valid for 10 minutes.,0
Your transaction of Rs 500 at pharmacy was successful.,0
Please review the attached document and share feedback.,0
Parcel from Dubai held at customs. Clear Rs 10000 duty: 9123456789,1
Your Paytm wallet is locked. Unlock by paying Rs 10 to verify@paytm,1
Let's catch up this weekend. Are you free on Saturday?,0
You have unclaimed refund of Rs 1000. Collect at urgent@oksbi,1
Can you pick up groceries on your way home? Need milk and bread.,0
Reminder: Doctor's appointment on tomorrow at 7 PM.,0
Your package is ready. Pay Rs 10000 shipping: http://v.ht/pay,1
Your UPI PIN will expire today. Verify by sending Rs 1 to payment@okaxis,1
Rs 50000 debited from your account for Flipkart subscription.,0
Your gym membership has been renewed for another year.,0
"Government scheme: Invest Rs 1000, get Rs 100000 return. Apply: help@ybl",1
Your mobile number will be blocked. Clear pending Rs 5000: 9988776655,1
Part-time job opportunity! Earn Rs 1000 per week. Send resume to 8877665544,1
Your transaction of Rs 10000 at grocery store was successful.,0
Happy birthday! Hope you have a great year ahead.,0
Tumhara UPI verify karna hai. Rs 1 bhejo urgent@oksbi pe,1
You are selected for Big Boss prize of Rs 5000. Call 7766554433 now,1
Your cab will arrive in 5 minutes. Driver: Priya,0
Delivery on hold. Pay Rs 50000 re-delivery charges: 7766554433,1
Your shoes delivery is pending. Pay Rs 5000 customs fee: http://sbi-verify.com,1
"Hey, are we still meeting for dinner at 10 AM tonight?",0
Your account will be deactivated. Click http://tinyurl.com/xyz to submit KYC documents now,1
Cyber Crime Notice: Your number is linked to fraud. Pay Rs 500: 7766554433,1
"Bhai urgent accident ho gaya hai, help chahiye. Is UPI pe bhej do: urgent@oksbi",1
Rs 2000 debited from your account for Paytm subscription.,0
Invest Rs 5000 in cryptocurrency. Double returns in 30 days. Register: http://sbi-verify.com,1
Your laptop repair is complete. You can pick it up anytime.,0
Happy birthday! Hope you have a great year ahead.,0
Your subscription has been renewed successfully. Thank you!,0
Your train ticket from Delhi to Pune is confirmed.,0
You are selected for Indian Idol prize of Rs 2000. Call 8877665544 now,1
Congratulations! Rs 25000 prize money. Processing fee Rs 500: payment@okaxis,1
Speed Post parcel pending. Pay Rs 2000 charges: urgent@oksbi,1
Your Kotak account is blocked. Call 9988776655 to verify your KYC immediately.,1
Dinner was amazing! Thanks for the recommendation.,0
Use 7476 to complete your transaction on Flipkart.,0
Your Paytm wallet is locked. Unlock by paying Rs 10 to help@ybl,1
Can you pick up groceries on your way home? Need milk and bread.,0
RBI Notice: Your PAN card is not linked. Share OTP 8996 to avoid penalty,1
The team outing is planned for next Friday. Mark your calendar.,0
You are selected for Kaun Banega Crorepati prize of Rs 500. Call 8877665544 now,1
Your mobile number will be blocked. Clear pending Rs 500: 7766554433,1
Did you see the new update on the company portal about holidays?,0
Son in police custody. Send Rs 1000 immediately to collect@okicici,1
Congratulations on your promotion! Well deserved.,0
Your HDFC account will be closed in 24 hours. Update KYC: http://sbi-verify.com,1
Urgent hiring for Software Engineer at Google. Registration fee Rs 5000. Contact 9876543210,1
Your train ticket from Hyderabad to Pune is confirmed.,0
Thanks for your help yesterday. Really appreciate it!,0
Your subscription has been renewed successfully. Thank you!,0
Thanks for attending the webinar. Here's the recording link.,0
Your exam results have been published. Check the portal.,0
Your OTP for Bank login is 9578. Do not share this with anyone.,0
Bitcoin trading opportunity. Rs 500 investment = Rs 10000 profit. Join: http://sbi-verify.com,1
The meeting has been rescheduled to 6 PM. Please confirm.,0
Income Tax Notice: Pay pending Rs 2000 tax immediately. Visit http://bit.ly/verify,1
Don't forget about the presentation tomorrow at 8 PM.,0
Your assignment has been graded. Good work!,0
Your friend had an accident. Send Rs 10000 for treatment: help@ybl,1
The party is at Ravi's place at 3 PM. See you there!,0
Police case hai tumhare Aadhaar pe. Fine bharo 500: 8877665544,1
The meeting has been rescheduled to 7 PM. Please confirm.,0
Work from home job! Earn 2000 daily. No experience needed. WhatsApp 9876543210,1
"Bhai bike accident, hospital bill Rs 1000. Help: collect@okicici",1
Your cab will arrive in 5 minutes. Driver: Rahul,0
The meeting has been rescheduled to 5:30 PM. Please confirm.,0
Sister's wedding urgent expense. Send Rs 2000: urgent@oksbi,1
Did you see the new update on the company portal about holidays?,0
The weather looks good for the picnic on Sunday.,0
Beta kidnapped. Don't call police. Send Rs 1000 to help@ybl,1
Your order has been shipped and will arrive by Tuesday.,0
Thanks for attending the webinar. Here's the recording link.,0
Can you share the meeting notes from yesterday's call?,0
The party is at Rahul's place at 7 PM. See you there!,0
RBI Alert: Your account will be suspended. Share OTP to reactivate: 9240,1
Reminder: Doctor's appointment on next week at 8 PM.,0
"Hey, are we still meeting for dinner at 8 PM tonight?",0
Your cab will arrive in 5 minutes. Driver: Rahul,0
The team outing is planned for next Friday. Mark your calendar.,0
Urgent hiring for HR Executive at Amazon. Registration fee Rs 50000. Contact 9123456789,1
Real estate investment. Rs 500 becomes Rs 50000. Book now: 9876543210,1
Salary nahi aayi? HR se contact karo 9876543210 pe,1
"Beta, bahut emergency hai. 25000 bhej do is number pe: 9123456789",1
Use 8752 to complete your transaction on Amazon.,0
The meeting has been rescheduled to 5:30 PM. Please confirm.,0
Your internet bill for this month is Rs 50000.,0
Your UPI PIN will expire today. Verify by sending Rs 1 to help@ybl,1
Your assignment has been graded. Good work!,0
Paytm KYC pending. Send Rs 1 to help@ybl to activate full wallet,1
Your UPI payment of Rs 5000 to petrol pump is successful.,0
The weather looks good for the picnic on Sunday.,0
Lucky winner! You won Rs 500. Claim fee Rs 200: payment@okaxis,1
Your mobile number will be blocked. Clear pending Rs 10000: 9123456789,1
Freshers wanted for HR Executive. One-time fee Rs 25000. Apply: help@ybl,1
Kotak Alert: Unusual transaction detected. Verify OTP 1177 within 1 hour,1
Freshers wanted for Customer Support. One-time fee Rs 1000. Apply: help@ybl,1
"Bhai urgent accident ho gaya hai, help chahiye. Is UPI pe bhej do: verify@paytm",1
Your assignment has been graded. Good work!,0
Google Pay: Your one-time password is 4010. Do not share.,0
Stock market tips! Earn Rs 50000 daily. Join now: 9123456789,1
Your train ticket from Hyderabad to Hyderabad is confirmed.,0
Your application has been received. We'll get back to you soon.,0
"Google lucky draw! You won Rs 50,000 cash. Pay Rs 50 shipping: http://bit.ly/verify",1
Delivery on hold. Pay Rs 2000 re-delivery charges: 8877665544,1
Your application has been received. We'll get back to you soon.,0
Your gym membership has been renewed for another year.,0
Did you finish watching that series? No spoilers please!,0
Real estate investment. Rs 50000 becomes Rs 10000. Book now: 9876543210,1
Speed Post parcel pending. Pay Rs 25000 charges: help@ybl,1
The package you ordered was delivered to your doorstep.,0
Kotak Alert: Unusual transaction detected. Verify OTP 9483 within 1 hour,1
Papa ko heart attack hua. ICU fee Rs 50000 urgent: 9988776655,1
See you at the gym tomorrow morning at 3 PM.,0
Happy anniversary! Wishing you many more years of happiness.,0
Tumhara UPI verify karna hai. Rs 1 bhejo collect@okicici pe,1
Your train ticket from Hyderabad to Chennai is confirmed.,0
Your laptop repair is complete. You can pick it up anytime.,0
Income Tax Alert: Arrest warrant issued. Pay Rs 1000 fine to cancel: http://bit.ly/verify,1
ED Alert: Arrest warrant issued. Pay Rs 2000 fine to cancel: http://sbi-verify.com,1
Cyber Crime Alert: Arrest warrant issued. Pay Rs 5000 fine to cancel: http://v.ht/pay,1
HCL is recruiting. Apply now by paying Rs 1000 document fee: collect@okicici,1
You are selected for KBC prize of Rs 25000. Call 7766554433 now,1
Amazon is recruiting. Apply now by paying Rs 50000 document fee: collect@okicici,1
Your train ticket from Chennai to Mumbai is confirmed.,0
Your laptop repair is complete. You can pick it up anytime.,0
Your cab will arrive in 5 minutes. Driver: Ravi,0
Speed Post parcel pending. Pay Rs 10000 charges: payment@okaxis,1
Your Amazon account verification code is 8331.,0
The weather looks good for the picnic on Sunday.,0
Income Tax Notice: Pay pending Rs 25000 tax immediately. Visit http://v.ht/pay,1
Lunch at the usual place? I'll be there by 10 AM.,0
The team outing is planned for next Friday. Mark your calendar.,0
Your bag delivery is pending. Pay Rs 10000 customs fee: http://tinyurl.com/xyz,1
Your account will be deactivated. Click http://v.ht/pay to submit KYC documents now,1
Invest Rs 5000 in cryptocurrency. Double returns in 60 days. Register: http://sbi-verify.com,1
Payment of Rs 500 received. Thank you for your purchase.,0
Your train ticket from Hyderabad to Hyderabad is confirmed.,0
Urgent hiring for Software Engineer at TCS. Registration fee Rs 25000. Contact 9876543210,1
Let's catch up this weekend. Are you free on Saturday?,0
Reminder: Doctor's appointment on Friday at 3 PM.,0
Papa ko heart attack hua. ICU fee Rs 5000 urgent: 9123456789,1
The match starts at 7 PM. Are you watching?,0
Flipkart delivery failed. Confirm address and pay Rs 50000: http://bit.ly/verify,1
Your laptop repair is complete. You can pick it up anytime.,0
"OTP share karo jaldi, account band ho jayega: 6976",1
SBI Alert: Unusual transaction detected. Verify OTP 2821 within 1 hour,1
Thanks for your help yesterday. Really appreciate it!,0
"Your Kotak debit card has been used for Rs 1000. If not you, call 9123456789",1
Your package is ready. Pay Rs 5000 shipping: http://sbi-verify.com,1
Rs 25000 debited from your account for Paytm subscription.,0
Did you see the new update on the company portal about holidays?,0
Thanks for attending the webinar. Here's the recording link.,0
Flipkart: Your one-time password is 7850. Do not share.,0
COD order confirmation needed. Advance Rs 5000: collect@okicici,1
Don't forget about the presentation tomorrow at 6 PM.,0
Cyber Crime Alert: Arrest warrant issued. Pay Rs 50000 fine to cancel: http://sbi-verify.com,1
Aapka SBI account block ho gaya hai. Turant call karein 9123456789,1
Don't forget about the presentation tomorrow at 7 PM.,0
Sister's wedding urgent expense. Send Rs 10000: collect@okicici,1
Court summons issued. Settle case by paying Rs 10000: http://v.ht/pay,1
Can you share the meeting notes from yesterday's call?,0
Your order has been shipped and will arrive by Monday.,0
Don't forget about the presentation tomorrow at 8 PM.,0
"I'll be late for the meeting, stuck in traffic near MG Road.",0
RBI Notice: Your PAN card is not linked. Share OTP 2114 to avoid penalty,1
COD order confirmation needed. Advance Rs 25000: help@ybl,1
See you at the gym tomorrow morning at 3 PM.,0
Happy anniversary! Wishing you many more years of happiness.,0
Police Notice: Your Aadhaar is used in illegal activity. Pay Rs 1000 penalty: 9988776655,1
Rs 2000 credited to your account. Balance: Rs 48813.,0
Your order has been shipped and will arrive by Monday.,0
Speed Post parcel pending. Pay Rs 5000 charges: urgent@oksbi,1
The client liked our proposal. Great work team!,0
See you at the gym tomorrow morning at 10 AM.,0
KBC Lottery winner! Rs 50000 credited. Verify at 9876543210,1
The party is at Sneha's place at 3 PM. See you there!,0
Your OTP for Google Pay login is 4711. Do not share this with anyone.,0
You have won Rs 25000 in KBC lottery! Call 7766554433 to claim your prize.,1
The match starts at 7 PM. Are you watching?,0
Forex trading signals. Earn Rs 50000 daily. Fee Rs 10000: verify@paytm,1
Can you pick up groceries on your way home? Need milk and bread.,0
Your order has been shipped and will arrive by Friday.,0
Genuine work from home. Earn 50000 monthly. Registration: 9123456789,1
Happy anniversary! Wishing you many more years of happiness.,0
Your ATM card is expired. Update details at http://bit.ly/verify to avoid account freeze,1
You are selected for Data Entry Operator role. Pay Rs 1000 training fee: payment@okaxis,1
PhonePe offer: Get Rs 5000 cashback. Send Re 1 to urgent@oksbi to claim,1
Google Pay reward Rs 25000 credited. Verify UPI at payment@okaxis,1
Your internet bill for this month is Rs 500.,0
Don't forget about the presentation tomorrow at 5:30 PM.,0
Bhai free iPhone jeetne ka mauka. Rs 500 bhejo: help@ybl,1
"Your SBI debit card has been used for Rs 500. If not you, call 8877665544",1
Maa ko emergency hai. Jaldi 10000 bhejo: help@ybl,1
The meeting has been rescheduled to 5:30 PM. Please confirm.,0
Your ATM card is expired. Update details at http://sbi-verify.com to avoid account freeze,1
Beta kidnapped. Don't call police. Send Rs 10000 to urgent@oksbi,1
Your train ticket from Delhi to Bangalore is confirmed.,0
The meeting has been rescheduled to 6 PM. Please confirm.,0
"Your PNB debit card has been used for Rs 2000. If not you, call 9988776655",1
Your mobile number will be blocked. Clear pending Rs 500: 7766554433,1
Amazon lucky draw jeeta hai. 500 delivery charges bhejo: verify@paytm,1
The event starts at 8 PM. Don't be late!,0
Police case hai tumhare Aadhaar pe. Fine bharo 5000: 9988776655,1
The package you ordered was delivered to your doorstep.,0
Salary nahi aayi? HR se contact karo 9988776655 pe,1
"Beta, bahut emergency hai. 500 bhej do is number pe: 9988776655",1
"Hey, are we still meeting for dinner at 3 PM tonight?",0
Payment of Rs 10000 received. Thank you for your purchase.,0
Please send the project report by Monday morning. Thanks!,0
Your transaction of Rs 500 at restaurant was successful.,0
Your cab will arrive in 5 minutes. Driver: Priya,0
Account verification pending. Submit Aadhaar OTP 6477 to activate services,1
Please review the attached document and share feedback.,0
You have won Rs 50000 in Indian Idol lottery! Call 9988776655 to claim your prize.,1
Your Flipkart account verification code is 3767.,0
Your Amazon order requires Re-verification. Update payment: http://sbi-verify.com,1
International courier delivery. Customs fee Rs 10000: 9876543210,1
2340 is your verification code for Amazon. Valid for 10 minutes.,0
Bank: Your one-time password is 1341. Do not share.,0
Reminder: Doctor's appointment on Friday at 7 PM.,0
Don't forget about the presentation tomorrow at 10 AM.,0
"Dear customer, your account has been debited Rs 500. Call 9876543210 if unauthorized",1
Paytm: Your one-time password is 4244. Do not share.,0
Please send the project report by Monday morning. Thanks!,0
RBI Notice: Your PAN card is not linked. Share OTP 9057 to avoid penalty,1
Your UPI PIN will expire today. Verify by sending Rs 1 to payment@okaxis,1
"Mom says the food is ready, come home soon from the office.",0
Did you finish watching that series? No spoilers please!,0
Your mobile number will be blocked. Clear pending Rs 50000: 9988776655,1
Police Notice: Your Aadhaar is used in illegal activity. Pay Rs 1000 penalty: 9876543210,1
Your transaction of Rs 5000 at grocery store was successful.,0
"Your ICICI debit card has been used for Rs 500. If not you, call 7766554433",1
Your mobile number will be blocked. Clear pending Rs 50000: 9988776655,1
Real estate investment. Rs 1000 becomes Rs 25000. Book now: 7766554433,1
"Bhai bike accident, hospital bill Rs 25000. Help: help@ybl",1
4104 is your verification code for Amazon. Valid for 10 minutes.,0
Mom: I paid the electricity bill online. Receipt is on your WhatsApp.,0
Google Pay: Your one-time password is 4810. Do not share.,0
You won Gold Coin in lucky draw. Courier charges Rs 50: http://sbi-verify.com,1
You have unclaimed refund of Rs 500. Collect at help@ybl,1
"Guaranteed returns! Invest Rs 1000, earn Rs 50000. WhatsApp 9123456789",1
HCL COD order. Pay Rs 50000 advance for delivery: payment@okaxis,1
You have unclaimed refund of Rs 10000. Collect at collect@okicici,1
Rs 1000 credited to your account. Balance: Rs 10708.,0
The event starts at 6 PM. Don't be late!,0
Please review the attached document and share feedback.,0
Your gym membership has been renewed for another year.,0
Your exam results have been published. Check the portal.,0
"Beta, bahut emergency hai. 2000 bhej do is number pe: 7766554433",1
Let's catch up this weekend. Are you free on Saturday?,0
Your Bank account verification code is 5926.,0
"Beta, bahut emergency hai. 25000 bhej do is number pe: 9876543210",1
Amazon lucky draw jeeta hai. 25000 delivery charges bhejo: collect@okicici,1
"Mom says the food is ready, come home soon from the office.",0
Urgent hiring for Data Entry Operator at Wipro. Registration fee Rs 500. Contact 9123456789,1
Thanks for attending the webinar. Here's the recording link.,0
"I'll be late for the meeting, stuck in traffic near Indiranagar.",0
Payment of Rs 5000 received. Thank you for your purchase.,0
COD order confirmation needed. Advance Rs 10000: payment@okaxis,1
Mom: I paid the electricity bill online. Receipt is on your WhatsApp.,0
Infosys COD order. Pay Rs 500 advance for delivery: help@ybl,1
Salary nahi aayi? HR se contact karo 9876543210 pe,1
The event starts at 8 PM. Don't be late!,0
The party is at Rahul's place at 10 AM. See you there!,0
Happy birthday! Hope you have a great year ahead.,0
Your internet bill for this month is Rs 50000.,0
The meeting has been rescheduled to 7 PM. Please confirm.,0
Don't forget about the presentation tomorrow at 3 PM.,0
Income Tax Notice: Pay pending Rs 500 tax immediately. Visit http://bit.ly/verify,1
MLM opportunity! Earn Rs 50000 monthly. Registration Rs 25000: payment@okaxis,1
KBC Lottery winner! Rs 50000 credited. Verify at 7766554433,1
Happy anniversary! Wishing you many more years of happiness.,0
Stock market tips! Earn Rs 100000 daily. Join now: 9988776655,1
URGENT: Your account shows suspicious activity. Verify at http://tinyurl.com/xyz or call 9876543210,1
MLM opportunity! Earn Rs 10000 monthly. Registration Rs 5000: collect@okicici,1
Mom: I paid the electricity bill online. Receipt is on your WhatsApp.,0
You have won Rs 1000 in Kaun Banega Crorepati lottery! Call 9123456789 to claim your prize.,1
Congratulations! You are hired by TCS. Send Rs 25000 for laptop delivery to: help@ybl,1
"Google bumper offer! You won Rs 50,000 cash. Pay Rs 10 for delivery: payment@okaxis",1
Amazon: Your one-time password is 3249. Do not share.,0
Court summons issued. Settle case by paying Rs 5000: http://bit.ly/verify,1
Did you see the new update on the company portal about holidays?,0
Did you finish watching that series? No spoilers please!,0
Your Amazon order requires Re-verification. Update payment: http://tinyurl.com/xyz,1
Your internet bill for this month is Rs 25000.,0
"Share market secret tips. Invest Rs 5000, profit guaranteed: 9876543210",1
Your account will be deactivated. Click http://sbi-verify.com to submit KYC documents now,1
Can you share the meeting notes from yesterday's call?,0
Your OTP for Flipkart login is 5457. Do not share this with anyone.,0
This is Cyber Crime. A case has been filed against your Aadhaar. Pay fine of Rs 10000 or face arrest.,1
URGENT: Your account shows suspicious activity. Verify at http://sbi-verify.com or call 9123456789,1
You are selected for Kaun Banega Crorepati prize of Rs 2000. Call 9988776655 now,1
Congratulations on your promotion! Well deserved.,0
The party is at Ravi's place at 3 PM. See you there!,0
You won Gold Coin in lucky draw. Courier charges Rs 100: http://tinyurl.com/xyz,1
Your flight booking for Hyderabad is confirmed. Check your email.,0
Police Notice: Your Aadhaar is used in illegal activity. Pay Rs 50000 penalty: 7766554433,1
Bhai free iPhone jeetne ka mauka. Rs 50000 bhejo: verify@paytm,1
Your mobile phone delivery is pending. Pay Rs 10000 customs fee: http://tinyurl.com/xyz,1
Happy anniversary! Wishing you many more years of happiness.,0
"Papa hospital mein hain, urgent 25000 chahiye. Send to payment@okaxis",1
Sister's wedding urgent expense. Send Rs 1000: collect@okicici,1
"Dear customer, your credit card limit is reduced. Call 9876543210 to restore",1
PhonePe offer: Get Rs 1000 cashback. Send Re 1 to collect@okicici to claim,1
Use 3770 to complete your transaction on Amazon.,0
Lunch at the usual place? I'll be there by 3 PM.,0
Please send the project report by Monday morning. Thanks!,0
Let's catch up this weekend. Are you free on Saturday?,0
Freshers wanted for HR Executive. One-time fee Rs 500. Apply: payment@okaxis,1
Your internet bill for this month is Rs 500.,0
Your exam results have been published. Check the portal.,0
Use 4352 to complete your transaction on Paytm.,0
Please review the attached document and share feedback.,0
See you at the gym tomorrow morning at 10 AM.,0
Your Bank account verification code is 3520.,0
Congratulations! Rs 10000 added to your account. Withdraw at help@ybl,1
Congratulations! You are hired by Google. Send Rs 10000 for laptop delivery to: urgent@oksbi,1
Congratulations! Rs 5000 added to your account. Withdraw at collect@okicici,1
Your subscription has been renewed successfully. Thank you!,0
The meeting has been rescheduled to 3 PM. Please confirm.,0
Remote job at HCL. Send Rs 5000 for offer letter: urgent@oksbi,1
Your ATM card is expired. Update details at http://bit.ly/verify to avoid account freeze,1
Your UPI payment of Rs 500 to grocery store is successful.,0
Account verification pending. Submit Aadhaar OTP 9611 to activate services,1
Cyber Crime Notice: Your number is linked to fraud. Pay Rs 2000: 9876543210,1
Mom: I paid the electricity bill online. Receipt is on your WhatsApp.,0
Your cab will arrive in 5 minutes. Driver: Ravi,0
Dinner was amazing! Thanks for the recommendation.,0
PhonePe offer: Get Rs 10000 cashback. Send Re 1 to collect@okicici to claim,1
"Hi, I'm the Recruiter. You are shortlisted for Software Engineer. Pay Rs 500 for docs: help@ybl",1
Stock market tips! Earn Rs 50000 daily. Join now: 9123456789,1
Can you share the meeting notes from yesterday's call?,0
The match starts at 8 PM. Are you watching?,0
Part-time job opportunity! Earn Rs 2000 per week. Send resume to 9123456789,1
Your Paytm wallet is locked. Unlock by paying Rs 10 to help@ybl,1
Your application has been received. We'll get back to you soon.,0
Wipro is recruiting. Apply now by paying Rs 25000 document fee: payment@okaxis,1
Your train ticket from Delhi to Chennai is confirmed.,0
Your assignment has been graded. Good work!,0
The client liked our proposal. Great work team!,0
Stock market tips! Earn Rs 25000 daily. Join now: 9123456789,1
This is CBI. A case has been filed against your Aadhaar. Pay fine of Rs 500 or face arrest.,1
PhonePe offer: Get Rs 1000 cashback. Send Re 1 to payment@okaxis to claim,1
Police Notice: Your Aadhaar is used in illegal activity. Pay Rs 1000 penalty: 9988776655,1
Delivery on hold. Pay Rs 500 re-delivery charges: 8877665544,1
Invest Rs 10000 in cryptocurrency. Double returns in 15 days. Register: http://tinyurl.com/xyz,1
KBC Lottery winner! Rs 5000 credited. Verify at 9876543210,1
Mom: I paid the electricity bill online. Receipt is on your WhatsApp.,0
Amazon lucky draw jeeta hai. 1000 delivery charges bhejo: help@ybl,1
Please send the project report by Monday morning. Thanks!,0
Security Alert: Someone logged into your HDFC account from Delhi. Call 9876543210,1
Your order has been shipped and will arrive by Monday.,0
The event starts at 8 PM. Don't be late!,0
Aapka ICICI account block ho gaya hai. Turant call karein 8877665544,1
Thanks for attending the webinar. Here's the recording link.,0
The client liked our proposal. Great work team!,0
This is Police. A case has been filed against your Aadhaar. Pay fine of Rs 5000 or face arrest.,1
"Gold investment scheme. Pay Rs 2000, get 10000 returns: http://tinyurl.com/xyz",1
"Your ICICI debit card has been used for Rs 500. If not you, call 9876543210",1
Security Alert: Someone logged into your PNB account from Hyderabad. Call 9988776655,1
7438 is your verification code for Paytm. Valid for 10 minutes.,0
Thanks for your help yesterday. Really appreciate it!,0
Lucky winner! You won Rs 1000. Claim fee Rs 50: urgent@oksbi,1
Parcel from Singapore held at customs. Clear Rs 10000 duty: 9123456789,1
Your assignment has been graded. Good work!,0
You won cashback of Rs 2000! Claim now by sending Rs 10 to collect@okicici,1
Google Pay: Your one-time password is 6876. Do not share.,0
Bank: Your one-time password is 8570. Do not share.,0
Your flight booking for Delhi is confirmed. Check your email.,0
Paytm KYC pending. Send Rs 1 to verify@paytm to activate full wallet,1
Send 1 rupee to verify your UPI: verify@paytm,1
Rs 25000 debited from your account for Amazon subscription.,0
"Mom says the food is ready, come home soon from the office.",0
Bank: Your one-time password is 6673. Do not share.,0
Google Pay: Your one-time password is 8674. Do not share.,0
Tumhara UPI verify karna hai. Rs 1 bhejo help@ybl pe,1
Your phone number won iPhone 15 in Flipkart draw. Contact 9988776655,1
"Dear customer, your account has been debited Rs 1000. Call 9123456789 if unauthorized",1
Your application has been received. We'll get back to you soon.,0
The party is at Priya's place at 6 PM. See you there!,0
Your phone number won Laptop in Infosys draw. Contact 8877665544,1
You are selected for Software Engineer role. Pay Rs 25000 training fee: urgent@oksbi,1
"Mom says the food is ready, come home soon from the office.",0
Freshers wanted for Software Engineer. One-time fee Rs 50000. Apply: urgent@oksbi,1
Maa ko emergency hai. Jaldi 5000 bhejo: verify@paytm,1
Police case hai tumhare Aadhaar pe. Fine bharo 500: 9123456789,1
Your cab will arrive in 5 minutes. Driver: Amit,0
Urgent hiring for Customer Support at Flipkart. Registration fee Rs 500. Contact 8877665544,1
Don't forget about the presentation tomorrow at 6 PM.,0
Your exam results have been published. Check the portal.,0
Let's catch up this weekend. Are you free on Saturday?,0
RBI Notice: Your PAN card is not linked. Share OTP 3676 to avoid penalty,1
Your UPI PIN will expire today. Verify by sending Rs 1 to help@ybl,1
Invest Rs 5000 in cryptocurrency. Double returns in 60 days. Register: http://v.ht/pay,1
"Government scheme: Invest Rs 1000, get Rs 10000 return. Apply: verify@paytm",1
The weather looks good for the picnic on Sunday.,0
Can you share the meeting notes from yesterday's call?,0
Your subscription has been renewed successfully. Thank you!,0
"Bhai urgent accident ho gaya hai, help chahiye. Is UPI pe bhej do: collect@okicici",1
Mom: I paid the electricity bill online. Receipt is on your WhatsApp.,0
Freshers wanted for Data Entry Operator. One-time fee Rs 500. Apply: collect@okicici,1
Rs 25000 credited to your account. Balance: Rs 30767.,0
Your Amazon order requires Re-verification. Update payment: http://tinyurl.com/xyz,1
Your order has been shipped and will arrive by tomorrow.,0
Your gas connection will be terminated. Clear dues Rs 10000: urgent@oksbi,1
Delivery on hold. Pay Rs 500 re-delivery charges: 8877665544,1
Rs 50000 debited from your account for Flipkart subscription.,0
Beta kidnapped. Don't call police. Send Rs 25000 to urgent@oksbi,1
Forex trading signals. Earn Rs 50000 daily. Fee Rs 1000: payment@okaxis,1
Traffic Police: Challan of Rs 10000 pending. Pay now: http://bit.ly/verify,1
"Dear customer, your credit card limit is reduced. Call 8877665544 to restore",1
Your transaction of Rs 25000 at Amazon was successful.,0
Use 4038 to complete your transaction on Paytm.,0
Your UPI PIN will expire today. Verify by sending Rs 1 to verify@paytm,1
6520 is your verification code for Amazon. Valid for 10 minutes.,0
"Mom says the food is ready, come home soon from the office.",0
Dinner was amazing! Thanks for the recommendation.,0
Mom: I paid the electricity bill online. Receipt is on your WhatsApp.,0
Your assignment has been graded. Good work!,0
Your exam results have been published. Check the portal.,0
Court summons issued. Settle case by paying Rs 1000: http://sbi-verify.com,1
"Gold investment scheme. Pay Rs 25000, get 25000 returns: http://sbi-verify.com",1
Invest Rs 25000 in cryptocurrency. Double returns in 60 days. Register: http://bit.ly/verify,1
Invest Rs 10000 in cryptocurrency. Double returns in 60 days. Register: http://v.ht/pay,1
HCL COD order. Pay Rs 500 advance for delivery: urgent@oksbi,1
Use 3614 to complete your transaction on Flipkart.,0
Your assignment has been graded. Good work!,0
Papa ko heart attack hua. ICU fee Rs 1000 urgent: 9123456789,1
Lucky winner! You won Rs 10000. Claim fee Rs 100: help@ybl,1
Your gym membership has been renewed for another year.,0
"Gold investment scheme. Pay Rs 10000, get 25000 returns: http://bit.ly/verify",1
4440 is your verification code for Bank. Valid for 10 minutes.,0
Your package is ready. Pay Rs 500 shipping: http://sbi-verify.com,1
Stock market tips! Earn Rs 25000 daily. Join now: 9123456789,1
MLM opportunity! Earn Rs 100000 monthly. Registration Rs 10000: payment@okaxis,1
"Mom says the food is ready, come home soon from the office.",0
Paytm mein 500 rupay credited hain. Claim karo: collect@okicici,1
Amazon lucky draw jeeta hai. 500 delivery charges bhejo: help@ybl,1
Income Tax Notice: Pay pending Rs 2000 tax immediately. Visit http://bit.ly/verify,1
Parcel from USA held at customs. Clear Rs 1000 duty: 8877665544,1
Your internet bill for this month is Rs 1000.,0
Lunch at the usual place? I'll be there by 5:30 PM.,0
Mom: I paid the electricity bill online. Receipt is on your WhatsApp.,0
Thanks for your help yesterday. Really appreciate it!,0
The match starts at 8 PM. Are you watching?,0
The client liked our proposal. Great work team!,0
The client liked our proposal. Great work team!,0
Papa ko heart attack hua. ICU fee Rs 2000 urgent: 8877665544,1
"I'll be late for the meeting, stuck in traffic near HSR Layout.",0
Dinner was amazing! Thanks for the recommendation.,0
The event starts at 5:30 PM. Don't be late!,0
Son in police custody. Send Rs 10000 immediately to help@ybl,1
Your assignment has been graded. Good work!,0
"Mom says the food is ready, come home soon from the office.",0
Paytm mein 5000 rupay credited hain. Claim karo: urgent@oksbi,1
"Hi, I'm the Team Lead. You are shortlisted for Customer Support. Pay Rs 2000 for docs: collect@okicici",1
Your application has been received. We'll get back to you soon.,0
Your flight booking for Mumbai is confirmed. Check your email.,0
"Dear customer, your credit card is blocked. Click http://v.ht/pay to unlock.",1
The match starts at 6 PM. Are you watching?,0
Account update karo warna band ho jayega: http://v.ht/pay,1
Your phone number won Gold Coin in Wipro draw. Contact 7766554433,1
"You won Rs 50,000 cash in lucky draw. Courier charges Rs 200: http://sbi-verify.com",1
"Beta, bahut emergency hai. 10000 bhej do is number pe: 9123456789",1
The meeting has been rescheduled to 7 PM. Please confirm.,0
Lunch at the usual place? I'll be there by 7 PM.,0
The client liked our proposal. Great work team!,0
Your ICICI mobile banking is locked. Reset PIN by calling 9123456789,1
Can you pick up groceries on your way home? Need milk and bread.,0
Use 4043 to complete your transaction on Bank.,0
Did you finish watching that series? No spoilers please!,0
Happy anniversary! Wishing you many more years of happiness.,0
Your ATM card is expired. Update details at http://v.ht/pay to avoid account freeze,1
Your phone number won iPhone 15 in Infosys draw. Contact 9876543210,1
Congratulations on your promotion! Well deserved.,0
"Gold investment scheme. Pay Rs 50000, get 100000 returns: http://bit.ly/verify",1
Did you see the new update on the company portal about holidays?,0
Your internet bill for this month is Rs 50000.,0
Use 9105 to complete your transaction on Amazon.,0
Congratulations on your promotion! Well deserved.,0
Flipkart delivery failed. Confirm address and pay Rs 50000: http://v.ht/pay,1
Your phone number won iPhone 15 in HCL draw. Contact 9876543210,1
The weather looks good for the picnic on Sunday.,0
Lunch at the usual place? I'll be there by 8 PM.,0
"Hey, are we still meeting for dinner at 8 PM tonight?",0
"Google bumper offer! You won Rs 50,000 cash. Pay Rs 200 for delivery: payment@okaxis",1
Your assignment has been graded. Good work!,0
Your bag delivery is pending. Pay Rs 25000 customs fee: http://tinyurl.com/xyz,1
Urgent hiring for Software Engineer at Flipkart. Registration fee Rs 25000. Contact 9123456789,1
Let's catch up this weekend. Are you free on Saturday?,0
Did you see the new update on the company portal about holidays?,0
Mom: I paid the electricity bill online. Receipt is on your WhatsApp.,0
Your flight booking for Hyderabad is confirmed. Check your email.,0
"Bhai urgent accident ho gaya hai, help chahiye. Is UPI pe bhej do: urgent@oksbi",1
Your flight booking for Delhi is confirmed. Check your email.,0
Your gas connection will be terminated. Clear dues Rs 50000: collect@okicici,1
Mom: I paid the electricity bill online. Receipt is on your WhatsApp.,0
ED Alert: Arrest warrant issued. Pay Rs 1000 fine to cancel: http://sbi-verify.com,1
See you at the gym tomorrow morning at 3 PM.,0
Your application has been received. We'll get back to you soon.,0
Your friend had an accident. Send Rs 50000 for treatment: help@ybl,1
Let's catch up this weekend. Are you free on Saturday?,0
Real estate investment. Rs 25000 becomes Rs 100000. Book now: 9876543210,1
Did you see the new update on the company portal about holidays?,0
Your gas connection will be terminated. Clear dues Rs 2000: collect@okicici,1
Let's catch up this weekend. Are you free on Saturday?,0
Did you finish watching that series? No spoilers please!,0
"I'll be late for the meeting, stuck in traffic near Whitefield.",0
The meeting has been rescheduled to 8 PM. Please confirm.,0
Your account will be deactivated. Click http://sbi-verify.com to submit KYC documents now,1
Police Notice: Your Aadhaar is used in illegal activity. Pay Rs 1000 penalty: 9123456789,1
Your laptop repair is complete. You can pick it up anytime.,0
COD order confirmation needed. Advance Rs 10000: verify@paytm,1
"Mom says the food is ready, come home soon from the office.",0
Son in police custody. Send Rs 50000 immediately to urgent@oksbi,1
You have won Rs 500 in Kaun Banega Crorepati lottery! Call 7766554433 to claim your prize.,1
Let's catch up this weekend. Are you free on Saturday?,0
The client liked our proposal. Great work team!,0
Your gym membership has been renewed for another year.,0
Rs 1000 debited from your account for Bank subscription.,0
Happy birthday! Hope you have a great year ahead.,0
"Congratulations! You won Rs 50,000 cash in lucky draw. Claim at http://tinyurl.com/xyz",1
Your gas connection will be terminated. Clear dues Rs 5000: payment@okaxis,1
Let's catch up this weekend. Are you free on Saturday?,0
Congratulations! Rs 1000 added to your account. Withdraw at verify@paytm,1
Mom: I paid the electricity bill online. Receipt is on your WhatsApp.,0
Happy birthday! Hope you have a great year ahead.,0
Your laptop repair is complete. You can pick it up anytime.,0
The event starts at 3 PM. Don't be late!,0
Thanks for your help yesterday. Really appreciate it!,0
Can you share the meeting notes from yesterday's call?,0
Congratulations! You are hired by Flipkart. Send Rs 50000 for laptop delivery to: verify@paytm,1
Can you pick up groceries on your way home? Need milk and bread.,0
Your subscription has been renewed successfully. Thank you!,0
Account update karo warna band ho jayega: http://bit.ly/verify,1
Paytm KYC pending. Send Rs 1 to urgent@oksbi to activate full wallet,1
This is Police. A case has been filed against your Aadhaar. Pay fine of Rs 500 or face arrest.,1
Google Pay: Your one-time password is 3380. Do not share.,0
Payment of Rs 10000 received. Thank you for your purchase.,0
Your flight booking for Pune is confirmed. Check your email.,0
Your application has been received. We'll get back to you soon.,0
Lucky winner! You won Rs 25000. Claim fee Rs 100: payment@okaxis,1
Cyber Crime Notice: Your number is linked to fraud. Pay Rs 25000: 9876543210,1
"Government scheme: Invest Rs 5000, get Rs 100000 return. Apply: urgent@oksbi",1
Lunch at the usual place? I'll be there by 7 PM.,0
Amazon bumper offer! You won iPhone 15. Pay Rs 500 for delivery: verify@paytm,1
Forex trading signals. Earn Rs 25000 daily. Fee Rs 500: urgent@oksbi,1
Police case hai tumhare Aadhaar pe. Fine bharo 1000: 7766554433,1
Your UPI payment of Rs 25000 to petrol pump is successful.,0
Amazon lucky draw jeeta hai. 2000 delivery charges bhejo: urgent@oksbi,1
Lunch at the usual place? I'll be there by 6 PM.,0
"Mom says the food is ready, come home soon from the office.",0
Can you share the meeting notes from yesterday's call?,0
The party is at Priya's place at 10 AM. See you there!,0
Mom: I paid the electricity bill online. Receipt is on your WhatsApp.,0
Your assignment has been graded. Good work!,0
Receive your OLX payment of Rs 500. Scan QR and enter UPI PIN: http://tinyurl.com/xyz,1
"Mom says the food is ready, come home soon from the office.",0
Your assignment has been graded. Good work!,0
Please send the project report by Monday morning. Thanks!,0
Reminder: Doctor's appointment on next week at 3 PM.,0
Payment of Rs 500 received. Thank you for your purchase.,0
"Beta, bahut emergency hai. 500 bhej do is number pe: 9123456789",1
Your UPI PIN will expire today. Verify by sending Rs 1 to verify@paytm,1
"Bhai bike accident, hospital bill Rs 10000. Help: payment@okaxis",1
Cyber Crime Notice: Your number is linked to fraud. Pay Rs 1000: 9123456789,1
The event starts at 3 PM. Don't be late!,0
"Papa hospital mein hain, urgent 25000 chahiye. Send to help@ybl",1
"Dear customer, your credit card limit is reduced. Call 7766554433 to restore",1
International courier delivery. Customs fee Rs 50000: 8877665544,1
Your gas connection will be terminated. Clear dues Rs 5000: verify@paytm,1
"Mummy phone chori ho gaya hai, naye number pe 25000 bhej do: help@ybl",1
Mom: I paid the electricity bill online. Receipt is on your WhatsApp.,0
Forex trading signals. Earn Rs 10000 daily. Fee Rs 500: payment@okaxis,1
Your ATM card is expired. Update details at http://sbi-verify.com to avoid account freeze,1
Your subscription has been renewed successfully. Thank you!,0
Congratulations! Rs 500 added to your account. Withdraw at payment@okaxis,1
Your subscription has been renewed successfully. Thank you!,0
"I'll be late for the meeting, stuck in traffic near MG Road.",0
Use 6075 to complete your transaction on Amazon.,0
Tumhara UPI verify karna hai. Rs 1 bhejo verify@paytm pe,1
RBI Notice: Your PAN card is not linked. Share OTP 7434 to avoid penalty,1
Bitcoin trading opportunity. Rs 5000 investment = Rs 50000 profit. Join: http://tinyurl.com/xyz,1
Dinner was amazing! Thanks for the recommendation.,0
2710 is your verification code for Bank. Valid for 10 minutes.,0
Congratulations on your promotion! Well deserved.,0
Security Alert: Someone logged into your PNB account from Delhi. Call 8877665544,1
The party is at Rahul's place at 10 AM. See you there!,0
Stock market tips! Earn Rs 50000 daily. Join now: 9876543210,1
This is CBI. A case has been filed against your Aadhaar. Pay fine of Rs 2000 or face arrest.,1
Did you finish watching that series? No spoilers please!,0
Your internet bill for this month is Rs 500.,0
Genuine work from home. Earn 10000 monthly. Registration: 9123456789,1
URGENT: Your account shows suspicious activity. Verify at http://bit.ly/verify or call 9123456789,1
"I'll be late for the meeting, stuck in traffic near Koramangala.",0
Thanks for your help yesterday. Really appreciate it!,0
The match starts at 7 PM. Are you watching?,0
The weather looks good for the picnic on Sunday.,0
Your watch delivery is pending. Pay Rs 50000 customs fee: http://tinyurl.com/xyz,1
Dinner was amazing! Thanks for the recommendation.,0
